Order_ID,Order_Date,Customer_ID,Customer_Name,Product,Category,Quantity,Unit_Price,Cost_Price,Discount,City,State,Region,Salesperson,Payment_Mode
ORD3526,2026-03-04,C0223,Sneha Mishra,Office Chair,Furniture,2.0,12000.0,8500,10,Gorakhpur,Uttar Pradesh,North,Sneha,UPI
ORD3923,2026-03-01,C0212,Karan Agarwal,Notebook,Stationery,1.0,120.0,65,10,Delhi,Delhi,North,Priya,Debit Card
ORD1890,2026-06-24,C0015,Rahul Yadav,Smartphone,Electronics,1.0,28000.0,22000,0,Delhi,Delhi,North,Neha,UPI
ORD1658,2026-08-02,C0467,Kavita Singh,Notebook,Stationery,5.0,120.0,65,10,Kolkata,West Bengal,East,Neha,Net Banking
ORD5317,2026-02-06,C0979,Ravi Sharma,Office Chair,Furniture,4.0,12000.0,8500,20,Jaipur,Rajasthan,north,Karan,Net Banking
ORD1839,2026-03-10,C0181,Anjali Mishra,Headphones,Electronics,2.0,3500.0,2200,5,Delhi,Delhi,North,Karan,Debit Card
ORD3345,2026-02-27,C0499,Kavita Yadav,Office Chair,Furniture,3.0,12000.0,8500,20,Bhubaneswar,Odisha,East,Neha,Credit Card
ORD3147,2026-01-06,C0009,Rohan Yadav,Monitor,Electronics,6.0,18000.0,14000,15,Kolkata,West Bengal,East,Neha,Net Banking
ORD1200,2026-08-01,C0080,Rohan Yadav,Office Chair,Furniture,1.0,12000.0,8500,0,Lucknow,Uttar Pradesh,North,Karan,Debit Card
ORD3847,2026-06-25,C0566,Aditya Sharma,Pen Set,Stationery,6.0,250.0,140,5,Chennai,Tamil Nadu,South,Ravi,Debit Card
ORD5392,2026-12-04,C0977,Shreya Agarwal,Desk,Furniture,1.0,9000.0,6200,5,Jaipur,Rajasthan,North,Priya,Debit Card
ORD5714,2026-08-15,C0697,Rahul Yadav,Desk,Furniture,7.0,9000.0,6200,5,Kolkata,West Bengal,East,Karan,UPI
ORD1085,2026-05-26,C0604,Rahul Kumar,Desk,Furniture,3.0,9000.0,6200,10,Kolkata,West Bengal,East,Ravi,Net Banking
ORD2118,2026-05-21,C0695,Manish Tiwari,Printer,Electronics,3.0,16000.0,12500,15,Mumbai,Maharashtra,West,Priya,Debit Card
ORD1394,2026-05-21,C0246,Rohan Tiwari,Desk,Furniture,7.0,9000.0,6200,20,Bengaluru,Karnataka,South,Sneha,UPI
ORD1034,2026-04-14,C0551,Priya Singh,Keyboard,Electronics,2.0,1800.0,1100,10,Pune,Maharashtra,West,Ravi,Cash
ORD2371,2026-04-21,C0666,Manish Saxena,Headphones,Electronics,5.0,3500.0,2200,20,Kolkata,West Bengal,East,Karan,UPI
ORD4640,2026-05-09,C0092,Anjali Saxena,Printer,Electronics,6.0,16000.0,12500,20,Pune,Maharashtra,West,Amit,UPI
ORD3797,2026-06-18,C0430,Rahul Patel,Headphones,Electronics,6.0,3500.0,2200,0,Kolkata,West Bengal,north,Neha,UPI
ORD5101,2026-05-07,C0917,Shreya Patel,Pen Set,Stationery,4.0,250.0,140,10,Mumbai,Maharashtra,West,Karan,Cash
ORD4041,2026-03-22,C0894,Shreya Tiwari,Headphones,Electronics,5.0,3500.0,2200,10,Kolkata,West Bengal,East,Ravi,Debit Card
ORD5368,2026-01-28,C0242,Amit Saxena,Notebook,Stationery,2.0,120.0,65,20,Bengaluru,Karnataka,South,Amit,Credit Card
ORD1374,2026-01-17,C0544,Meera Sharma,Smartphone,Electronics,6.0,28000.0,22000,0,Gorakhpur,Uttar Pradesh,North,Priya,Net Banking
ORD4567,2026-01-29,C0536,Rohan Saxena,Headphones,Electronics,6.0,3500.0,2200,0,Mumbai,Maharashtra,West,Neha,UPI
ORD3173,2026-06-04,C0851,,Notebook,Stationery,5.0,120.0,65,15,Jaipur,Rajasthan,North,Ravi,UPI
ORD2865,2026-06-10,C0806,Rahul Agarwal,Monitor,Electronics,2.0,18000.0,14000,10,Gorakhpur,Uttar Pradesh,North,Priya,Debit Card
ORD2182,2026-03-17,C0832,Kavita Tiwari,Smartphone,Electronics,6.0,28000.0,22000,15,Pune,Maharashtra,West,Karan,UPI
ORD4226,2026-04-01,C0009,Rohan Yadav,Laptop,Electronics,3.0,55000.0,45000,0,Chennai,Tamil Nadu,South,Neha,UPI
ORD2722,2026-05-03,C0154,Neha Patel,Printer,Electronics,1.0,16000.0,12500,10,Delhi,Delhi,North,Karan,UPI
ORD1487,2026-01-27,C0651,Aditya Agarwal,Keyboard,Electronics,1.0,1800.0,1100,5,Mumbai,Maharashtra, North ,Ravi,Net Banking
ORD4291,2026-01-26,C0125,Rahul Gupta,Notebook,Stationery,7.0,120.0,65,0,Delhi,Delhi,North,Neha,Debit Card
ORD1066,2026-06-13,C0054,Sneha Agarwal,Monitor,Electronics,3.0,18000.0,14000,15,Bhubaneswar,Odisha,East,Ravi,UPI
ORD2210,2026-08-06,C0500,Sneha Agarwal,Keyboard,Electronics,5.0,1800.0,1100,5,Bengaluru,Karnataka,NORTH,Karan,UPI
ORD1169,2026-02-23,C0639,Rahul Joshi,Smartphone,Electronics,4.0,28000.0,22000,10,Lucknow,Uttar Pradesh,North,Sneha,Credit Card
ORD5534,2026-01-01,C0280,Simran Yadav,Keyboard,Electronics,7.0,1800.0,1100,0,Chennai,Tamil Nadu,South,Priya,UPI
ORD5110,2026-03-08,C0624,Rohan Tiwari,Smartphone,Electronics,2.0,28000.0,22000,20,Chennai,Tamil Nadu,South,Priya,Net Banking
ORD3826,2026-06-13,C0332,Nisha Kumar,Laptop,Electronics,5.0,55000.0,45000,15,Gorakhpur,Uttar Pradesh,North,Priya,UPI
ORD1747,2026-03-24,C0198,Amit Joshi,Printer,Electronics,6.0,16000.0,12500,10,Kolkata,West Bengal,East,Karan,Net Banking
ORD4155,2026-05-16,C0007,Karan Yadav,Desk,Furniture,2.0,9000.0,6200,5,Chennai,Tamil Nadu,South,Priya,Cash
ORD1978,2026-03-16,C0213,Rahul Sharma,Notebook,Stationery,5.0,120.0,65,0,Lucknow,Uttar Pradesh,North,Amit,Net Banking
ORD1297,2026-07-02,C0541,Meera Tiwari,Monitor,Electronics,2.0,18000.0,14000,5,Ahmedabad,Gujarat,West,Sneha,Cash
ORD4904,2026-04-12,C0127,Kavita Yadav,Pen Set,Stationery,2.0,250.0,140,0,Pune,Maharashtra,West,Amit,UPI
ORD1732,2026-05-23,C0616,Rahul Joshi,Desk,Furniture,3.0,9000.0,6200,10,Gorakhpur,Uttar Pradesh,North,Neha,Net Banking
ORD5311,2026-01-06,C0981,Vikas Yadav,Monitor,Electronics,4.0,18000.0,14000,0,Pune,Maharashtra,West,Karan,Net Banking
ORD5884,2026-04-29,C0522,Nisha Saxena,Smartphone,Electronics,7.0,28000.0,22000,10,Lucknow,Uttar Pradesh,North,Priya,Credit Card
ORD2700,2026-02-28,C0840,Shreya Chauhan,Printer,Electronics,6.0,16000.0,12500,20,Hyderabad,Telangana,South,Priya,Debit Card
ORD2873,2026-04-05,C0871,Aditya Yadav,Headphones,Electronics,1.0,3500.0,2200,0,Lucknow,Uttar Pradesh,North,Neha,UPI
ORD2102,2026-02-28,C0320,Neha Saxena,Headphones,Electronics,7.0,3500.0,2200,0,Bhubaneswar,Odisha,East,Amit,Net Banking
ORD5747,2026-07-24,C0566,Aditya Sharma,Monitor,Electronics,3.0,18000.0,14000,15,Lucknow,Uttar Pradesh,North,Neha,Net Banking
ORD1080,2026-07-27,C0336,Varun Mishra,Pen Set,Stationery,4.0,250.0,140,20,Kolkata,West Bengal,East,Priya,UPI
ORD2039,2026-06-26,C0613,Vikas Gupta,Printer,Electronics,7.0,16000.0,12500,0,Bengaluru,Karnataka,South,Amit,Net Banking
ORD3827,2026-04-30,C0656,Rohan Singh,Notebook,Stationery,6.0,120.0,65,10,Kolkata,West Bengal,East,Ravi,Cash
ORD4657,2026-03-13,C0891,Shreya Kumar,Headphones,Electronics,7.0,3500.0,2200,20,Jaipur,Rajasthan,North,Neha,Cash
ORD4261,2026-03-17,C0843,Manish Joshi,Notebook,Stationery,3.0,120.0,65,15,Lucknow,Uttar Pradesh,North,Neha,UPI
ORD2198,2026-07-21,C0877,Sneha Patel,Laptop,Electronics,3.0,55000.0,45000,5,Mumbai,Maharashtra,West,Priya,Cash
ORD2201,2026-07-22,C0321,Manish Tiwari,Printer,Electronics,2.0,16000.0,12500,20,Jaipur,Rajasthan,North,Priya,UPI
ORD1107,2026-06-23,C0232,Neha Patel,Keyboard,Electronics,7.0,1800.0,1100,5,Pune,Maharashtra,West,Amit,Credit Card
ORD4739,2026-01-10,C0530,Aditya Agarwal,Pen Set,Stationery,2.0,250.0,140,10,Pune,Maharashtra,West,Karan,UPI
ORD2833,2026-04-12,C0087,Pooja Saxena,Office Chair,Furniture,2.0,12000.0,8500,15,Hyderabad,Telangana,South,Sneha,Cash
ORD2095,2026-02-21,C0852,Varun Gupta,Notebook,Stationery,4.0,120.0,65,15,Hyderabad,Telangana,South,Amit,UPI
ORD5477,2026-02-02,C0263,Rahul Gupta,Printer,Electronics,5.0,16000.0,12500,10,Bengaluru,Karnataka,South,Sneha,Net Banking
ORD4236,2026-07-30,C0321,Manish Tiwari,Printer,Electronics,7.0,16000.0,12500,0,Delhi,Delhi,North,Ravi,Credit Card
ORD2273,2026-03-04,C0339,Shreya Chauhan,Headphones,Electronics,4.0,3500.0,2200,10,Mumbai,Maharashtra,West,Amit,Cash
ORD2021,2026-04-17,C0828,Anjali Verma,Monitor,Electronics,2.0,18000.0,14000,15,Chennai,Tamil Nadu,South,Ravi,Cash
ORD2331,2026-03-22,C0083,Priya Saxena,Desk,Furniture,4.0,9000.0,6200,20,Hyderabad,Telangana,South,Neha,Net Banking
ORD3485,2026-03-16,C0974,Amit Gupta,Office Chair,Furniture,7.0,12000.0,8500,20,Lucknow,Uttar Pradesh,North,Karan,Net Banking
ORD5656,2026-03-29,C0260,Sneha Verma,Desk,Furniture,1.0,9000.0,6200,0,Bhubaneswar,Odisha,East,Amit,Debit Card
ORD1752,2026-05-08,C0113,Amit Verma,Printer,Electronics,5.0,16000.0,12500,10,Hyderabad,Telangana,South,Priya,UPI
ORD4659,2026-03-29,C0114,Ravi Verma,Pen Set,Stationery,6.0,250.0,140,10,Hyderabad,Telangana,South,Amit,Credit Card
ORD3342,2026-06-30,C0374,Varun Gupta,Keyboard,Electronics,3.0,1800.0,1100,20,Chennai,Tamil Nadu,South,Karan,Net Banking
ORD5636,2026-12-02,C0056,Rohan Agarwal,Desk,Furniture,7.0,9000.0,6200,0,Chennai,Tamil Nadu,South,Ravi,Net Banking
ORD2336,2026-05-29,C0056,Rohan Agarwal,Headphones,Electronics,4.0,3500.0,2200,5,Kolkata,West Bengal,East,Sneha,Credit Card
ORD2422,2026-02-05,C0170,Rohan Yadav,Keyboard,Electronics,7.0,1800.0,1100,10,Jaipur,Rajasthan,North,Ravi,Net Banking
ORD2428,2026-01-10,C0824,Pooja Agarwal,Office Chair,Furniture,7.0,12000.0,8500,15,Pune,Maharashtra,West,Ravi,Credit Card
ORD4318,2026-07-12,C0769,Kavita Chauhan,Office Chair,Furniture,6.0,12000.0,8500,10,Bhubaneswar,Odisha,East,Karan,UPI
ORD2042,2026-08-23,C0212,Karan Agarwal,Desk,Furniture,7.0,9000.0,6200,5,Bhubaneswar,Odisha,East,Priya,Net Banking
ORD2504,2026-01-06,C0212,Karan Agarwal,Notebook,Stationery,3.0,120.0,65,20,Bengaluru,Karnataka,South,Amit,Credit Card
ORD1857,2026-06-04,C0128,Aditya Verma,Notebook,Stationery,7.0,120.0,65,5,,Uttar Pradesh,North,Amit,Credit Card
ORD4923,2026-01-27,C0928,Meera Tiwari,Monitor,Electronics,6.0,18000.0,14000,0,Bengaluru,Karnataka,South,Karan,Net Banking
ORD1486,2026-06-30,C0740,Shreya Singh,Printer,Electronics,3.0,16000.0,12500,15,Bhubaneswar,Odisha,East,Priya,UPI
ORD4939,2026-05-07,C0938,Ravi Chauhan,Headphones,Electronics,7.0,3500.0,2200,0,Bengaluru,Karnataka,South,Neha,Credit Card
ORD2175,2026-03-08,C0630,Aditya Agarwal,Keyboard,Electronics,4.0,1800.0,1100,15,Hyderabad,Telangana,South,Priya,UPI
ORD2363,2026-04-13,C0236,Simran Gupta,Pen Set,Stationery,4.0,250.0,140,5,Lucknow,Uttar Pradesh,North,Amit,Cash
ORD5685,2026-05-06,C0498,Karan Mehta,Printer,Electronics,5.0,16000.0,12500,5,Gorakhpur,Uttar Pradesh,North,Karan,Cash
ORD4887,2026-01-16,C0026,Kavita Verma,Laptop,Electronics,5.0,55000.0,45000,5,Bengaluru,Karnataka,South,Priya,Debit Card
ORD3576,2026-01-11,C0716,Ravi Singh,Keyboard,Electronics,5.0,1800.0,1100,5,Lucknow,Uttar Pradesh,North,Ravi,Net Banking
ORD5273,2026-07-21,C0270,Pooja Verma,Smartphone,Electronics,3.0,28000.0,22000,10,Ahmedabad,Gujarat,West,Amit,Credit Card
ORD1030,2026-06-22,C0114,Ravi Verma,Monitor,Electronics,6.0,18000.0,14000,5,Hyderabad,Telangana,South,Priya,Debit Card
ORD3699,2026-03-15,C0996,Simran Chauhan,Office Chair,Furniture,3.0,12000.0,8500,20,Lucknow,Uttar Pradesh,North,Amit,Cash
ORD5233,2026-05-22,C0178,Aditya Verma,Headphones,Electronics,2.0,3500.0,2200,20,Bengaluru,Karnataka,South,Neha,Credit Card
ORD5006,2026-08-23,C0666,Manish Saxena,Smartphone,Electronics,3.0,28000.0,22000,10,Bhubaneswar,Odisha,East,Neha,Cash
ORD2306,2026-01-22,C0005,Priya Mishra,Office Chair,Furniture,3.0,12000.0,8500,20,Bengaluru,Karnataka,South,Karan,UPI
ORD1531,2026-05-26,C0612,Simran Chauhan,Pen Set,Stationery,5.0,250.0,140,20,Gorakhpur,Uttar Pradesh,North,Priya,Debit Card
ORD2685,2026-04-25,C0844,Rohan Kumar,Office Chair,Furniture,6.0,12000.0,8500,0,Kolkata,West Bengal,East,Karan,Debit Card
ORD1241,2026-03-19,C0801,Priya Tiwari,Desk,Furniture,5.0,9000.0,6200,0,Chennai,Tamil Nadu,South,Sneha,UPI
ORD5285,2026-02-17,C0410,Sneha Joshi,Office Chair,Furniture,3.0,12000.0,8500,15,Delhi,Delhi,North,Amit,Cash
ORD3673,2026-03-26,C0664,Priya Sharma,Printer,Electronics,7.0,16000.0,12500,15,Ahmedabad,Gujarat,West,Sneha,UPI
ORD3089,2026-01-15,C0169,Kavita Agarwal,Laptop,Electronics,2.0,55000.0,45000,10,Mumbai,Maharashtra,West,Sneha,UPI
ORD1158,2026-08-22,C0753,Neha Sharma,Pen Set,Stationery,4.0,250.0,140,10,Pune,Maharashtra,West,Neha,Credit Card
ORD1692,2026-06-13,C0306,Amit Yadav,Laptop,Electronics,1.0,55000.0,45000,0,Jaipur,Rajasthan,North,Sneha,UPI
ORD1298,2026-03-10,C0385,Meera Joshi,Desk,Furniture,,9000.0,6200,20,Bengaluru,Karnataka,South,Sneha,Net Banking
ORD3441,2026-01-28,C0306,Amit Yadav,Headphones,Electronics,4.0,3500.0,2200,10,Lucknow,Uttar Pradesh,North,Priya,Net Banking
ORD3991,2026-01-06,C0148,Pooja Singh,Keyboard,Electronics,3.0,1800.0,1100,15,Mumbai,Maharashtra,West,Karan,Debit Card
ORD4480,2026-05-19,C0881,Priya Chauhan,Headphones,Electronics,2.0,3500.0,2200,5,Pune,Maharashtra,West,Amit,Debit Card
ORD2953,2026-03-11,C0553,Simran Verma,Printer,Electronics,5.0,16000.0,12500,20,Bhubaneswar,Odisha,East,Sneha,Cash
ORD4188,2026-05-26,C0358,Arjun Singh,Notebook,Stationery,7.0,120.0,65,10,Ahmedabad,Gujarat,West,Amit,Credit Card
ORD5893,2026-08-23,C0305,Vikas Singh,Headphones,Electronics,5.0,3500.0,2200,5,Bengaluru,Karnataka,South,Karan,UPI
ORD1024,2026-06-04,C0420,Rohan Yadav,Pen Set,Stationery,1.0,250.0,140,20,Bengaluru,Karnataka,South,Amit,UPI
ORD5916,2026-07-18,C0306,Amit Yadav,Desk,Furniture,2.0,9000.0,6200,10,Pune,Maharashtra,West,Amit,UPI
ORD4351,2026-03-15,C0612,Simran Chauhan,Keyboard,Electronics,7.0,1800.0,1100,20,Gorakhpur,Uttar Pradesh,North,Ravi,Debit Card
ORD4759,2026-04-14,C0009,Rohan Yadav,Pen Set,Stationery,1.0,250.0,140,15,Gorakhpur,Uttar Pradesh,North,Neha,
ORD3510,2026-05-19,C0405,Sneha Mehta,Notebook,Stationery,5.0,120.0,65,10,Kolkata,West Bengal,East,Amit,Credit Card
ORD5280,2026-01-14,C0863,Manish Joshi,Notebook,Stationery,7.0,120.0,65,15,Chennai,Tamil Nadu,South,Neha,Cash
ORD4663,2026-08-25,C0110,Arjun Yadav,Keyboard,Electronics,3.0,1800.0,1100,15,Delhi,Delhi,North,Sneha,UPI
ORD3035,2026-02-06,C0072,Aditya Sharma,Smartphone,Electronics,3.0,28000.0,22000,10,Bengaluru,Karnataka,South,Ravi,Debit Card
ORD5205,2026-01-21,C0695,Priya Kumar,Office Chair,Furniture,5.0,12000.0,8500,20,Pune,Maharashtra,West,Priya,Cash
ORD2096,2026-04-04,C0089,Rohan Agarwal,Monitor,Electronics,3.0,18000.0,14000,20,Delhi,Delhi,North,Karan,Debit Card
ORD3868,2026-06-23,C0128,Aditya Verma,Headphones,Electronics,1.0,3500.0,2200,20,Jaipur,Rajasthan,North,Amit,Debit Card
ORD1299,2026-08-28,C0616,Rahul Joshi,Printer,Electronics,1.0,16000.0,12500,15,Bengaluru,Karnataka,South,Amit,Credit Card
ORD1240,2026-04-12,C0414,Nisha Saxena,Pen Set,Stationery,6.0,250.0,140,0,Delhi,Delhi,North,Neha,Cash
ORD4018,2026-03-16,C0522,Nisha Saxena,Printer,Electronics,1.0,16000.0,12500,10,Mumbai,Maharashtra,West,Sneha,Debit Card
ORD4983,2026-04-22,C0818,Manish Yadav,Headphones,Electronics,6.0,3500.0,2200,5,Hyderabad,Telangana,South,Sneha,Cash
ORD5160,2026-03-18,C0695,Manish Tiwari,Laptop,Electronics,6.0,55000.0,45000,15,Mumbai,Maharashtra,West,Sneha,Debit Card
ORD1180,2026-07-11,C0098,Manish Gupta,Monitor,Electronics,6.0,18000.0,14000,10,Mumbai,Maharashtra,West,Priya,Debit Card
ORD4998,2026-03-11,C0252,Arjun Joshi,Pen Set,Stationery,7.0,250.0,140,10,Chennai,Tamil Nadu,South,Amit,Net Banking
ORD3405,2026-05-12,C0278,Nisha Sharma,Keyboard,Electronics,4.0,1800.0,1100,5,Bhubaneswar,Odisha,East,Priya,Cash
ORD3861,2026-02-01,C0040,Karan Yadav,Smartphone,Electronics,2.0,28000.0,22000,5,Kolkata,West Bengal,East,Sneha,Net Banking
ORD2719,2026-04-03,C0881,Priya Chauhan,Headphones,Electronics,2.0,3500.0,2200,0,Bhubaneswar,Odisha,East,Priya,UPI
ORD5281,2026-05-30,C0013,Amit Mehta,Laptop,Electronics,3.0,55000.0,45000,10,Delhi,Delhi,North,Neha,Credit Card
ORD2771,2026-06-12,C0355,Nisha Chauhan,Monitor,Electronics,1.0,18000.0,14000,15,Bengaluru,Karnataka,South,Ravi,UPI
ORD3105,2026-07-02,C0247,Rahul Kumar,Office Chair,Furniture,4.0,12000.0,8500,5,Hyderabad,Telangana,South,Ravi,Debit Card
ORD5663,2026-07-02,C0782,Amit Tiwari,Monitor,Electronics,7.0,18000.0,14000,5,Gorakhpur,Uttar Pradesh,North,Karan,Cash
ORD5925,2026-06-13,C0349,Rohan Kumar,Headphones,Electronics,4.0,3500.0,2200,5,Bhubaneswar,Odisha,East,Sneha,
ORD1712,2026-06-28,C0918,Pooja Tiwari,Pen Set,Stationery,1.0,250.0,140,20,Mumbai,Maharashtra,West,Priya,Debit Card
ORD3134,2026-01-15,C0096,Rahul Yadav,Smartphone,Electronics,3.0,28000.0,22000,10,Jaipur,Rajasthan,North,Sneha,UPI
ORD3958,2026-06-18,C0225,Nisha Mishra,Notebook,Stationery,5.0,120.0,65,15,Chennai,Tamil Nadu,South,Karan,Cash
ORD1334,2026-03-22,C0075,Shreya Yadav,Keyboard,Electronics,5.0,1800.0,1100,0,Delhi,Delhi,North,Priya,Credit Card
ORD1897,2026-08-14,C0983,Vikas Mehta,Office Chair,Furniture,1.0,12000.0,8500,15,Ahmedabad,Gujarat,West,Amit,Debit Card
ORD5154,2026-08-26,C0385,Meera Joshi,Keyboard,Electronics,7.0,1800.0,1100,0,Mumbai,Maharashtra,West,Neha,Net Banking
ORD5284,2026-05-14,C0843,Manish Joshi,Monitor,Electronics,3.0,18000.0,14000,10,Bengaluru,Karnataka,South,Priya,UPI
ORD4816,2026-08-06,C0164,Anjali Singh,Headphones,Electronics,4.0,3500.0,2200,20,Bhubaneswar,Odisha,East,Amit,Debit Card
ORD3396,2026-08-13,C0016,Manish Singh,Printer,Electronics,7.0,16000.0,12500,15,Mumbai,Maharashtra,West,Priya,Debit Card
ORD4993,2026-03-05,C0999,Shreya Yadav,Keyboard,Electronics,6.0,1800.0,1100,5,Chennai,Tamil Nadu,South,Priya,UPI
ORD4596,2026-06-14,C0742,Aditya Chauhan,Notebook,Stationery,5.0,120.0,65,10,Bhubaneswar,Odisha,East,Sneha,UPI
ORD4039,2026-01-06,C0506,Sneha Tiwari,Headphones,Electronics,3.0,3500.0,2200,10,Jaipur,Rajasthan,North,Karan,Credit Card
ORD5327,2026-08-20,C0460,Arjun Saxena,Headphones,Electronics,6.0,3500.0,2200,15,Pune,Maharashtra,West,Neha,Debit Card
ORD1706,2026-06-30,C0392,Manish Yadav,Laptop ,Stationery,6.0,120.0,65,15,Lucknow,Uttar Pradesh,North,Neha,Debit Card
ORD2375,2026-03-28,C0722,Arjun Verma,Monitor,Electronics,2.0,18000.0,14000,5,Bhubaneswar,Odisha,East,Sneha,Credit Card
ORD3310,2026-01-15,C0794,Ravi Mishra,Desk,Furniture,7.0,9000.0,6200,5,Bengaluru,Karnataka,South,Priya,Credit Card
ORD4964,2026-08-26,C0011,Sneha Kumar,Pen Set,Stationery,7.0,250.0,140,0,Bengaluru,Karnataka,South,Karan,Net Banking
ORD5419,2026-05-16,C0534,Simran Chauhan,Notebook,Stationery,5.0,120.0,65,20,Chennai,Tamil Nadu,South,Amit,Credit Card
ORD3882,2026-07-17,C0287,Karan Patel,Notebook,Stationery,5.0,120.0,65,5,Jaipur,Rajasthan,North,Priya,Debit Card
ORD2534,2026-02-16,C0389,Shreya Patel,Desk,Furniture,3.0,9000.0,6200,0,Ahmedabad,Gujarat,West,Neha,UPI
ORD4246,2026-05-03,C0447,Shreya Chauhan,Smartphone,Electronics,5.0,28000.0,22000,5,Jaipur,Rajasthan,North,Sneha,Net Banking
ORD3650,2026-07-31,C0174,Ravi Mehta,Keyboard,Electronics,5.0,1800.0,1100,20,Delhi,Delhi,North,Priya,Debit Card
ORD4066,2026-07-28,C0522,Nisha Saxena,Keyboard,Electronics,4.0,1800.0,1100,10,Ahmedabad,Gujarat,West,Amit,Net Banking
ORD1830,2026-03-14,C0620,Anjali Verma,Office Chair,Furniture,7.0,12000.0,8500,5,Bhubaneswar,Odisha,East,Neha,Cash
ORD4575,2026-04-26,C0715,Manish Patel,Notebook,Stationery,2.0,120.0,65,0,Mumbai,Maharashtra,West,Priya,Net Banking
ORD2452,2026-08-01,C0812,Pooja Tiwari,Notebook,Stationery,4.0,120.0,65,15,Bhubaneswar,Odisha,East,Priya,Debit Card
ORD4804,2026-02-27,C0286,Anjali Mehta,Smartphone,Electronics,4.0,28000.0,22000,15,Mumbai,Maharashtra,West,Ravi,Net Banking
ORD3237,2026-08-04,C0639,Rahul Joshi,Keyboard,Electronics,2.0,1800.0,1100,10,Hyderabad,Telangana,South,Ravi,UPI
ORD5898,2026-08-12,C0139,Manish Yadav,Office Chair,Furniture,6.0,12000.0,8500,10,Bhubaneswar,Odisha,East,Sneha,Credit Card
ORD1280,2026-02-23,C0121,Rohan Saxena,Smartphone,Electronics,2.0,28000.0,22000,10,Kolkata,West Bengal,East,Ravi,Cash
ORD4500,2026-02-15,C0483,Nisha Patel,Desk,Furniture,,9000.0,6200,10,Hyderabad,Telangana,South,Ravi,Net Banking
ORD2618,2026-02-21,C0165,Rahul Mishra,Printer,Electronics,7.0,16000.0,12500,0,Bhubaneswar,Odisha,East,Priya,Debit Card
ORD2860,2026-07-26,C0011,Sneha Kumar,Headphones,Electronics,2.0,3500.0,2200,20,Chennai,Tamil Nadu,South,Neha,Cash
ORD5891,2026-04-28,C0728,Nisha Kumar,Headphones,Electronics,7.0,3500.0,2200,20,Delhi,Delhi,North,Sneha,UPI
ORD3255,2026-06-05,C0936,Priya Verma,Office Chair,Furniture,1.0,12000.0,8500,0,Ahmedabad,Gujarat,West,Ravi,Credit Card
ORD1894,2026-05-23,C0062,Simran Joshi,Laptop,Electronics,1.0,55000.0,45000,15,Lucknow,Uttar Pradesh,North,Ravi,UPI
ORD3639,2026-01-06,C0431,Rohan Gupta,Office Chair,Furniture,7.0,12000.0,8500,20,Ahmedabad,Gujarat,West,Sneha,Debit Card
ORD1656,2026-04-12,C0531,Amit Yadav,Keyboard,Electronics,3.0,1800.0,1100,15,Ahmedabad,Gujarat,West,Sneha,Credit Card
ORD5688,2026-07-17,C0800,Amit Saxena,Office Chair,Furniture,2.0,12000.0,8500,10,Pune,Maharashtra,West,Ravi,UPI
ORD5615,2026-07-21,C0903,Kavita Singh,Monitor,Electronics,2.0,18000.0,14000,5,Delhi,Delhi,North,Amit,UPI
ORD1229,2026-03-29,C0703,Arjun Tiwari,Laptop,Electronics,2.0,55000.0,45000,20,Gorakhpur,Uttar Pradesh,North,Amit,Net Banking
ORD5619,2026-05-26,C0699,Varun Sharma,Printer,Electronics,5.0,16000.0,12500,5,Pune,Maharashtra,West,Amit,UPI
ORD2130,2026-08-18,C0439,Nisha Chauhan,Smartphone,electronics,1.0,28000.0,22000,15,Gorakhpur,Uttar Pradesh,North,Priya,UPI
ORD3074,2026-02-09,C0526,Pooja Kumar,Smartphone,Electronics,2.0,28000.0,22000,15,Lucknow,Uttar Pradesh,North,Sneha,Net Banking
ORD5348,2026-08-17,C0756,Priya Mishra,Laptop,Electronics,3.0,55000.0,45000,5,Chennai,Tamil Nadu,South,Amit,UPI
ORD1492,2026-05-14,C0949,Varun Tiwari,Desk,Furniture,7.0,9000.0,6200,20,Mumbai,Maharashtra,West,Karan,Debit Card
ORD2733,2026-01-02,C0477,Amit Chauhan,Headphones,Electronics,2.0,3500.0,2200,0,Delhi,Delhi,North,Amit,Cash
ORD2216,2026-03-11,C0332,Nisha Kumar,Notebook,Stationery,3.0,120.0,65,5,Kolkata,West Bengal,East,Amit,Cash
ORD3835,2026-07-19,C0038,Amit Patel,Smartphone,Electronics,5.0,28000.0,22000,0,Bengaluru,Karnataka,South,Amit,Net Banking
ORD2269,2026-03-04,C0380,Ravi Tiwari,Desk,Furniture,1.0,,6200,20,Jaipur,Rajasthan,North,Ravi,UPI
ORD5792,2026-02-12,C0141,Anjali Mishra,Desk,Furniture,7.0,9000.0,6200,10,Bhubaneswar,Odisha,East,Ravi,UPI
ORD2535,2026-02-08,C0859,Aditya Yadav,Notebook,Stationery,5.0,120.0,65,15,Bengaluru,Karnataka,South,Neha,Net Banking
ORD5689,2026-06-05,C0673,Rohan Verma,Printer,Electronics,2.0,16000.0,12500,10,Hyderabad,Telangana,South,Sneha,UPI
ORD5985,2026-03-18,C0984,Anjali Agarwal,Office Chair,Furniture,3.0,12000.0,8500,0,Hyderabad,Telangana,South,Neha,Credit Card
ORD5306,2026-02-28,C0213,Rahul Sharma,Printer,Electronics,3.0,16000.0,12500,5,Lucknow,Uttar Pradesh,North,Amit,UPI
ORD1654,2026-05-22,C0041,Shreya Mishra,Keyboard,Electronics,2.0,1800.0,1100,0,Bhubaneswar,Odisha,East,Sneha,Debit Card
ORD1995,2026-04-12,C0317,Sneha Sharma,Laptop,Electronics,5.0,55000.0,45000,15,Jaipur,Rajasthan,North,Karan,Credit Card
ORD2019,2026-06-21,C0426,Shreya Verma,Monitor,Electronics,6.0,18000.0,14000,15,Chennai,Tamil Nadu,South,Karan,Credit Card
ORD5591,2026-05-23,C0123,Kavita Patel,Printer,Electronics,7.0,16000.0,12500,5,Pune,Maharashtra,West,Ravi,Debit Card
ORD1556,2026-08-15,C0052,Priya Joshi,Laptop,ELECTRONICS,1.0,55000.0,45000,20,Mumbai,Maharashtra,West,Amit,UPI
ORD1009,2026-04-07,C0890,Anjali Sharma,Pen Set,Stationery,1.0,250.0,140,20,Mumbai,Maharashtra,West,Priya,UPI
ORD2091,2026-06-19,C0345,Pooja Verma,Smartphone,Electronics,2.0,28000.0,22000,20,Ahmedabad,Gujarat,West,Sneha,Net Banking
ORD4476,2026-04-15,C0433,Ravi Joshi,Smartphone,Electronics,5.0,28000.0,22000,10,Delhi,Delhi,North,Ravi,UPI
ORD4322,2026-08-16,C0342,Shreya Saxena,Keyboard,Electronics,5.0,1800.0,1100,15,Bhubaneswar,Odisha,East,Neha,Debit Card
ORD5227,2026-01-15,C0631,Nisha Joshi,Smartphone,Electronics,3.0,28000.0,22000,10,Jaipur,Rajasthan,North,Neha,Debit Card
ORD4044,2026-01-01,C0129,Ravi Kumar,Office Chair,Furniture,5.0,12000.0,8500,0,Pune,Maharashtra,West,Sneha,UPI
ORD2372,2026-03-12,C0616,Rahul Joshi,Desk,Furniture,6.0,9000.0,6200,10,Chennai,Tamil Nadu,South,Neha,UPI
ORD1145,2026-01-29,C0826,Kavita Joshi,Notebook,Stationery,1.0,120.0,65,0,Hyderabad,Telangana,South,Sneha,UPI
ORD1677,2026-03-20,C0284,Pooja Singh,Notebook,Stationery,1.0,120.0,65,5,Kolkata,West Bengal,north,Karan,UPI
ORD4935,2026-01-20,C0549,Karan Mehta,Printer,Electronics,6.0,16000.0,12500,0,Mumbai,Maharashtra,West,Karan,Cash
ORD3752,2026-05-12,C0794,Ravi Mishra,Keyboard,Electronics,5.0,1800.0,1100,10,Delhi,Delhi,North,Sneha,Debit Card
ORD1932,2026-04-15,C0936,Priya Verma,Printer,Electronics,3.0,16000.0,12500,20,Mumbai,Maharashtra,West,Ravi,Cash
ORD4817,2026-01-15,C0637,Simran Patel,Desk,Furniture,4.0,9000.0,6200,20,Delhi,Delhi,North,Neha,Cash
ORD2607,2026-08-08,C0860,Nisha Saxena,Notebook,Stationery,5.0,120.0,65,10,Jaipur,Rajasthan,North,Amit,Credit Card
ORD1152,2026-04-12,C0963,Simran Mehta,Pen Set,Stationery,6.0,250.0,140,10,Gorakhpur,Uttar Pradesh,North,Sneha,Debit Card
ORD4590,2026-03-18,C0797,Meera Verma,Headphones,Electronics,1.0,3500.0,2200,5,Mumbai,Maharashtra,West,Ravi,UPI
ORD4899,2026-08-23,C0844,Rohan Kumar,Desk,Furniture,7.0,9000.0,6200,5,Hyderabad,Telangana,South,Karan,Debit Card
ORD3414,2026-07-10,C0825,Shreya Yadav,Printer,Electronics,3.0,16000.0,12500,5,Ahmedabad,Gujarat,north,Amit,Debit Card
ORD1228,2026-06-24,C0812,Pooja Tiwari,Office Chair,Furniture,1.0,12000.0,8500,5,Kolkata,West Bengal,East,Karan,Cash
ORD2540,2026-06-29,C0457,Simran Agarwal,Notebook,Stationery,4.0,120.0,65,5,Kolkata,West Bengal,East,Priya,UPI
ORD4777,2026-06-23,C0828,Anjali Verma,Desk,Furniture,2.0,9000.0,6200,5,Bhubaneswar,Odisha,East,Priya,Debit Card
ORD5265,2026-07-31,C0096,Rahul Yadav,Smartphone,Electronics,1.0,28000.0,22000,10,Chennai,Tamil Nadu,South,Priya,Credit Card
ORD3313,2026-06-28,C0423,Anjali Joshi,Laptop,Electronics,3.0,55000.0,45000,10,Ahmedabad,Gujarat,West,Sneha,Net Banking
ORD2617,2026-01-18,C0772,Neha Mishra,Printer,Electronics,7.0,16000.0,12500,5,Kolkata,West Bengal,East,Karan,Net Banking
ORD3104,2026-08-17,C0168,Shreya Sharma,Smartphone,Electronics,1.0,28000.0,22000,20,Ahmedabad,Gujarat,West,Neha,Net Banking
ORD2407,2026-05-08,C0242,Amit Saxena,Keyboard,Electronics,3.0,1800.0,1100,20,Chennai,Tamil Nadu,South,Karan,Debit Card
ORD5935,2026-03-12,C0737,Kavita Yadav,Notebook,Stationery,4.0,120.0,65,0,Gorakhpur,Uttar Pradesh,North,Priya,Cash
ORD1502,2026-08-02,C0869,Karan Kumar,Office Chair,Furniture,3.0,12000.0,8500,20,Delhi,Delhi,North,Karan,UPI
ORD1671,2026-06-28,C0218,Pooja Joshi,Keyboard,Electronics,7.0,1800.0,1100,10,Bhubaneswar,Odisha,East,Karan,Cash
ORD2836,2026-04-20,C0786,Sneha Sharma,Smartphone,Electronics,4.0,28000.0,22000,15,Lucknow,Uttar Pradesh,NORTH,Karan,Cash
ORD4635,2026-05-04,C0765,Arjun Patel,Monitor,Electronics,5.0,18000.0,14000,5,Jaipur,Rajasthan,North,Sneha,UPI
ORD3016,2026-06-18,C0221,Simran Saxena,Office Chair,Furniture,4.0,12000.0,8500,10,Bhubaneswar,Odisha,East,Priya,Credit Card
ORD1849,2026-06-21,C0332,Nisha Kumar,Monitor,Electronics,2.0,18000.0,14000,20,Bengaluru,Karnataka,South,Neha,Credit Card
ORD1585,2026-06-06,C0138,Simran Verma,Printer,Electronics,6.0,16000.0,12500,20,Pune,Maharashtra,West,Neha,UPI
ORD1249,2026-05-29,C0005,Priya Mishra,Keyboard,Electronics,3.0,1800.0,1100,20,Hyderabad,Telangana,South,Neha,Credit Card
ORD2053,2026-03-04,C0727,Vikas Verma,Smartphone,Electronics,4.0,28000.0,22000,0,Bengaluru,Karnataka,South,Ravi,Debit Card
ORD3314,2026-03-17,C0827,Varun Gupta,Headphones,Electronics,4.0,3500.0,2200,0,Bengaluru,Karnataka,South,Sneha,Credit Card
ORD5276,2026-02-22,C0642,Priya Verma,Desk,Furniture,2.0,9000.0,6200,5,Gorakhpur,Uttar Pradesh,North,Amit,Net Banking
ORD3073,2026-03-01,C0505,Kavita Agarwal,Notebook,Stationery,7.0,120.0,65,15,Gorakhpur,Uttar Pradesh,North,Karan,Credit Card
ORD2630,2026-05-16,C0899,Kavita Joshi,Office Chair,Furniture,3.0,12000.0,8500,20,Bhubaneswar,Odisha,East,Sneha,
ORD1101,2026-08-24,C0502,Kavita Tiwari,Office Chair,Furniture,3.0,12000.0,8500,20,Kolkata,West Bengal,East,Amit,Net Banking
ORD3846,2026-07-07,C0835,Aditya Gupta,Pen Set,Stationery,6.0,250.0,140,20,Bhubaneswar,Odisha,East,Ravi,Debit Card
ORD1643,2026-08-17,C0477,Amit Chauhan,Laptop,Electronics,3.0,55000.0,45000,20,Chennai,Tamil Nadu,South,Neha,UPI
ORD5120,2026-07-09,C0032,Shreya Joshi,Monitor,Electronics,3.0,18000.0,14000,15,Kolkata,West Bengal,East,Ravi,Net Banking
ORD2788,2026-07-05,C0114,Ravi Verma,Desk,Furniture,4.0,9000.0,6200,20,Ahmedabad,Gujarat,West,Amit,Debit Card
ORD5021,2026-05-23,C0056,Rohan Agarwal,Notebook,Stationery,6.0,120.0,65,5,Chennai,Tamil Nadu,South,Sneha,Credit Card
ORD1562,2026-01-23,C0266,Sneha Tiwari,Monitor,Electronics,3.0,18000.0,14000,20,Ahmedabad,Gujarat,West,Karan,UPI
ORD2695,2026-07-14,C0629,Unknown Customer,Smartphone,Electronics,1.0,28000.0,22000,20,Bengaluru,Karnataka,South,Karan,Net Banking
ORD2944,2026-07-28,C0412,Karan Yadav,Printer,Electronics,6.0,16000.0,12500,5,Ahmedabad,Gujarat,West,Karan,Cash
ORD5158,2026-02-24,C0479,Anjali Verma,Printer,Electronics,6.0,16000.0,12500,5,Hyderabad,Telangana,South,Priya,Debit Card
ORD3768,2026-04-18,C0235,Manish Agarwal,Headphones,Electronics,3.0,3500.0,2200,5,Bhubaneswar,Odisha,East,Karan,Net Banking
ORD2171,2026-07-15,C0568,Pooja Mishra,Monitor,Electronics,4.0,18000.0,14000,20,Bhubaneswar,Odisha,East,Karan,Cash
ORD5184,2026-07-16,C0995,Kavita Kumar,Desk,Furniture,1.0,9000.0,6200,0,Gorakhpur,Uttar Pradesh,North,Karan,Debit Card
ORD2174,2026-01-31,C0800,Amit Saxena,Keyboard,Electronics,7.0,1800.0,1100,20,Delhi,Delhi,North,Karan,Net Banking
ORD4672,2026-04-08,C0120,Shreya Agarwal,Headphones,Electronics,2.0,3500.0,2200,10,Chennai,Tamil Nadu,South,Amit,UPI
ORD2294,2026-04-13,C0998,Unknown Customer,Desk,Furniture,4.0,9000.0,6200,5,Bhubaneswar,Odisha,East,Ravi,UPI
ORD4815,2026-07-13,C0394,Shreya Saxena,Keyboard,Electronics,3.0,1800.0,1100,10,Lucknow,Uttar Pradesh,North,Ravi,Net Banking
ORD3338,2026-05-11,C0015,Rahul Yadav,Desk,Furniture,4.0,9000.0,6200,15,Lucknow,Uttar Pradesh,North,Ravi,Cash
ORD5026,2026-04-01,C0315,Karan Gupta,Notebook,Stationery,2.0,120.0,65,0,Pune,Maharashtra,West,Neha,Credit Card
ORD1806,2026-07-25,C0410,Sneha Joshi,Printer,Electronics,3.0,16000.0,12500,15,Ahmedabad,Gujarat,West,Priya,Net Banking
ORD4113,2026-04-04,C0499,Kavita Yadav,Smartphone,Electronics,6.0,28000.0,22000,5,Gorakhpur,Uttar Pradesh,North,Priya,Debit Card
ORD5260,2026-05-26,C0706,Manish Mehta,Keyboard,Electronics,6.0,1800.0,1100,10,Gorakhpur,Uttar Pradesh,North,Amit,Debit Card
ORD5712,2026-02-26,C0440,Amit Yadav,Desk,Furniture,6.0,9000.0,6200,15,Bhubaneswar,Odisha,East,Karan,Net Banking
ORD5658,2026-05-08,C0836,Karan Agarwal,Notebook,Stationery,6.0,120.0,65,0,Mumbai,Maharashtra,West,Priya,UPI
ORD2718,2026-06-20,C0698,Meera Saxena,Smartphone,Electronics,2.0,28000.0,22000,20,Bhubaneswar,Odisha,East,Sneha,Cash
ORD4906,2026-07-09,C0927,Nisha Sharma,Printer,Electronics,5.0,16000.0,12500,20,Gorakhpur,Uttar Pradesh,North,Ravi,Debit Card
ORD3785,2026-02-16,C0375,Simran Agarwal,Laptop,Electronics,7.0,55000.0,45000,0,Delhi,Delhi,North,Sneha,Cash
ORD2282,2026-05-17,C0413,Meera Joshi,Office Chair,Furniture,7.0,12000.0,8500,20,Lucknow,Uttar Pradesh,North,Ravi,Debit Card
ORD5956,2026-05-02,C0668,Neha Agarwal, LAPTOP ,Furniture,1.0,12000.0,8500,5,Gorakhpur,Uttar Pradesh,North,Sneha,Net Banking
ORD5178,2026-06-18,C0514,Aditya Tiwari,Printer,Electronics,1.0,16000.0,12500,20,Ahmedabad,Gujarat,West,Neha,UPI
ORD4942,2026-08-01,C0055,Kavita Kumar,Headphones,electronics,5.0,3500.0,2200,10,Chennai,Tamil Nadu,South,Ravi,Credit Card
ORD3458,2026-04-21,C0782,Amit Tiwari,Monitor,Electronics,7.0,18000.0,14000,5,Ahmedabad,Gujarat,West,Ravi,UPI
ORD3887,2026-05-09,C0540,Meera Verma,Laptop,Electronics,2.0,55000.0,45000,0,Chennai,Tamil Nadu,South,Amit,UPI
ORD3693,2026-03-27,C0190,Kavita Tiwari,Smartphone,Electronics,7.0,28000.0,22000,5,Hyderabad,Telangana,South,Priya,Debit Card
ORD4190,2026-07-20,C0770,Kavita Mehta,Notebook,Stationery,4.0,120.0,65,0,Kolkata,West Bengal,East,Sneha,Debit Card
ORD2413,2026-06-18,C0712,Kavita Yadav,Keyboard,Electronics,4.0,1800.0,1100,0,Mumbai,Maharashtra,West,Karan,Credit Card
ORD1427,2026-07-12,C0277,Rohan Tiwari,Keyboard,Electronics,3.0,1800.0,1100,5,Pune,Maharashtra,West,Sneha,Net Banking
ORD1231,2026-06-02,C0377,Vikas Gupta,Pen Set,Stationery,7.0,250.0,140,0,Lucknow,Uttar Pradesh,North,Karan,Credit Card
ORD4748,2026-05-13,C0763,Rahul Sharma,Laptop,Electronics,3.0,55000.0,45000,5,Jaipur,Rajasthan,North,Priya,UPI
ORD4828,2026-01-23,C0119,Amit Yadav,Notebook,Stationery,1.0,120.0,65,15,Jaipur,Rajasthan,North,Ravi,UPI
ORD5309,2026-08-06,C0497,Pooja Kumar,Monitor,Electronics,3.0,18000.0,14000,10,Delhi,Delhi,North,Karan,Cash
ORD1417,2026-03-23,C0544,Meera Sharma,Notebook,Stationery,7.0,120.0,65,10,Hyderabad,Telangana,South,Sneha,Cash
ORD4012,2026-08-24,C0325,Rohan Mishra,Headphones,electronics,2.0,3500.0,2200,10,Kolkata,West Bengal,East,Neha,Debit Card
ORD2838,2026-06-11,C0311,Vikas Agarwal,Headphones,Electronics,6.0,3500.0,2200,0,Gorakhpur,Uttar Pradesh,North,Neha,Credit Card
ORD2787,2026-08-22,C0115,Rahul Verma,Notebook,Stationery,4.0,120.0,65,0,Lucknow,Uttar Pradesh,North,Karan,UPI
ORD3370,2026-01-22,C0364,Priya Tiwari,Keyboard,Electronics,1.0,1800.0,1100,20,Hyderabad,Telangana,South,Neha,Cash
ORD1812,2026-01-31,C0852,Varun Gupta,Smartphone,Electronics,6.0,28000.0,22000,20,Hyderabad,Telangana,South,Amit,Net Banking
ORD2974,2026-05-12,C0491,Anjali Singh,Monitor,Electronics,3.0,18000.0,14000,0,Pune,Maharashtra,West,Amit,Net Banking
ORD1587,2026-05-11,C0072,Aditya Sharma,Laptop,Electronics,3.0,55000.0,45000,20,Bhubaneswar,Odisha,East,Ravi,UPI
ORD1725,2026-08-19,C0964,Vikas Mehta,Headphones,Electronics,1.0,3500.0,2200,15,Hyderabad,Telangana,South,Ravi,Debit Card
ORD2996,2026-07-02,C0998,Karan Tiwari,Pen Set,Stationery,7.0,250.0,140,5,Chennai,Tamil Nadu,South,Sneha,Cash
ORD3158,2026-01-22,C0537,Pooja Mishra,Monitor,Electronics,4.0,18000.0,14000,0,Hyderabad,Telangana,South,Priya,Debit Card
ORD2176,2026-07-20,C0494,Karan Sharma,Desk,Furniture,6.0,9000.0,6200,15,Ahmedabad,Gujarat,West,Karan,Cash
ORD4129,2026-08-12,C0358,Arjun Singh,Headphones,Electronics,3.0,3500.0,2200,20,Mumbai,Maharashtra,West,Amit,Net Banking
ORD4251,2026-03-28,C0439,Nisha Chauhan,Pen Set,Stationery,5.0,250.0,140,20,Pune,Maharashtra,West,Priya,UPI
ORD3500,2026-02-02,C0440,Amit Yadav,Laptop,Electronics,3.0,55000.0,45000,10,Delhi,Delhi,North,Ravi,Net Banking
ORD3795,2026-04-29,C0549,Karan Mehta,Monitor,Electronics,5.0,18000.0,14000,20,Lucknow,Uttar Pradesh,North,Priya,Net Banking
ORD2919,2026-02-09,C0545,Pooja Saxena,Pen Set,Stationery,1.0,250.0,140,20,Chennai,Tamil Nadu,South,Karan,Debit Card
ORD1777,2026-05-13,C0206,Arjun Verma,Printer,Electronics,5.0,16000.0,12500,15,Lucknow,Uttar Pradesh,North,Ravi,Debit Card
ORD5751,2026-05-17,C0219,Karan Verma,Office Chair,Furniture,5.0,12000.0,8500,15,Mumbai,Maharashtra,West,Karan,Debit Card
ORD1950,2026-05-10,C0310,Amit Mehta,Headphones,Electronics,5.0,3500.0,2200,15,Gorakhpur,Uttar Pradesh,north,Neha,Net Banking
ORD5776,2026-07-04,C0228,Kavita Tiwari,Monitor,Electronics,7.0,18000.0,14000,0,Chennai,Tamil Nadu,South,Karan,Credit Card
ORD1539,2026-06-19,C0011,Sneha Kumar,Laptop,Electronics,4.0,55000.0,45000,5,Gorakhpur,Uttar Pradesh,North,Ravi,Credit Card
ORD3058,2026-07-27,C0370,Neha Singh,Laptop,Electronics,7.0,55000.0,45000,5,Hyderabad,Telangana,South,Sneha,Debit Card
ORD5193,2026-02-13,C0412,Karan Yadav,Smartphone,Electronics,6.0,28000.0,22000,20,Mumbai,Maharashtra,north,Amit,Debit Card
ORD5396,2026-06-29,C0737,Kavita Yadav,Monitor,Electronics,3.0,18000.0,14000,10,Pune,Maharashtra,West,Karan,Net Banking
ORD1150,2026-02-11,C0582,Anjali Chauhan,Laptop,Electronics,2.0,55000.0,45000,20,Chennai,Tamil Nadu,South,Karan,Cash
ORD5282,2026-03-31,C0864,Shreya Verma,Desk,Furniture,2.0,9000.0,6200,15,Gorakhpur,Uttar Pradesh,North,Amit,Cash
ORD2993,2026-07-13,C0372,Rohan Joshi,Pen Set,Stationery,2.0,250.0,140,5,Ahmedabad,Gujarat,West,Amit,UPI
ORD4654,2026-04-10,C0277,Rohan Tiwari,Smartphone,Electronics,5.0,28000.0,22000,10,,West Bengal,East,Amit,Net Banking
ORD4411,2026-06-27,C0819,Neha Kumar,Keyboard,Electronics,3.0,1800.0,1100,15,Jaipur,Rajasthan,North,Ravi,Debit Card
ORD3253,2026-04-22,C0226,Shreya Verma,Headphones,Electronics,4.0,3500.0,2200,5,Delhi,Delhi,North,Sneha,UPI
ORD4674,2026-06-19,C0194,Manish Mehta,Keyboard,Electronics,1.0,1800.0,1100,10,Bhubaneswar,Odisha,East,Karan,UPI
ORD1013,2026-05-16,C0448,Shreya Patel,Smartphone,electronics,2.0,28000.0,22000,15,Lucknow,Uttar Pradesh,North,Sneha,Cash
ORD4795,2026-07-13,C0594,Rahul Joshi,Headphones,Electronics,6.0,3500.0,2200,0,Gorakhpur,Uttar Pradesh,North,Ravi,Net Banking
ORD4297,2026-01-24,C0184,Rahul Patel,Monitor,Electronics,4.0,18000.0,14000,20,Hyderabad,Telangana,South,Ravi,Net Banking
ORD5779,2026-02-09,C0653,Aditya Mehta,Smartphone,Electronics,2.0,28000.0,22000,0,Lucknow,Uttar Pradesh,North,Karan,UPI
ORD1469,2026-07-23,C0395,Varun Mehta,Monitor,Electronics,3.0,18000.0,14000,20,Bengaluru,Karnataka,South,Priya,Cash
ORD4741,2026-08-27,C0141,Anjali Mishra,Laptop,Electronics,3.0,55000.0,45000,15,Ahmedabad,Gujarat,West,Ravi,Credit Card
ORD1801,2026-08-15,C0590,Shreya Gupta,Keyboard,Electronics,1.0,1800.0,1100,0,Delhi,Delhi,North,Sneha,Net Banking
ORD1473,2026-07-25,C0477,Amit Chauhan,Monitor,Electronics,7.0,18000.0,14000,20,Bhubaneswar,Odisha,East,Priya,Net Banking
ORD2406,2026-07-22,C0787,Vikas Yadav,Smartphone,Electronics,3.0,28000.0,22000,20,Jaipur,Rajasthan,North,Sneha,Net Banking
ORD2546,2026-04-17,C0366,Kavita Mehta,Pen Set,Stationery,6.0,250.0,140,15,Chennai,Tamil Nadu,South,Karan,Net Banking
ORD4843,2026-04-17,C0757,Amit Kumar,Notebook,Stationery,4.0,120.0,65,20,Chennai,Tamil Nadu,South,Neha,UPI
ORD3843,2026-08-04,C0136,Manish Yadav,Headphones,Electronics,3.0,3500.0,2200,20,Bengaluru,Karnataka,South,Amit,Net Banking
ORD3234,2026-05-28,C0607,Manish Tiwari,Keyboard,Electronics,5.0,1800.0,1100,5,Lucknow,Uttar Pradesh,North,Priya,Cash
ORD5759,2026-04-26,C0099,Nisha Saxena,Monitor,Electronics,6.0,18000.0,14000,0,Hyderabad,Telangana,South,Sneha,UPI
ORD1811,2026-07-25,C0829,Sneha Saxena,Pen Set,Stationery,4.0,250.0,140,20,Delhi,Delhi,North,Priya,UPI
ORD3624,2026-04-25,C0651,Aditya Agarwal, Laptop,Electronics,5.0,1800.0,1100,10,Ahmedabad,Gujarat,West,Priya,Debit Card
ORD5547,2026-02-06,C0687,Kavita Gupta,Printer,Electronics,2.0,16000.0,12500,0,Bengaluru,Karnataka,South,Neha,Cash
ORD1908,2026-06-17,C0074,Kavita Sharma,Desk,Furniture,6.0,9000.0,6200,15,Bengaluru,Karnataka,South,Karan,UPI
ORD4853,2026-06-10,C0448,Shreya Patel,Desk,Furniture,7.0,9000.0,6200,15,Bengaluru,Karnataka,South,Amit,Credit Card
ORD5616,2026-01-31,C0347,Kavita Sharma,Notebook,Stationery,2.0,120.0,65,15,Mumbai,Maharashtra,West,Ravi,Debit Card
ORD1734,2026-07-19,C0253,Aditya Sharma,Monitor,Electronics,4.0,18000.0,14000,0,Jaipur,Rajasthan,North,Karan,UPI
ORD5050,2026-02-27,C0428,Anjali Saxena,Notebook,Stationery,6.0,120.0,65,10,Bhubaneswar,Odisha,East,Amit,Credit Card
ORD2631,2026-01-13,C0661,Nisha Gupta,Laptop,Electronics,5.0,55000.0,45000,0,Jaipur,Rajasthan,North,Amit,Cash
ORD1600,2026-04-23,C0409,Kavita Agarwal,Smartphone,Electronics,7.0,28000.0,22000,10,Pune,Maharashtra,West,Neha,Net Banking
ORD2484,2026-01-05,C0169,Kavita Agarwal,Desk,Furniture,6.0,9000.0,6200,15,Jaipur,Rajasthan,North,Sneha,Cash
ORD3182,2026-04-27,C0312,Shreya Tiwari,Office Chair,Furniture,7.0,12000.0,8500,0,Mumbai,Maharashtra,West,Amit,Credit Card
ORD2666,2026-08-21,C0092,Anjali Saxena,Pen Set,Stationery,5.0,250.0,140,20,Pune,Maharashtra,West,Neha,Credit Card
ORD2515,2026-05-22,C0691,Rohan Singh,Smartphone,Electronics,7.0,28000.0,22000,0,Lucknow,Uttar Pradesh,North,Priya,Cash
ORD3317,2026-06-08,C0042,Amit Chauhan,Headphones,Electronics,6.0,3500.0,2200,15,Delhi,Delhi,North,Amit,Debit Card
ORD1506,2026-03-09,C0750,Nisha Joshi,Monitor,Electronics,7.0,18000.0,14000,20,Pune,Maharashtra,West,Neha,Cash
ORD1133,2026-08-08,C0118,Meera Yadav,Keyboard,Electronics,1.0,1800.0,1100,10,Jaipur,Rajasthan,North,Karan,Credit Card
ORD5918,2026-04-01,C0699,Varun Sharma,Desk,Furniture,4.0,9000.0,6200,20,Ahmedabad,Gujarat,West,Ravi,Credit Card
ORD2757,2026-07-06,C0746,Sneha Yadav,Laptop,Electronics,4.0,55000.0,45000,15,Lucknow,Uttar Pradesh,North,Sneha,Debit Card
ORD5908,2026-01-03,C0190,Kavita Tiwari,Smartphone,Electronics,2.0,28000.0,22000,0,Mumbai,Maharashtra,West,Neha,Cash
ORD1415,2026-05-20,C0268,Shreya Singh,Printer,Electronics,6.0,16000.0,12500,0,Delhi,Delhi,North,Priya,Credit Card
ORD3560,2026-05-26,C0163,Karan Sharma,Keyboard,Electronics,4.0,1800.0,1100,15,Kolkata,West Bengal,East,Neha,Cash
ORD5720,2026-08-04,C0098,Manish Gupta,Pen Set,Stationery,5.0,250.0,140,20,Bengaluru,Karnataka,South,Karan,Cash
ORD2671,2026-01-27,C0390,Rahul Yadav,Pen Set,Stationery,7.0,250.0,140,5,Lucknow,Uttar Pradesh,North,Neha,Debit Card
ORD1288,2026-01-11,C0343,Karan Sharma,Office Chair,Furniture,4.0,12000.0,8500,5,Mumbai,Maharashtra,West,Neha,Cash
ORD5650,2026-01-03,C0192,Pooja Agarwal,Laptop,Electronics,4.0,55000.0,45000,5,Chennai,Tamil Nadu,South,Priya,Debit Card
ORD5109,2026-07-25,C0785,Neha Verma,Printer,Electronics,1.0,16000.0,12500,15,Gorakhpur,Uttar Pradesh,North,Neha,Debit Card
ORD1430,2026-02-17,C0309,Vikas Mishra,Headphones,Electronics,7.0,3500.0,2200,15,Bengaluru,Karnataka,South,Priya,UPI
ORD1813,2026-07-23,C0712,Kavita Yadav,Monitor,Electronics,2.0,18000.0,14000,0,Bengaluru,Karnataka,South,Neha,Debit Card
ORD4007,2026-04-08,C0156,Karan Verma,Smartphone,Electronics,1.0,28000.0,22000,20,Pune,Maharashtra,West,Sneha,Cash
ORD3095,2026-04-23,C0886,Rohan Mishra,Laptop,Electronics,3.0,55000.0,45000,15,Chennai,Tamil Nadu,South,Sneha,Cash
ORD3723,2026-02-22,C0385,Meera Joshi,Laptop,Electronics,2.0,55000.0,45000,0,Ahmedabad,Gujarat,West,Sneha,Net Banking
ORD5403,2026-08-20,C0711,Vikas Joshi,Printer,Electronics,4.0,16000.0,12500,20,Jaipur,Rajasthan,North,Priya,Cash
ORD5948,2026-07-28,C0724,Arjun Joshi,Headphones,Electronics,3.0,3500.0,2200,10,Chennai,Tamil Nadu,South,Sneha,Cash
ORD4892,2026-02-02,C0095,Rohan Patel,Keyboard,Electronics,4.0,1800.0,1100,10,Hyderabad,Telangana,South,Ravi,Net Banking
ORD4133,2026-04-29,C0515,Manish Singh,Headphones,Electronics,6.0,3500.0,2200,5,Pune,Maharashtra,West,Karan,Credit Card
ORD4527,2026-01-10,C0355,Nisha Chauhan,Desk,Furniture,6.0,9000.0,6200,0,Bhubaneswar,Odisha,East,Sneha,Debit Card
ORD1590,2026-03-29,C0289,Meera Chauhan,Headphones,Electronics,3.0,3500.0,2200,10,Lucknow,Uttar Pradesh,North,Priya,UPI
ORD3102,2026-02-27,C0946,Amit Sharma,Headphones,Electronics,5.0,3500.0,2200,20,Hyderabad,Telangana,South,Karan,UPI
ORD2893,2026-02-25,C0616,Rahul Joshi,Notebook,Stationery,6.0,120.0,65,5,Pune,Maharashtra,West,Neha,Net Banking
ORD1466,2026-01-31,C0479,Anjali Verma,Notebook,Stationery,4.0,120.0,65,10,Lucknow,Uttar Pradesh,North,Sneha,Credit Card
ORD4617,2026-07-10,C0163,Karan Sharma,Smartphone,Electronics,2.0,28000.0,22000,20,Hyderabad,Telangana,South,Sneha,Credit Card
ORD4546,2026-08-04,C0198,Amit Joshi,Keyboard,electronics,4.0,1800.0,1100,10,Bengaluru,Karnataka,South,Ravi,Credit Card
ORD5355,2026-05-02,C0599,Karan Agarwal,Desk,Furniture,6.0,9000.0,6200,5,Jaipur,Rajasthan,North,Ravi,UPI
ORD4460,2026-03-31,C0233,Simran Agarwal,Desk,Furniture,2.0,9000.0,6200,0,Lucknow,Uttar Pradesh,North,Ravi,UPI
ORD5954,2026-03-26,C0434,Manish Verma,Pen Set,Stationery,1.0,250.0,140,10,Delhi,Delhi,North,Neha,Debit Card
ORD5561,2026-07-24,C0538,Rohan Kumar,Office Chair,Furniture,3.0,12000.0,8500,20,Lucknow,Uttar Pradesh,North,Amit,Net Banking
ORD5432,2026-07-25,C0068,Amit Singh,Smartphone,Electronics,3.0,28000.0,22000,0,Gorakhpur,Uttar Pradesh,North,Sneha,Debit Card
ORD3124,2026-02-12,C0741,Shreya Gupta,Laptop,Electronics,7.0,55000.0,45000,5,Mumbai,Maharashtra,West,Priya,UPI
ORD5216,2026-02-22,C0350,Priya Agarwal,Headphones,Electronics,3.0,3500.0,2200,15,Ahmedabad,Gujarat,West,Neha,Cash
ORD5883,2026-05-31,C0026,Kavita Verma,Printer,Electronics,3.0,16000.0,12500,5,Ahmedabad,Gujarat,West,Priya,Cash
ORD1945,2026-07-24,C0237,Simran Verma,Office Chair,Furniture,4.0,12000.0,8500,10,Bengaluru,Karnataka,South,Priya,Cash
ORD2271,2026-06-12,C0099,Nisha Saxena,Desk,Furniture,3.0,9000.0,6200,20,Lucknow,Uttar Pradesh, North ,Karan,Debit Card
ORD2653,2026-07-21,C0724,Arjun Joshi,Pen Set,Stationery,1.0,250.0,140,10,Lucknow,Uttar Pradesh,North,Neha,UPI
ORD3978,2026-03-01,C0250,Rohan Verma,Monitor,Electronics,4.0,18000.0,14000,10,Lucknow,Uttar Pradesh,North,Ravi,Net Banking
ORD1578,2026-04-11,C0758,Neha Kumar,Notebook,Stationery,7.0,120.0,65,0,Pune,Maharashtra,West,Amit,Net Banking
ORD3629,2026-03-06,C0918,Pooja Tiwari,Printer,Electronics,6.0,16000.0,12500,10,Hyderabad,Telangana,South,Sneha,Cash
ORD4690,2026-05-05,C0973,Priya Yadav,Printer,Electronics,2.0,16000.0,12500,10,Pune,Maharashtra,West,Priya,Credit Card
ORD1722,2026-05-23,C0084,Ravi Mishra,Monitor,Electronics,6.0,18000.0,14000,20,Pune,Maharashtra,West,Amit,Net Banking
ORD3267,2026-02-21,C0251,Manish Mishra,Notebook,Stationery,6.0,120.0,65,15,Bhubaneswar,Odisha,East,Neha,Credit Card
ORD1912,2026-01-04,C0367,Aditya Yadav,Notebook,Stationery,7.0,120.0,65,15,Hyderabad,Telangana,South,Ravi,UPI
ORD1554,2026-01-12,C0949,Varun Tiwari,Smartphone,Electronics,4.0,28000.0,22000,5,Mumbai,Maharashtra,West,Amit,Debit Card
ORD1953,2026-03-30,C0959,Rahul Mishra,Laptop,Electronics,3.0,55000.0,45000,10,Ahmedabad,Gujarat,West,Priya,Debit Card
ORD1545,2026-05-03,C0316,Pooja Patel,Laptop,Electronics,7.0,55000.0,45000,10,Bhubaneswar,Odisha,East,Neha,Net Banking
ORD1423,2026-07-28,C0312,Shreya Tiwari,Printer,Electronics,3.0,16000.0,12500,10,Chennai,Tamil Nadu,South,Ravi,Cash
ORD4195,2026-08-10,C0306,Amit Yadav,Monitor,Electronics,5.0,18000.0,14000,0,Chennai,Tamil Nadu,South,Neha,Debit Card
ORD2050,2026-08-27,C0045,Karan Sharma,Headphones,Electronics,6.0,3500.0,2200,0,Hyderabad,Telangana,South,Priya,Debit Card
ORD3489,2026-05-21,C0784,,Printer,Electronics,5.0,16000.0,12500,10,Gorakhpur,Uttar Pradesh,North,Ravi,Debit Card
ORD5949,2026-05-19,C0556,Anjali Singh,Keyboard,Electronics,6.0,1800.0,1100,0,Ahmedabad,Gujarat,West,Amit,UPI
ORD4866,2026-01-15,C0170,Rohan Yadav,Laptop,Electronics,6.0,55000.0,45000,5,Chennai,Tamil Nadu,South,Neha,Cash
ORD2211,2026-02-26,C0009,Rohan Yadav,Monitor,Electronics,6.0,18000.0,14000,20,Pune,Maharashtra,West,Karan,Net Banking
ORD5710,2026-03-27,C0360,Shreya Gupta,Monitor,Electronics,,18000.0,14000,20,Mumbai,Maharashtra,West,Amit,Cash
ORD5997,2026-03-29,C0086,Rohan Joshi,Office Chair,Furniture,7.0,12000.0,8500,20,Hyderabad,Telangana,South,Neha,Credit Card
ORD1678,2026-07-18,C0400,Kavita Saxena,Office Chair,Furniture,4.0,12000.0,8500,0,Gorakhpur,Uttar Pradesh,North,Sneha,Cash
ORD1291,2026-07-06,C0015,Rahul Yadav,Printer,Electronics,6.0,16000.0,12500,20,Chennai,Tamil Nadu,South,Sneha,UPI
ORD1627,2026-08-23,C0720,Simran Mishra,Notebook,Stationery,1.0,120.0,65,0,Delhi,Delhi,North,Neha,Net Banking
ORD5582,2026-01-21,C0127,Kavita Yadav,Laptop,Electronics,5.0,55000.0,45000,15,Bhubaneswar,Odisha,East,Neha,UPI
ORD1253,2026-01-23,C0015,Rahul Yadav,Smartphone,Electronics,7.0,28000.0,22000,15,Bhubaneswar,Odisha,East,Neha,Net Banking
ORD5059,2026-05-16,C0511,Manish Patel,Notebook,Stationery,7.0,120.0,65,5,Ahmedabad,Gujarat,West,Sneha,Credit Card
ORD1351,2026-08-27,C0017,Priya Singh,Keyboard,Electronics,4.0,1800.0,1100,0,Gorakhpur,Uttar Pradesh,North,Karan,Net Banking
ORD5112,2026-04-05,C0632,Rahul Chauhan,Notebook,Stationery,6.0,120.0,65,5,Ahmedabad,Gujarat,West,Karan,Net Banking
ORD3303,2026-02-10,C0396,Karan Verma,Pen Set,Stationery,7.0,"₹55,000",140,10,Gorakhpur,Uttar Pradesh,North,Sneha,Credit Card
ORD5078,2026-04-29,C0056,Rohan Agarwal,Keyboard,Electronics,7.0,1800.0,1100,20,Chennai,Tamil Nadu,South,Ravi,Debit Card
ORD1472,2026-08-17,C0893,Anjali Saxena,Laptop,Electronics,4.0,55000.0,45000,15,Ahmedabad,Gujarat,West,Ravi,Credit Card
ORD1091,2026-06-16,C0797,Meera Verma,Smartphone,Electronics,6.0,28000.0,22000,5,Hyderabad,Telangana,South,Priya,Debit Card
ORD2601,2026-07-11,C0741,Shreya Gupta,Desk,Furniture,3.0,9000.0,6200,15,Bengaluru,Karnataka,South,Neha,Debit Card
ORD5625,2026-01-30,C0278,Nisha Sharma,Pen Set,Stationery,5.0,250.0,140,10,Gorakhpur,Uttar Pradesh,North,Neha,UPI
ORD2633,2026-06-23,C0631,Nisha Joshi,Notebook,Stationery,7.0,120.0,65,20,Pune,Maharashtra,West,Priya,Net Banking
ORD4085,2026-02-01,C0179,Amit Tiwari,Office Chair,Furniture,7.0,12000.0,8500,0,Ahmedabad,Gujarat,West,Neha,Cash
ORD1027,2026-06-28,C0905,Meera Gupta,Smartphone,Electronics,5.0,28000.0,22000,0,Mumbai,Maharashtra,West,Karan,UPI
ORD3125,2026-05-14,C0401,Simran Saxena,Monitor,Electronics,6.0,18000.0,14000,10,Chennai,Tamil Nadu,South,Priya,Cash
ORD5082,2026-05-02,C0389,Shreya Patel,Printer,Electronics,2.0,16000.0,12500,10,Chennai,Tamil Nadu,South,Neha,Credit Card
ORD3708,2026-03-20,C0413,Meera Joshi,Laptop,Electronics,3.0,55000.0,45000,20,Hyderabad,Telangana,South,Ravi,Cash
ORD2989,2026-06-14,C0606,Rohan Patel,Notebook,Stationery,4.0,120.0,65,10,Bhubaneswar,Odisha,East,Neha,Credit Card
ORD5002,2026-02-09,C0123,Kavita Patel,Pen Set,Stationery,4.0,250.0,140,5,Delhi,Delhi,North,Priya,Credit Card
ORD2145,2026-06-05,C0077,Rahul Joshi,Notebook,Stationery,7.0,120.0,65,5,Chennai,Tamil Nadu,South,Karan,Credit Card
ORD2579,2026-03-28,C0020,Nisha Mehta,Pen Set,Stationery,4.0,250.0,140,10,Ahmedabad,Gujarat,West,Karan,UPI
ORD2421,2026-04-01,C0752,Manish Saxena,Laptop,Electronics,6.0,55000.0,45000,0,Jaipur,Rajasthan,North,Karan,Cash
ORD4753,2026-07-20,C0865,Manish Singh,Printer,Electronics,4.0,16000.0,12500,5,Mumbai,Maharashtra,West,Karan,Credit Card
ORD4296,2026-04-25,C0872,Sneha Mishra,Monitor,Electronics,7.0,18000.0,14000,0,Chennai,Tamil Nadu,South,Sneha,Debit Card
ORD2729,2026-07-23,C0390,Rahul Yadav,Keyboard,Electronics,1.0,1800.0,1100,20,Chennai,Tamil Nadu,South,Karan,Credit Card
ORD5752,2026-05-28,C0777,Manish Mehta,Notebook,Stationery,1.0,120.0,65,15,Gorakhpur,Uttar Pradesh,North,Karan,Cash
ORD4985,2026-02-09,C0827,,Pen Set,Stationery,4.0,250.0,140,20,Bhubaneswar,Odisha,East,Sneha,UPI
ORD1255,2026-01-23,C0813,Vikas Singh,Smartphone,Electronics,6.0,28000.0,22000,15,Chennai,Tamil Nadu,South,Karan,Cash
ORD2845,2026-01-26,C0244,Anjali Mishra,Monitor,Electronics,4.0,18000.0,14000,5,Hyderabad,Telangana,South,Sneha,Net Banking
ORD4656,2026-02-05,C0485,Priya Singh,Desk,Furniture,3.0,9000.0,6200,15,Lucknow,Uttar Pradesh,north,Karan,Debit Card
ORD1799,2026-07-04,C0543,Arjun Mehta,Laptop,Electronics,6.0,55000.0,45000,0,Bengaluru,Karnataka,South,Karan,Credit Card
ORD5337,2026-03-02,C0886,Rohan Mishra,Pen Set,Stationery,6.0,250.0,140,20,Bhubaneswar,Odisha,East,Sneha,Cash
ORD5632,2026-01-08,C0395,Varun Mehta,laptop,Electronics,5.0,1800.0,1100,10,Hyderabad,Telangana,South,Neha,Net Banking
ORD1765,2026-01-27,C0945,Vikas Mishra,Printer,Electronics,1.0,16000.0,12500,15,Pune,Maharashtra,West,Amit,Debit Card
ORD5237,2026-03-22,C0560,Neha Mishra,Smartphone,Electronics,1.0,28000.0,22000,5,Delhi,Delhi,North,Karan,Credit Card
ORD5788,2026-03-13,C0643,Rahul Gupta,Smartphone,Electronics,3.0,28000.0,22000,15,Ahmedabad,Gujarat,West,Sneha,Credit Card
ORD3568,2026-08-12,C0498,Karan Mehta,Desk,Furniture,4.0,9000.0,6200,10,Jaipur,Rajasthan,North,Karan,Debit Card
ORD5675,2026-02-09,C0284,Pooja Singh,Headphones,Electronics,2.0,3500.0,2200,20,Delhi,Delhi,North,Priya,UPI
ORD1316,2026-06-19,C0239,Neha Agarwal,Laptop,Electronics,7.0,55000.0,45000,0,Chennai,Tamil Nadu,South,Amit,Credit Card
ORD4081,2026-07-03,C0203,Nisha Agarwal,Monitor,Electronics,2.0,18000.0,14000,20,Bengaluru,Karnataka,South,Priya,Cash
ORD2256,2026-01-01,C0877,Sneha Patel,Office Chair,Furniture,5.0,12000.0,8500,5,Lucknow,Uttar Pradesh,North,Karan,Debit Card
ORD2619,2026-07-14,C0070,Shreya Mishra,Headphones,Electronics,7.0,3500.0,2200,0,Gorakhpur,Uttar Pradesh,North,Priya,Cash
ORD1684,2026-07-25,C0341,Pooja Mehta,Desk,Furniture,4.0,9000.0,6200,10,Bhubaneswar,Odisha,East,Karan,UPI
ORD5214,2026-02-16,C0868,Pooja Kumar,Pen Set,Stationery,7.0,250.0,140,0,Delhi,Delhi,North,Ravi,Debit Card
ORD4163,2026-04-06,C0506,Sneha Tiwari,Desk,Furniture,2.0,9000.0,6200,20,Ahmedabad,Gujarat,West,Karan,Net Banking
ORD1070,2026-07-23,C0909,Ravi Mehta,Pen Set,Stationery,3.0,250.0,140,15,Chennai,Tamil Nadu,South,Amit,UPI
ORD2438,2026-04-29,C0747,Shreya Chauhan,Pen Set,Stationery,4.0,250.0,140,5,Gorakhpur,Uttar Pradesh,NORTH,Priya,Net Banking
ORD4973,2026-08-01,C0657,Sneha Chauhan,Monitor,Electronics,6.0,18000.0,14000,0,Chennai,Tamil Nadu,South,Priya,Debit Card
ORD5253,2026-08-01,C0579,Sneha Patel,Desk,Furniture,5.0,9000.0,6200,10,Bhubaneswar,Odisha,East,Karan,Cash
ORD4371,2026-02-13,C0587,Meera Mishra,Laptop,Electronics,1.0,55000.0,45000,5,Bhubaneswar,Odisha,East,Ravi,Cash
ORD3030,2026-05-19,C0549,Karan Mehta,Headphones,Electronics,5.0,3500.0,2200,15,Lucknow,Uttar Pradesh,North,Amit,Cash
ORD4152,2026-02-16,C0680,,Smartphone,Electronics,1.0,28000.0,22000,20,Bhubaneswar,Odisha,East,Sneha,Debit Card
ORD3771,2026-01-30,C0514,Aditya Tiwari,Headphones,Electronics,4.0,3500.0,2200,5,Bhubaneswar,Odisha,East,Ravi,UPI
ORD1498,2026-01-12,C0398,Simran Sharma,Keyboard,Electronics,3.0,1800.0,1100,0,Mumbai,Maharashtra,West,Priya,UPI
ORD2472,2026-03-06,C0803,Kavita Mishra,Laptop,Electronics,6.0,55000.0,45000,0,Jaipur,Rajasthan,North,Neha,Debit Card
ORD2703,2026-05-29,C0200,Manish Singh,Desk,Furniture,3.0,9000.0,6200,5,Gorakhpur,Uttar Pradesh,north,Amit,UPI
ORD4685,2026-05-22,C0994,Priya Verma,Office Chair,Furniture,2.0,12000.0,8500,5,Bhubaneswar,Odisha,East,Ravi,Cash
ORD5238,2026-02-22,C0587,Meera Mishra,Keyboard,Electronics,4.0,1800.0,1100,0,Jaipur,Rajasthan,North,Priya,Credit Card
ORD2003,2026-05-07,C0483,Nisha Patel,Laptop,Electronics,1.0,55000.0,45000,0,Pune,Maharashtra,West,Karan,UPI
ORD3472,2026-04-03,C0110,Arjun Yadav,Laptop,Electronics,1.0,55000.0,45000,20,Ahmedabad,Gujarat,West,Neha,Net Banking
ORD1388,2026-04-11,C0661,Nisha Gupta,Monitor,Electronics,,18000.0,14000,0,Bhubaneswar,Odisha,East,Karan,Credit Card
ORD5236,2026-02-05,C0929,Kavita Patel,Headphones,Electronics,3.0,3500.0,2200,20,Bhubaneswar,Odisha,East,Neha,Net Banking
ORD3672,2026-02-24,C0442,Rahul Singh,Laptop,Electronics,6.0,55000.0,45000,15,Bengaluru,Karnataka,South,Priya,Cash
ORD5173,2026-03-30,C0886,Rohan Mishra,Office Chair,Furniture,1.0,12000.0,8500,10,Chennai,Tamil Nadu,South,Neha,Net Banking
ORD4335,2026-03-08,C0226,Shreya Verma,Office Chair,Furniture,4.0,12000.0,8500,20,Hyderabad,Telangana,South,Karan,Credit Card
ORD5465,2026-05-13,C0595,Amit Mishra,Desk,Furniture,,9000.0,6200,20,Gorakhpur,Uttar Pradesh,North,Ravi,Net Banking
ORD4772,2026-06-18,C0140,Arjun Tiwari,Monitor,Electronics,5.0,18000.0,14000,10,Pune,Maharashtra,West,Amit,Credit Card
ORD1411,2026-02-27,C0392,Manish Yadav,Laptop,Electronics,4.0,55000.0,45000,20,Bhubaneswar,Odisha,East,Priya,Net Banking
ORD5055,2026-05-03,C0101,Ravi Yadav,Laptop,Electronics,7.0,55000.0,45000,0,Bengaluru,Karnataka,South,Sneha,Credit Card
ORD1110,2026-04-29,C0660,Simran Kumar,Smartphone,Electronics,7.0,28000.0,22000,15,Bhubaneswar,Odisha,East,Sneha,Credit Card
ORD3544,2026-03-18,C1000,Meera Chauhan,Printer,Electronics,4.0,16000.0,12500,5,Ahmedabad,Gujarat,West,Amit,Cash
ORD3529,2026-06-06,C0682,Arjun Agarwal,Office Chair,Furniture,1.0,12000.0,8500,20,Bhubaneswar,Odisha,East,Ravi,Credit Card
ORD5644,2026-03-24,C0753,Neha Sharma,Laptop,Electronics,3.0,55000.0,45000,10,Lucknow,Uttar Pradesh,North,Sneha,Cash
ORD4025,2026-06-14,C0477,Amit Chauhan,Printer,Electronics,,16000.0,12500,5,Hyderabad,Telangana,South,Neha,Net Banking
ORD4842,2026-04-21,C0287,Karan Patel,Notebook,Stationery,2.0,120.0,65,0,Jaipur,Rajasthan,North,Sneha,Credit Card
ORD3403,2026-04-02,C0657,Sneha Chauhan,Pen Set,Stationery,2.0,250.0,140,10,Jaipur,Rajasthan,North,Priya,Cash
ORD2056,2026-04-01,C0346,Nisha Verma,Monitor,Electronics,6.0,18000.0,14000,5,Pune,Maharashtra,West,Karan,Cash
ORD5715,2026-07-07,C0038,Amit Patel,Monitor,Electronics,5.0,18000.0,14000,20,Lucknow,Uttar Pradesh,North,Sneha,Credit Card
ORD5740,2026-05-13,C0511,Manish Patel,Desk,Furniture,4.0,9000.0,6200,20,Kolkata,West Bengal,East,Amit,Net Banking
ORD1625,2026-04-28,C0808,Rohan Kumar,Desk, Electronics ,5.0,9000.0,6200,10,Bengaluru,Karnataka,South,Priya,Credit Card
ORD5592,2026-05-25,C0866,Arjun Verma,Laptop,Electronics,5.0,55000.0,45000,5,Chennai,Tamil Nadu,South,Priya,Net Banking
ORD4833,2026-03-02,C0260,Sneha Verma,Office Chair,Furniture,7.0,12000.0,8500,15,Bengaluru,Karnataka,South,Neha,Cash
ORD4695,2026-02-27,C0850,Sneha Singh,Notebook,Stationery,1.0,120.0,65,5,Hyderabad,Telangana,South,Priya,Net Banking
ORD3252,2026-06-02,C0709,Pooja Patel,Pen Set,Stationery,3.0,250.0,140,20,Kolkata,West Bengal,East,Sneha,Debit Card
ORD2676,2026-06-03,C0443,Priya Chauhan,Notebook,Stationery,6.0,120.0,65,5,Bengaluru,Karnataka,South,Karan,UPI
ORD5437,2026-03-17,C0860,Nisha Saxena,Pen Set,Stationery,4.0,250.0,140,15,Gorakhpur,Uttar Pradesh,North,Ravi,Credit Card
ORD1927,2026-01-11,C0570,Meera Kumar,Smartphone,Electronics,7.0,28000.0,22000,15,Gorakhpur,Uttar Pradesh,North,Sneha,Net Banking
ORD3888,2026-07-07,C0828,Anjali Verma,Monitor,Electronics,5.0,18000.0,14000,20,Kolkata,West Bengal,East,Sneha,Net Banking
ORD2469,2026-07-25,C0349,Rohan Kumar,Printer,Electronics,1.0,16000.0,12500,15,Kolkata,West Bengal,East,Sneha,Net Banking
ORD5358,2026-01-22,C0869,Karan Kumar,Laptop,Electronics,6.0,55000.0,45000,0,Mumbai,Maharashtra,West,Amit,Credit Card
ORD4738,2026-01-03,C0726,Meera Kumar,Notebook,Stationery,6.0,120.0,65,20,Lucknow,Uttar Pradesh,North,Karan,Debit Card
ORD4969,2026-01-30,C0365,Nisha Saxena,Headphones,Electronics,2.0,3500.0,2200,10,Hyderabad,Telangana,South,Neha,Debit Card
ORD1178,2026-07-19,C0121,Rohan Saxena,Desk,Furniture,1.0,9000.0,6200,20,Kolkata,West Bengal,East,Priya,UPI
ORD3933,2026-07-10,C0239,Neha Agarwal,Printer,Electronics,,16000.0,12500,0,Mumbai,Maharashtra,West,Sneha,Debit Card
ORD4632,2026-06-11,C0633,Sneha Patel,Printer,Electronics,4.0,16000.0,12500,0,Bengaluru,Karnataka,South,Karan,Net Banking
ORD1081,2026-03-08,C0373,Rohan Saxena,Office Chair,Furniture,3.0,12000.0,8500,20,Jaipur,Rajasthan,North,Priya,Debit Card
ORD2457,2026-06-03,C0916,Meera Patel,Office Chair,Furniture,6.0,12000.0,8500,10,Mumbai,Maharashtra,West,Neha,Debit Card
ORD5550,2026-02-19,C0266,Sneha Tiwari,Keyboard,Electronics,5.0,1800.0,1100,20,Gorakhpur,Uttar Pradesh,North,Karan,Net Banking
ORD2659,2026-08-13,C0836,Karan Agarwal,Smartphone,Electronics,4.0,28000.0,22000,5,Mumbai,Maharashtra,West,Ravi,UPI
ORD5333,2026-07-19,C0771,Meera Verma,Smartphone,Electronics,1.0,28000.0,22000,0,Kolkata,West Bengal,East,Ravi,UPI
ORD5025,2026-04-12,C0612,Simran Chauhan,Keyboard,Electronics,3.0,1800.0,1100,10,Mumbai,Maharashtra,West,Neha,Debit Card
ORD5974,2026-04-01,C0335,Rahul Singh,Desk,Furniture,6.0,9000.0,6200,10,Kolkata,West Bengal,East,Priya,Credit Card
ORD1222,2026-04-21,C0158,Manish Mehta,Pen Set,Stationery,1.0,250.0,140,15,Bengaluru,Karnataka,South,Priya,Debit Card
ORD1094,2026-02-20,C0005,Priya Mishra,Office Chair,Furniture,5.0,12000.0,8500,20,Bengaluru,Karnataka,South,Ravi,UPI
ORD3648,2026-08-19,C0468,Arjun Kumar,Printer,Electronics,2.0,16000.0,12500,0,Mumbai,Maharashtra,West,Karan,Cash
ORD2938,2026-02-17,C0071,Amit Agarwal,Smartphone,Electronics,4.0,28000.0,22000,15,Delhi,Delhi,North,Ravi,Debit Card
ORD1842,2026-05-24,C0442,Rahul Singh,Office Chair,Furniture,6.0,12000.0,8500,10,Hyderabad,Telangana,South,Sneha,Net Banking
ORD5691,2026-02-11,C0468,Arjun Kumar,Monitor,Electronics,2.0,18000.0,14000,20,Bengaluru,Karnataka,South,Priya,Credit Card
ORD4090,2026-07-03,C0640,Manish Yadav,Office Chair,Furniture,7.0,12000.0,8500,10,Pune,Maharashtra,West,Ravi,Net Banking
ORD5114,2026-06-08,C0142,Priya Tiwari,Laptop,Electronics,5.0,55000.0,45000,20,Gorakhpur,Uttar Pradesh,North,Priya,UPI
ORD5609,2026-05-29,C0354,Aditya Mehta,Notebook,Stationery,1.0,120.0,65,20,Ahmedabad,Gujarat,West,Ravi,Net Banking
ORD4626,2026-05-29,C0600,Amit Mishra,Notebook,Stationery,4.0,120.0,65,10,Gorakhpur,Uttar Pradesh,North,Karan,UPI
ORD4723,2026-08-16,C0762,Sneha Patel,Headphones,Electronics,3.0,3500.0,2200,15,Delhi,Delhi,North,Amit,Debit Card
ORD1832,2026-04-02,C0723,Karan Sharma,Laptop,Electronics,2.0,55000.0,45000,10,Chennai,Tamil Nadu,South,Amit,Debit Card
ORD4980,2026-07-01,C0443,Priya Chauhan,Pen Set,Stationery,4.0,250.0,140,5,Kolkata,West Bengal,East,Neha,UPI
ORD4338,2026-04-14,C0722,Arjun Verma,Monitor,Electronics,5.0,18000.0,14000,15,Lucknow,Uttar Pradesh,North,Neha,Debit Card
ORD1829,2026-06-01,C0004,Test Customer,Monitor,Electronics,1.0,18000.0,14000,0,Lucknow,Uttar Pradesh,North,Priya,Net Banking
ORD3950,2026-12-04,C0588,Amit Saxena,Monitor,Electronics,2.0,18000.0,14000,15,Lucknow,Uttar Pradesh,North,Priya,Net Banking
ORD2026,2026-04-29,C0609,Kavita Patel,Monitor,Electronics,7.0,18000.0,14000,0,Kolkata,West Bengal,East,Neha,Credit Card
ORD5069,2026-06-09,C0624,Rohan Tiwari,Smartphone,Electronics,4.0,28000.0,22000,20,Ahmedabad,Gujarat,West,Ravi,Credit Card
ORD5889,2026-02-11,C0683,Meera Verma,Notebook,Stationery,7.0,120.0,65,5,Pune,Maharashtra,West,Amit,UPI
ORD1682,2026-05-25,C0301,Arjun Yadav,Pen Set,Stationery,6.0,250.0,140,20,Hyderabad,Telangana,South,Neha,Credit Card
ORD3132,2026-05-21,C0876,Meera Sharma,Notebook,Stationery,7.0,120.0,65,20,Chennai,Tamil Nadu,South,Priya,UPI
ORD1220,2026-05-02,C0141,Anjali Mishra,Notebook,Stationery,7.0,120.0,65,0,Delhi,Delhi,North,Sneha,Credit Card
ORD3084,2026-07-23,C0451,Sneha Sharma,Headphones,Electronics,4.0,3500.0,2200,20,Kolkata,West Bengal,East,Sneha,Credit Card
ORD1743,2026-06-03,C0442,Rahul Singh,Desk,Furniture,4.0,9000.0,6200,10,Lucknow,Uttar Pradesh,North,Priya,Net Banking
ORD1044,2026-02-10,C0408,Neha Saxena,Smartphone,Electronics,2.0,28000.0,22000,5,Chennai,Tamil Nadu,South,Neha,Debit Card
ORD1211,2026-02-04,C0670,Meera Tiwari,Printer,Electronics,6.0,16000.0,12500,5,Ahmedabad,Gujarat,West,Neha,Credit Card
ORD3218,2026-06-12,C0820,Manish Joshi,Headphones,Electronics,7.0,3500.0,2200,5,Kolkata,West Bengal,East,Ravi,Cash
ORD1355,2026-05-01,C0988,Sneha Sharma,Keyboard,Electronics,4.0,1800.0,1100,20,Bhubaneswar,Odisha,East,Priya,Cash
ORD4958,2026-01-07,C0224,Sneha Agarwal,Printer,Electronics,6.0,16000.0,12500,10,Hyderabad,Telangana,South,Sneha,UPI
ORD5900,2026-04-16,C0636,Rohan Mehta,Desk,Furniture,7.0,9000.0,6200,5,Bhubaneswar,Odisha,East,Priya,Credit Card
ORD1804,2026-06-09,C0121,Rohan Saxena,Notebook,Stationery,4.0,120.0,65,5,Kolkata,West Bengal,East,Karan,Net Banking
ORD5841,2026-07-03,C0735,Anjali Verma,Desk, Electronics ,1.0,,6200,5,Jaipur,Rajasthan,North,Neha,Debit Card
ORD1368,2026-04-28,C0768,Anjali Chauhan,Laptop,Electronics,5.0,55000.0,45000,20,Pune,Maharashtra,West,Karan,Net Banking
ORD3946,2026-05-03,C0542,Arjun Gupta,Pen Set,Stationery,2.0,250.0,140,15,Chennai,Tamil Nadu,South,Neha,Net Banking
ORD4771,2026-07-10,C0250,Rohan Verma,Pen Set,Stationery,4.0,250.0,140,0,Jaipur,Rajasthan,North,Karan,UPI
ORD4781,2026-04-13,C0143,Nisha Mishra,Headphones,Electronics,6.0,3500.0,2200,5,Lucknow,Uttar Pradesh,North,Priya,Cash
ORD1136,2026-05-16,C0295,Kavita Gupta,Desk,Furniture,6.0,9000.0,6200,0,Pune,Maharashtra,West,Priya,Net Banking
ORD4028,2026-08-28,C0171,Simran Verma,Headphones,Electronics,1.0,3500.0,2200,15,Pune,Maharashtra,West,Karan,Cash
ORD1048,2026-03-09,C0630,Aditya Agarwal,Printer,Electronics,5.0,16000.0,12500,15,Ahmedabad,Gujarat,West,Priya,Debit Card
ORD4289,2026-07-24,C0915,Rohan Yadav,Laptop,Electronics,7.0,55000.0,45000,20,Gorakhpur,Uttar Pradesh,North,Sneha,Debit Card
ORD5440,2026-05-29,C0992,,Notebook,Stationery,6.0,120.0,65,10,Lucknow,Uttar Pradesh,North,Neha,Cash
ORD4930,2026-01-21,C0793,Ravi Joshi,Monitor,Electronics,2.0,18000.0,14000,0,Bhubaneswar,Odisha,East,Neha,Cash
ORD5816,2026-07-27,C0312,Shreya Tiwari,Laptop,Electronics,3.0,55000.0,45000,15,Mumbai,Maharashtra,West,Priya,Credit Card
ORD3023,2026-04-05,C0207,Sneha Sharma,Printer,Electronics,5.0,16000.0,12500,15,Chennai,Tamil Nadu,South,Karan,Net Banking
ORD3729,2026-04-12,C0157,Manish Gupta,Headphones,Electronics,3.0,3500.0,2200,5,Hyderabad,Telangana,South,Sneha,UPI
ORD1062,2026-08-04,C0632,Rahul Chauhan,Headphones,Electronics,2.0,3500.0,2200,15,Pune,Maharashtra,West,Ravi,Credit Card
ORD2766,2026-08-18,C0423,Anjali Joshi,Laptop,Electronics,2.0,55000.0,45000,20,Chennai,Tamil Nadu,South,Ravi,UPI
ORD5672,2026-08-24,C0775,Simran Tiwari,Printer,Electronics,3.0,16000.0,12500,20,Kolkata,West Bengal,NORTH,Sneha,Cash
ORD1096,2026-03-23,C0892,Neha Kumar,Laptop,Electronics,5.0,55000.0,45000,0,Gorakhpur,Uttar Pradesh,North,Sneha,Net Banking
ORD1479,2026-04-30,C0101,Ravi Yadav,Keyboard,Electronics,2.0,1800.0,1100,5,Chennai,Tamil Nadu,South,Amit,Credit Card
ORD2742,2026-04-18,C0576,Varun Chauhan,Keyboard,Electronics,5.0,1800.0,1100,5,Mumbai,Maharashtra,West,Priya,Net Banking
ORD5420,2026-02-09,C0752,Manish Saxena,Monitor,Electronics,1.0,18000.0,14000,20,Kolkata,West Bengal,East,Priya,UPI
ORD2414,2026-06-22,C0626,Nisha Yadav,Laptop,Electronics,2.0,55000.0,45000,15,Hyderabad,Telangana,South,Neha,Net Banking
ORD2129,2026-04-02,C0887,Varun Singh,Printer,Electronics,6.0,16000.0,12500,20,Lucknow,Uttar Pradesh,North,Karan,UPI
ORD4154,2026-05-20,C0482,Manish Chauhan,Pen Set,Stationery,,250.0,140,0,Ahmedabad,Gujarat,West,Ravi,Cash
ORD3407,2026-05-12,C0237,Simran Verma,Headphones,Electronics,6.0,3500.0,2200,0,Bhubaneswar,Odisha, North ,Amit,Credit Card
ORD1323,2026-02-25,C0142,Priya Tiwari,Headphones,Electronics,4.0,3500.0,2200,5,Lucknow,Uttar Pradesh,North,Ravi,Debit Card
ORD3119,2026-03-21,C0828,Anjali Verma,Pen Set,Stationery,3.0,250.0,140,5,Pune,Maharashtra,West,Ravi,Debit Card
ORD3246,2026-04-14,C0224,Sneha Agarwal,Pen Set,Stationery,1.0,250.0,140,10,Mumbai,Maharashtra,West,Ravi,Net Banking
ORD2551,2026-05-31,C0093,Varun Mishra,Desk,Furniture,7.0,9000.0,6200,20,Lucknow,Uttar Pradesh,North,Amit,UPI
ORD2756,2026-02-24,C0645,Vikas Kumar,Printer,Electronics,3.0,16000.0,12500,10,Kolkata,West Bengal,East,Priya,UPI
ORD2570,2026-06-05,C0099,Nisha Saxena,Smartphone,Electronics,3.0,28000.0,22000,10,Bhubaneswar,Odisha,East,Neha,Net Banking
ORD2035,2026-01-06,C0427,Ravi Joshi,Pen Set,Stationery,2.0,250.0,140,10,Lucknow,Uttar Pradesh,North,Neha,Debit Card
ORD4917,2026-03-03,C0590,Shreya Gupta,Monitor,Electronics,6.0,18000.0,14000,15,Ahmedabad,Gujarat,West,Amit,Net Banking
ORD3094,2026-06-23,C0457,Simran Agarwal,Office Chair,Furniture,3.0,12000.0,8500,10,Lucknow,Uttar Pradesh,North,Karan,UPI
ORD5971,2026-05-06,C0189,Arjun Gupta,Headphones,Electronics,7.0,3500.0,2200,15,Delhi,Delhi,North,Ravi,Cash
ORD1292,2026-03-30,C0025,Ravi Saxena,Desk,Furniture,5.0,9000.0,6200,5,Ahmedabad,Gujarat,West,Neha,Net Banking
ORD5999,2026-08-24,C0477,Amit Chauhan,Printer,Electronics,7.0,16000.0,12500,20,Bengaluru,Karnataka,South,Karan,Cash
ORD3584,2026-07-30,C0470,Karan Chauhan,Printer,Electronics,3.0,16000.0,12500,20,Chennai,Tamil Nadu,South,Sneha,Debit Card
ORD1534,2026-03-11,C0330,Amit Kumar,Notebook,Stationery,4.0,120.0,65,5,Mumbai,Maharashtra,West,Ravi,Cash
ORD2558,2026-05-31,C0545,Pooja Saxena,Office Chair,Furniture,4.0,12000.0,8500,0,Kolkata,West Bengal,East,Karan,UPI
ORD2136,2026-07-28,C0612,Simran Chauhan,Headphones,Electronics,3.0,3500.0,2200,10,Chennai,Tamil Nadu,South,Amit,Cash
ORD2449,2026-03-17,C0838,Vikas Joshi,Smartphone,Electronics,6.0,28000.0,22000,0,Kolkata,West Bengal,East,Ravi,Credit Card
ORD4352,2026-01-10,C0063,Vikas Mishra,Notebook,Stationery,4.0,120.0,65,20,Ahmedabad,Gujarat,West,Amit,Debit Card
ORD4063,2026-05-19,C0626,Nisha Yadav,Smartphone,Electronics,2.0,28000.0,22000,20,Bengaluru,Karnataka,South,Sneha,Cash
ORD2584,2026-01-09,C0610,Simran Yadav,Keyboard,Electronics,4.0,1800.0,1100,15,Jaipur,Rajasthan,North,Amit,Cash
ORD4602,2026-05-22,C0579,Sneha Patel,Printer,Electronics,7.0,16000.0,12500,20,Chennai,Tamil Nadu,South,Sneha,UPI
ORD5100,2026-02-17,C0271,Rohan Agarwal,Smartphone,Electronics,1.0,28000.0,22000,10,Hyderabad,Telangana,South,Priya,UPI
ORD5076,2026-05-08,C0550,Anjali Yadav,Office Chair,Furniture,5.0,12000.0,8500,5,Mumbai,Maharashtra,West,Karan,Debit Card
ORD4444,2026-07-17,C0421,Priya Kumar,Office Chair,Furniture,5.0,12000.0,8500,20,Bhubaneswar,Odisha,East,Ravi,UPI
ORD5946,2026-05-04,C0015,Rahul Yadav,Headphones,Electronics,1.0,3500.0,2200,15,Hyderabad,Telangana,South,Sneha,Debit Card
ORD4414,2026-03-16,C0798,Shreya Mishra,Monitor,Electronics,6.0,18000.0,14000,5,Ahmedabad,Gujarat,West,Ravi,UPI
ORD4730,2026-02-19,C0069,Nisha Sharma,Notebook,Stationery,7.0,120.0,65,5,Hyderabad,Telangana,South,Karan,Debit Card
ORD3285,2026-05-04,C0780,Sneha Verma,Keyboard,Electronics,1.0,1800.0,1100,15,Bengaluru,Karnataka,South,Amit,UPI
ORD5304,2026-08-27,C0984,Anjali Agarwal,Laptop,Electronics,4.0,55000.0,45000,0,Hyderabad,Telangana,South,Amit,UPI
ORD3415,2026-08-26,C0251,Manish Mishra,Notebook,Stationery,4.0,120.0,65,15,Mumbai,Maharashtra,West,Karan,Net Banking
ORD3663,2026-07-13,C0938,Ravi Chauhan,Smartphone,Electronics,7.0,28000.0,22000,15,Jaipur,Rajasthan,North,Priya,UPI
ORD2127,2026-08-01,C0151,Priya Mishra,Headphones,Electronics,4.0,3500.0,2200,0,,Telangana,South,Priya,Cash
ORD2323,2026-02-04,C0012,Rahul Mishra,Keyboard,Electronics,7.0,1800.0,1100,0,Pune,Maharashtra,West,Karan,UPI
ORD3585,2026-01-16,C0789,Sneha Agarwal,Keyboard,Electronics,1.0,1800.0,1100,0,Jaipur,Rajasthan,North,Priya,Debit Card
ORD5961,2026-07-14,C0404,Meera Singh,Monitor,Electronics,4.0,18000.0,14000,10,Jaipur,Rajasthan,North,Amit,Cash
ORD5951,2026-04-27,C0009,Rahul Singh,Pen Set,Stationery,7.0,250.0,140,15,Jaipur,Rajasthan,North,Neha,Cash
ORD2565,2026-05-11,C0271,Rohan Agarwal,Notebook,Stationery,1.0,120.0,65,15,Bhubaneswar,Odisha,East,Amit,Debit Card
ORD2362,2026-05-23,C0007,Karan Yadav,Smartphone,Electronics,6.0,28000.0,22000,20,Lucknow,Uttar Pradesh,North,Karan,Debit Card
ORD2972,2026-03-21,C0322,Aditya Tiwari,Office Chair,Furniture,7.0,12000.0,8500,5,Bengaluru,Karnataka,South,Karan,Debit Card
ORD3227,2026-01-23,C0294,Simran Mishra,Office Chair,Furniture,1.0,12000.0,8500,0,Ahmedabad,Gujarat,West,Priya,Cash
ORD4269,2026-02-14,C0941,Pooja Saxena,Desk,Furniture,5.0,9000.0,6200,20,Mumbai,Maharashtra,West,Neha,Net Banking
ORD4072,2026-07-16,C0260,Sneha Verma,Laptop,Electronics,6.0,55000.0,45000,15,Bengaluru,Karnataka,South,Sneha,Credit Card
ORD2205,2026-07-14,C0294,Simran Mishra,Desk,Furniture,5.0,9000.0,6200,0,Delhi,Delhi,North,Priya,Cash
ORD3269,2026-07-03,C0301,Arjun Yadav,Printer,Electronics,6.0,16000.0,12500,15,Bengaluru,Karnataka,South,Karan,Debit Card
ORD5523,2026-08-07,C0746,Sneha Yadav,Pen Set,Stationery,5.0,250.0,140,5,Bengaluru,Karnataka,South,Sneha,Cash
ORD2030,2026-03-02,C0954,Anjali Singh,Keyboard,Electronics,5.0,1800.0,1100,15,Jaipur,Rajasthan,North,Priya,UPI
ORD3202,2026-08-11,C0978,Meera Patel,Headphones,Electronics,7.0,3500.0,2200,10,Gorakhpur,Uttar Pradesh,North,Priya,Net Banking
ORD2648,2026-01-19,C0204,Simran Kumar,Office Chair,Furniture,4.0,12000.0,8500,10,Lucknow,Uttar Pradesh,North,Karan,UPI
ORD2478,2026-05-24,C0451,Sneha Sharma,laptop,Electronics,3.0,3500.0,2200,5,Pune,Maharashtra,West,Amit,Cash
ORD2002,2026-02-06,C0219,Karan Verma,Headphones,Electronics,2.0,3500.0,2200,15,Ahmedabad,Gujarat,West,Sneha,Net Banking
ORD3532,2026-07-02,C0946,Amit Sharma,Smartphone,Electronics,5.0,28000.0,22000,15,Pune,Maharashtra,West,Priya,Credit Card
ORD5379,2026-03-01,C0333,Aditya Tiwari,Keyboard,Electronics,7.0,1800.0,1100,5,Kolkata,West Bengal,East,Priya,Cash
ORD3293,2026-04-30,C0230,Rohan Patel,Pen Set,Stationery,7.0,250.0,140,10,Bengaluru,Karnataka,South,Ravi,Debit Card
ORD1071,2026-02-15,C0975,Amit Agarwal,Printer,Electronics,3.0,16000.0,12500,10,Chennai,Tamil Nadu,South,Neha,Credit Card
ORD3918,2026-06-07,C0397,Anjali Sharma,Headphones,Electronics,4.0,3500.0,2200,15,Gorakhpur,Uttar Pradesh,North,Amit,Debit Card
ORD3433,2026-08-25,C0174,Ravi Mehta,Office Chair,Furniture,6.0,12000.0,8500,0,Lucknow,Uttar Pradesh,North,Priya,Cash
ORD5909,2026-05-08,C0832,Kavita Tiwari,Laptop,Electronics,3.0,55000.0,45000,10,Bengaluru,Karnataka,South,Amit,Cash
ORD4286,2026-06-28,C0812,Pooja Tiwari,Monitor,Electronics,2.0,18000.0,14000,15,Bengaluru,Karnataka,South,Karan,Debit Card
ORD2486,2026-07-12,C0404,Meera Singh,Office Chair,Furniture,6.0,12000.0,8500,10,Jaipur,Rajasthan,North,Amit,Credit Card
ORD3241,2026-02-11,C0045,Karan Sharma,Notebook,Stationery,1.0,120.0,65,10,Bengaluru,Karnataka,South,Ravi,Net Banking
ORD1860,2026-06-10,C0587,Meera Mishra,Pen Set,Stationery,4.0,250.0,140,5,Bengaluru,Karnataka,South,Neha,Debit Card
ORD1735,2026-08-18,C0684,Arjun Sharma,Keyboard,Electronics,2.0,1800.0,1100,0,Bengaluru,Karnataka,South,Neha,Debit Card
ORD3755,2026-05-23,C0829,Sneha Saxena,Headphones,Electronics,2.0,3500.0,2200,0,Chennai,Tamil Nadu,South,Neha,Cash
ORD5506,2026-05-02,C0788,Simran Singh,Smartphone,Electronics,2.0,28000.0,22000,10,Hyderabad,Telangana,South,Karan,UPI
ORD2878,2026-06-24,C0242,Amit Saxena,Monitor,Electronics,2.0,18000.0,14000,5,Bhubaneswar,Odisha,East,Amit,UPI
ORD2740,2026-06-27,C0237,Simran Verma,Headphones,Electronics,4.0,3500.0,2200,5,Delhi,Delhi,North,Neha,UPI
ORD4680,2026-07-28,C0460,Arjun Saxena,Office Chair,Furniture,3.0,12000.0,8500,20,Ahmedabad,Gujarat,West,Ravi,Credit Card
ORD4608,2026-05-19,C0344,Rohan Gupta,Headphones,Electronics,3.0,3500.0,2200,10,Bhubaneswar,Odisha,East,Sneha,Credit Card
ORD2184,2026-06-03,C0021,Kavita Gupta,Printer,Electronics,6.0,16000.0,12500,20,Jaipur,Rajasthan,North,Sneha,UPI
ORD4805,2026-03-10,C0178,Aditya Verma,Office Chair,Furniture,5.0,12000.0,8500,0,Bhubaneswar,Odisha,East,Karan,UPI
ORD4869,2026-01-28,C0861,Priya Gupta,Smartphone,Electronics,5.0,28000.0,22000,15,Bengaluru,Karnataka,South,Ravi,UPI
ORD3136,2026-01-15,C0321,Manish Tiwari,Headphones,Electronics,6.0,3500.0,2200,10,Jaipur,Rajasthan,North,Neha,UPI
ORD1970,2026-01-16,C0608,Pooja Singh,Printer,Electronics,4.0,16000.0,12500,0,Mumbai,Maharashtra,West,Karan,UPI
ORD5719,2026-02-22,C0129,Ravi Kumar,Smartphone,Electronics,5.0,28000.0,22000,5,Pune,Maharashtra,West,Priya,UPI
ORD2393,2026-05-08,C0453,Manish Verma,Laptop,Electronics,5.0,55000.0,45000,20,Gorakhpur,Uttar Pradesh,North,Ravi,Net Banking
ORD4658,2026-01-04,C0205,Kavita Kumar,Office Chair,Furniture,2.0,12000.0,8500,20,Bhubaneswar,Odisha,East,Ravi,Debit Card
ORD1766,2026-07-12,C0081,Sneha Chauhan,Pen Set,Stationery,2.0,250.0,140,15,Bengaluru,Karnataka,South,Karan,UPI
ORD5423,2026-02-25,C0698,Meera Saxena,Desk,Furniture,2.0,9000.0,6200,15,Pune,Maharashtra,West,Priya,Credit Card
ORD2925,2026-03-05,C0132,Meera Mehta,Office Chair,Furniture,5.0,12000.0,8500,20,Chennai,Tamil Nadu, North ,Sneha,UPI
ORD1928,2026-01-24,C0387,Manish Joshi,Desk,Furniture,3.0,9000.0,6200,20,Lucknow,Uttar Pradesh,North,Ravi,Credit Card
ORD2955,2026-03-15,C0401,Simran Saxena,Desk, Electronics ,6.0,9000.0,6200,5,Gorakhpur,Uttar Pradesh,North,Amit,Credit Card
ORD1354,2026-05-09,C0039,Vikas Kumar,Notebook,Stationery,4.0,120.0,65,15,Hyderabad,Telangana,South,Sneha,Net Banking
ORD1312,2026-04-04,C0780,Sneha Verma,Notebook,Stationery,4.0,120.0,65,0,Kolkata,West Bengal,East,Neha,Debit Card
ORD4878,2026-01-08,C0875,Pooja Agarwal,Smartphone,Electronics,6.0,28000.0,22000,5,Bhubaneswar,Odisha,East,Karan,Credit Card
ORD2502,2026-06-21,C0408,Neha Saxena,Monitor,Electronics,1.0,18000.0,14000,15,Kolkata,West Bengal,East,Priya,Net Banking
ORD2539,2026-03-04,C0817,Vikas Mishra,Desk,Furniture,6.0,9000.0,6200,10,Lucknow,Uttar Pradesh,North,Karan,Cash
ORD2906,2026-02-04,C0022,Kavita Tiwari,Notebook,Stationery,7.0,120.0,65,0,Chennai,Tamil Nadu,South,Karan,UPI
ORD4651,2026-04-03,C0426,Shreya Verma,Desk,Furniture,1.0,9000.0,6200,10,Mumbai,Maharashtra,West,Neha,Debit Card
ORD3909,2026-04-29,C0124,Aditya Saxena,Monitor,Electronics,1.0,18000.0,14000,20,Bengaluru,Karnataka,South,Karan,Debit Card
ORD1234,2026-07-09,C0961,,Printer,Electronics,7.0,16000.0,12500,10,Mumbai,Maharashtra,West,Priya,UPI
ORD5622,2026-01-17,C0266,Sneha Tiwari,Keyboard,Electronics,-3.0,1800.0,1100,20,Chennai,Tamil Nadu,South,Amit,Credit Card
ORD1634,2026-01-22,C0303,Rohan Chauhan,Laptop,Electronics,3.0,55000.0,45000,0,Lucknow,Uttar Pradesh,North,Karan,UPI
ORD2627,2026-04-21,C0617,Simran Yadav,Notebook,Stationery,6.0,120.0,65,0,Lucknow,Uttar Pradesh,North,Sneha,Credit Card
ORD1416,2026-01-19,C0698,Meera Saxena,Smartphone,Electronics,4.0,28000.0,22000,0,Pune,Maharashtra,West,Karan,Net Banking
ORD3670,2026-08-13,C0579,Sneha Patel,Smartphone,Electronics,5.0,28000.0,22000,5,Ahmedabad,Gujarat,West,Sneha,Debit Card
ORD4832,2026-08-12,C0950,Simran Mehta,Pen Set,Stationery,1.0,250.0,140,20,Lucknow,Uttar Pradesh,North,Amit,UPI
ORD5851,2026-06-02,C0665,Sneha Kumar,Notebook,Stationery,5.0,120.0,65,0,Gorakhpur,Uttar Pradesh,North,Karan,UPI
ORD5842,2026-07-25,C0846,Rohan Joshi,Monitor,Electronics,7.0,18000.0,14000,0,Pune,Maharashtra,West,Ravi,Net Banking
ORD1788,2026-03-11,C0644,Rohan Saxena,Office Chair,Furniture,4.0,12000.0,8500,15,Gorakhpur,Uttar Pradesh,North,Amit,Credit Card
ORD1018,2026-03-11,C0551,Priya Singh,Laptop,Electronics,1.0,55000.0,45000,15,Bhubaneswar,Odisha,East,Neha,Cash
ORD2232,2026-06-11,C0250,Unknown Customer,Keyboard,Electronics,6.0,1800.0,1100,0,Hyderabad,Telangana,South,Neha,Net Banking
ORD5831,2026-04-09,C0286,Anjali Mehta,Keyboard,Electronics,2.0,1800.0,1100,5,Bengaluru,Karnataka,South,Neha,Cash
ORD4704,2026-01-20,C0043,Manish Mishra,Desk,Furniture,3.0,9000.0,6200,10,Chennai,Tamil Nadu,South,Ravi,Cash
ORD4929,2026-05-15,C0762,Sneha Patel,Pen Set,Stationery,3.0,250.0,140,10,Chennai,Tamil Nadu,South,Priya,Cash
ORD1597,2026-02-24,C0771,Meera Verma,Notebook,Stationery,4.0,120.0,65,0,Delhi,Delhi,North,Ravi,UPI
ORD3219,2026-06-29,C0723,Karan Sharma,Headphones,Electronics,3.0,3500.0,2200,5,Hyderabad,Telangana,South,Karan,Net Banking
ORD3183,2026-01-08,C0796,Karan Patel,Headphones,Electronics,1.0,3500.0,2200,5,Pune,Maharashtra,West,Neha,UPI
ORD3903,2026-01-28,C0948,Aditya Mishra,Office Chair,Furniture,1.0,12000.0,8500,15,Kolkata,West Bengal,East,Ravi,Debit Card
ORD5533,2026-02-17,C0171,Simran Verma,Notebook,Stationery,2.0,120.0,65,0,Delhi,Delhi,North,Neha,Net Banking
ORD5968,2026-05-28,C0234,Meera Sharma,Monitor,Electronics,2.0,18000.0,14000,15,Jaipur,Rajasthan,North,Amit,Cash
ORD4263,2026-08-08,C0889,Manish Tiwari,Office Chair,Furniture,6.0,12000.0,8500,15,Bengaluru,Karnataka,South,Priya,Credit Card
ORD1372,2026-06-07,C0119,Amit Yadav,Keyboard,Electronics,4.0,1800.0,1100,10,Jaipur,Rajasthan,North,Priya,UPI
ORD3534,2026-08-04,C0166,Kavita Chauhan,Pen Set,Stationery,3.0,250.0,140,15,Gorakhpur,Uttar Pradesh,North,Neha,Debit Card
ORD5302,2026-08-22,C0722,Arjun Verma,Laptop,Electronics,5.0,55000.0,45000,0,Jaipur,Rajasthan,North,Priya,Cash
ORD1599,2026-03-19,C0397,Anjali Sharma,Laptop,Electronics,2.0,55000.0,45000,20,Mumbai,Maharashtra,West,Neha,Credit Card
ORD1239,2026-04-16,C0430,Rahul Patel,Keyboard,Electronics,5.0,1800.0,1100,10,Lucknow,Uttar Pradesh,North,Karan,Debit Card
ORD4451,2026-01-21,C0282,Simran Agarwal,Pen Set,Stationery,6.0,250.0,140,15,Gorakhpur,Uttar Pradesh,North,Ravi,Cash
ORD5391,2026-05-24,C0599,Karan Agarwal,Desk,Furniture,4.0,9000.0,6200,5,Ahmedabad,Gujarat,West,Priya,UPI
ORD2947,2026-01-06,C0366,Kavita Mehta,Monitor,Electronics,1.0,18000.0,14000,0,Jaipur,Rajasthan,North,Ravi,UPI
ORD4742,2026-02-04,C0128,Aditya Verma,Notebook,Stationery,3.0,120.0,65,15,Chennai,Tamil Nadu,South,Neha,Credit Card
ORD3019,2026-06-18,C0868,Pooja Kumar,Printer,Electronics,3.0,16000.0,12500,10,Bhubaneswar,Odisha,East,Priya,Cash
ORD2352,2026-01-19,C0065,Neha Mehta,Desk,Furniture,4.0,9000.0,6200,0,Pune,Maharashtra,West,Priya,Debit Card
ORD3581,2026-02-15,C0194,Manish Mehta,Keyboard,Electronics,4.0,1800.0,1100,20,Delhi,Delhi,North,Priya,Credit Card
ORD4517,2026-04-12,C0200,Manish Singh,Notebook,Stationery,7.0,120.0,65,20,Jaipur,Rajasthan,North,Sneha,UPI
ORD4149,2026-01-25,C0114,Ravi Verma,Laptop,Electronics,2.0,55000.0,45000,0,Pune,Maharashtra,West,Ravi,Debit Card
ORD3790,2026-03-02,C0487,Aditya Mishra,Printer,Electronics,1.0,16000.0,12500,10,Mumbai,Maharashtra,West,Ravi,Credit Card
ORD3651,2026-02-01,C0833,Sneha Patel,Notebook,Stationery,4.0,120.0,65,10,Hyderabad,Telangana,South,Ravi,UPI
ORD2193,2026-05-19,C0702,Neha Kumar,Keyboard,Electronics,5.0,1800.0,1100,5,Bengaluru,Karnataka,South,Karan,Cash
ORD4257,2026-05-04,C0259,Arjun Tiwari,Office Chair,Furniture,3.0,12000.0,8500,15,Delhi,Delhi,North,Neha,UPI
ORD2559,2026-07-06,C0384,Rohan Agarwal,Headphones,Electronics,6.0,3500.0,2200,0,Hyderabad,Telangana,South,Sneha,Credit Card
ORD4362,2026-02-02,C0859,Aditya Yadav,Smartphone,Electronics,5.0,28000.0,22000,0,Jaipur,Rajasthan,North,Priya,Debit Card
ORD5279,2026-02-08,C0890,Anjali Sharma,Smartphone,Electronics,2.0,28000.0,22000,0,Kolkata,West Bengal,East,Priya,Net Banking
ORD2789,2026-05-12,C0587,Meera Mishra,Desk,Furniture,1.0,9000.0,6200,15,Gorakhpur,Uttar Pradesh,North,Amit,Net Banking
ORD2555,2026-01-05,C0309,Vikas Mishra,Pen Set,Stationery,7.0,250.0,140,10,Delhi,Delhi,North,Neha,UPI
ORD3168,2026-07-20,C0450,Karan Joshi,Laptop,Electronics,6.0,55000.0,45000,10,Kolkata,West Bengal,East,Karan,Net Banking
ORD3781,2026-05-24,C0691,Rohan Singh,Keyboard,Electronics,1.0,1800.0,1100,10,Bengaluru,Karnataka,South,Neha,Credit Card
ORD2221,2026-05-17,C0891,Shreya Kumar,Monitor,Electronics,3.0,18000.0,14000,5,Jaipur,Rajasthan,North,Sneha,UPI
ORD2984,2026-01-20,C0253,Aditya Sharma,Notebook,Stationery,6.0,120.0,65,5,Delhi,Delhi,North,Ravi,Credit Card
ORD1622,2026-06-18,C0731,Arjun Sharma,Laptop,Electronics,1.0,55000.0,45000,15,Hyderabad,Telangana,South,Neha,Credit Card
ORD3330,2026-04-21,C0193,Amit Singh,Pen Set,Stationery,6.0,250.0,140,0,Lucknow,Uttar Pradesh,North,Sneha,Credit Card
ORD4684,2026-01-06,C0864,Shreya Verma,Printer,Electronics,6.0,16000.0,12500,20,Delhi,Delhi,North,Priya,UPI
ORD1567,2026-05-15,C0413,Meera Joshi,Laptop,Electronics,2.0,55000.0,45000,15,Gorakhpur,Uttar Pradesh,North,Ravi,Net Banking
ORD4760,2026-08-27,C0843,Manish Joshi,Desk,Furniture,4.0,9000.0,6200,10,Jaipur,Rajasthan,North,Priya,Net Banking
ORD2236,2026-03-28,C0429,Kavita Agarwal,Laptop,Electronics,3.0,55000.0,45000,20,Lucknow,Uttar Pradesh,North,Neha,Net Banking
ORD2074,2026-08-27,C0114,Ravi Verma,Pen Set,Stationery,2.0,250.0,140,0,Ahmedabad,Gujarat,West,Ravi,UPI
ORD1052,2026-04-30,C0828,Anjali Verma,Notebook,Stationery,1.0,120.0,65,0,Gorakhpur,Uttar Pradesh,North,Neha,Credit Card
ORD1882,2026-08-13,C0366,Kavita Mehta,Office Chair,Furniture,2.0,12000.0,8500,20,Kolkata,West Bengal,East,Sneha,Credit Card
ORD5093,2026-07-19,C0063,Vikas Mishra,Laptop,Electronics,6.0,55000.0,45000,0,Delhi,Delhi,North,Priya,Net Banking
ORD3690,2026-02-05,C0303,Rohan Chauhan,Office Chair,Furniture,1.0,12000.0,8500,15,Pune,Maharashtra,West,Priya,Credit Card
ORD2346,2026-06-13,C0816,Ravi Singh,Laptop,Electronics,6.0,55000.0,45000,0,Kolkata,West Bengal,East,Sneha,Net Banking
ORD1535,2026-01-24,C0966,Shreya Kumar,Headphones,Electronics,1.0,3500.0,2200,15,Bhubaneswar,Odisha,East,Ravi,UPI
ORD4232,2026-06-14,C0499,Kavita Yadav,Office Chair,Furniture,2.0,12000.0,8500,15,Delhi,Delhi,North,Karan,Debit Card
ORD3340,2026-04-25,C0554,Amit Kumar,Smartphone,Electronics,6.0,28000.0,22000,10,Lucknow,Uttar Pradesh,North,Amit,Credit Card
ORD1444,2026-02-26,C0894,Shreya Tiwari,Office Chair,Furniture,5.0,12000.0,8500,15,Gorakhpur,Uttar Pradesh,North,Priya,Net Banking
ORD3331,2026-07-23,C0685,Ravi Verma,Office Chair,Furniture,2.0,,8500,15,Kolkata,West Bengal,East,Priya,Cash
ORD1196,2026-06-24,C0111,Vikas Mishra,Desk,Furniture,7.0,9000.0,6200,15,Gorakhpur,Uttar Pradesh,North,Ravi,Net Banking
ORD4001,2026-05-11,C0181,Anjali Mishra,Keyboard,Electronics,6.0,1800.0,1100,15,Lucknow,Uttar Pradesh,NORTH,Karan,Debit Card
ORD5442,2026-06-12,C0571,Varun Kumar,Notebook,Stationery,7.0,120.0,65,5,Jaipur,Rajasthan,North,Priya,Net Banking
ORD5408,2026-03-24,C0018,Rohan Kumar,Monitor,Electronics,5.0,18000.0,14000,10,Delhi,Delhi,North,Sneha,Cash
ORD5507,2026-01-13,C0905,Meera Gupta,Smartphone,Electronics,6.0,28000.0,22000,10,Jaipur,Rajasthan,North,Priya,Credit Card
ORD4047,2026-07-07,C0743,Anjali Tiwari,Headphones,Electronics,,3500.0,2200,20,Kolkata,West Bengal,East,Priya,Debit Card
ORD5702,2026-01-21,C0436,Kavita Mishra,Office Chair,Furniture,3.0,12000.0,8500,20,Chennai,Tamil Nadu,South,Ravi,UPI
ORD4009,2026-06-03,C0695,Manish Tiwari,Keyboard,Electronics,2.0,1800.0,1100,20,Ahmedabad,Gujarat,West,Ravi,Cash
ORD3597,2026-05-22,C0924,Arjun Yadav,Pen Set,Stationery,3.0,250.0,140,0,Jaipur,Rajasthan,North,Sneha,Cash
ORD3965,2026-03-04,C0877,Sneha Patel,Monitor,Electronics,4.0,18000.0,14000,15,Lucknow,Uttar Pradesh,North,Amit,Credit Card
ORD3548,2026-04-11,C0716,Ravi Singh,Keyboard,Electronics,5.0,1800.0,1100,20,Hyderabad,Telangana,South,Sneha,Debit Card
ORD1645,2026-07-23,C0102,Ravi Agarwal,Headphones,Electronics,1.0,3500.0,2200,10,Hyderabad,Telangana,South,Ravi,UPI
ORD4762,2026-03-29,C0245,Rohan Patel,Laptop,Electronics,3.0,55000.0,45000,5,Gorakhpur,Uttar Pradesh,North,Ravi,UPI
ORD4574,2026-05-07,C0998,Karan Tiwari,Desk,Furniture,7.0,9000.0,6200,5,Pune,Maharashtra,West,Karan,Debit Card
ORD3481,2026-05-13,C0576,Varun Chauhan,Notebook,Stationery,1.0,120.0,65,15,Chennai,Tamil Nadu,South,Amit,Credit Card
ORD5430,2026-04-26,C0170,Rohan Yadav,Office Chair,Furniture,3.0,12000.0,8500,10,Jaipur,Rajasthan,North,Amit,UPI
ORD1121,2026-04-16,C0073,Karan Gupta,Desk,Furniture,,9000.0,6200,15,Hyderabad,Telangana,South,Ravi,UPI
ORD3239,2026-03-30,C0495,Arjun Saxena,Keyboard,Electronics,3.0,1800.0,1100,0,Jaipur,Rajasthan,North,Neha,Credit Card
ORD2903,2026-08-20,C0058,Manish Sharma,Keyboard,electronics,3.0,1800.0,1100,15,Lucknow,Uttar Pradesh,North,Ravi,UPI
ORD5919,2026-04-02,C0542,Arjun Gupta,Keyboard,Electronics,4.0,1800.0,1100,15,Bengaluru,Karnataka,South,Amit,Credit Card
ORD3488,2026-04-02,C0143,Nisha Mishra,Keyboard,Electronics,7.0,1800.0,1100,5,Pune,Maharashtra,West,Ravi,Cash
ORD4670,2026-01-13,C0146,Shreya Mishra,Notebook,Stationery,1.0,120.0,65,10,Ahmedabad,Gujarat,West,Amit,Credit Card
ORD1135,2026-03-26,C0385,Meera Joshi,Desk,Furniture,7.0,9000.0,6200,0,Bhubaneswar,Odisha,East,Priya,Credit Card
ORD3496,2026-03-12,C0350,Priya Agarwal,Keyboard,Electronics,4.0,1800.0,1100,10,Ahmedabad,Gujarat,West,Neha,Credit Card
ORD3003,2026-08-28,C0116,Vikas Mehta,Notebook,Stationery,3.0,120.0,65,0,Bhubaneswar,Odisha,East,Neha,UPI
ORD4903,2026-03-15,C0520,Rohan Verma,Pen Set,Stationery,5.0,250.0,140,0,Lucknow,Uttar Pradesh,North,Priya,Credit Card
ORD1185,2026-02-11,C0029,Karan Sharma,Smartphone,Electronics,5.0,28000.0,22000,10,Kolkata,West Bengal,East,Ravi,Net Banking
ORD3971,2026-01-15,C0117,,Monitor,Electronics,1.0,18000.0,14000,10,Delhi,Delhi,North,Karan,
ORD3139,2026-05-16,C0671,Meera Saxena,Laptop,Electronics,1.0,55000.0,45000,0,Hyderabad,Telangana,South,Priya,Debit Card
ORD1512,2026-04-21,C0749,Priya Kumar,Notebook,Stationery,4.0,120.0,65,15,Bhubaneswar,Odisha,East,Sneha,
ORD2500,2026-05-11,C0058,Manish Sharma,Laptop,Electronics,1.0,55000.0,45000,0,Lucknow,Uttar Pradesh,North,Amit,UPI
ORD1063,2026-01-18,C0461,Priya Singh,Desk,Furniture,1.0,9000.0,6200,5,Chennai,Tamil Nadu,South,Ravi,Net Banking
ORD5795,2026-04-21,C0770,Kavita Mehta,Keyboard,Electronics,4.0,1800.0,1100,0,Gorakhpur,Uttar Pradesh,North,Ravi,UPI
ORD3877,2026-04-13,C0073,Karan Gupta,Notebook,Stationery,6.0,120.0,65,10,Kolkata,West Bengal,East,Neha,UPI
ORD4769,2026-05-02,C0563,Manish Saxena,Smartphone,Electronics,3.0,28000.0,22000,5,Gorakhpur,Uttar Pradesh,North,Sneha,UPI
ORD5351,2026-05-03,C0412,Karan Yadav,Laptop,Electronics,7.0,55000.0,45000,20,Hyderabad,Telangana,South,Sneha,Credit Card
ORD1764,2026-01-30,C0519,Meera Agarwal,Laptop,Electronics,1.0,55000.0,45000,15,Bengaluru,Karnataka,South,Priya,Debit Card
ORD1252,2026-04-08,C0552,Sneha Sharma,Keyboard,Electronics,6.0,1800.0,1100,15,Ahmedabad,Gujarat,West,Sneha,Debit Card
ORD4015,2026-07-28,C0213,Rahul Sharma,Desk,Furniture,7.0,9000.0,6200,0,Lucknow,Uttar Pradesh,North,Sneha,Credit Card
ORD2850,2026-06-05,C0073,Karan Gupta,Notebook,Stationery,3.0,120.0,65,15,Ahmedabad,Gujarat,West,Priya,Net Banking
ORD2425,2026-06-02,C0546,Arjun Mehta,Pen Set,Stationery,2.0,250.0,140,10,Delhi,Delhi,North,Sneha,Net Banking
ORD3644,2026-05-20,C0096,Rahul Yadav,Keyboard,Electronics,4.0,1800.0,1100,0,Bengaluru,Karnataka,South,Neha,UPI
ORD4621,2026-06-06,C0744,Varun Mishra,Pen Set,Stationery,6.0,250.0,140,20,Mumbai,Maharashtra,West,Ravi,Credit Card
ORD1123,2026-08-07,C0251,Manish Mishra,Keyboard,Electronics,6.0,1800.0,1100,5,Jaipur,Rajasthan,North,Karan,UPI
ORD2752,2026-08-24,C0093,Varun Mishra,Office Chair,Furniture,5.0,12000.0,8500,20,Hyderabad,Telangana,South,Ravi,UPI
ORD4789,2026-04-23,C0068,Amit Singh,Printer,Electronics,2.0,16000.0,12500,0,Ahmedabad,Gujarat,West,Priya,Credit Card
ORD2920,2026-03-15,C0909,Ravi Mehta,Printer,Electronics,7.0,16000.0,12500,10,Bhubaneswar,Odisha,East,Amit,Cash
ORD4067,2026-04-04,C0251,Manish Mishra,Desk,Furniture,5.0,9000.0,6200,15,Mumbai,Maharashtra,West,Sneha,Credit Card
ORD1568,2026-08-01,C0145,Anjali Tiwari,Office Chair,Furniture,6.0,12000.0,8500,10,Jaipur,Rajasthan,North,Sneha,Debit Card
ORD4350,2026-08-09,C0407,Ravi Joshi,Pen Set,Stationery,3.0,250.0,140,5,Delhi,Delhi,North,Ravi,Debit Card
ORD5815,2026-05-30,C0936,Priya Verma,Office Chair,Furniture,1.0,12000.0,8500,10,Bhubaneswar,Odisha,East,Ravi,Cash
ORD3842,2026-04-12,C0421,Priya Kumar,Smartphone,Electronics,7.0,28000.0,22000,0,Delhi,Delhi,North,Sneha,UPI
ORD1808,2026-07-28,C0637,Simran Patel,Notebook,Stationery,5.0,120.0,65,10,Mumbai,Maharashtra, North ,Amit,Cash
ORD2621,2026-05-26,C0689,Aditya Yadav,Desk,Furniture,6.0,9000.0,6200,15,Ahmedabad,Gujarat,West,Ravi,Cash
ORD2589,2026-05-14,C0763,Rahul Sharma,Laptop,Electronics,7.0,55000.0,45000,10,Bengaluru,Karnataka,South,Karan,Debit Card
ORD3355,2026-03-11,C0859,Aditya Yadav,Laptop,Electronics,1.0,55000.0,45000,15,Hyderabad,Telangana,South,Ravi,Cash
ORD2104,2026-06-30,C0268,Shreya Singh,Keyboard,Electronics,3.0,1800.0,1100,15,Hyderabad,Telangana,South,Neha,UPI
ORD2785,2026-05-19,C0255,Neha Patel,Printer,Electronics,5.0,16000.0,12500,10,Bengaluru,Karnataka,South,Neha,Credit Card
ORD1721,2026-04-25,C0217,Pooja Singh,Monitor,Electronics,2.0,18000.0,14000,20,Bengaluru,Karnataka,South,Sneha,Cash
ORD3751,2026-04-04,C0674,Sneha Sharma,Office Chair,Furniture,5.0,12000.0,8500,10,Delhi,Delhi,North,Karan,Cash
ORD5070,2026-05-26,C0830,Manish Yadav,Headphones,Electronics,7.0,3500.0,2200,10,Lucknow,Uttar Pradesh,North,Sneha,Debit Card
ORD2445,2026-01-31,C0577,Arjun Kumar,Office Chair,Furniture,6.0,12000.0,8500,10,Kolkata,West Bengal,East,Karan,Net Banking
ORD5911,2026-03-19,C0003,Nisha Gupta,Pen Set,Stationery,1.0,250.0,140,15,Kolkata,West Bengal,East,Ravi,Net Banking
ORD1603,2026-06-11,C0639,Rahul Joshi,Pen Set,Stationery,6.0,250.0,140,10,Jaipur,Rajasthan,North,Ravi,Cash
ORD3516,2026-01-13,C0045,Karan Sharma,Laptop,Electronics,1.0,55000.0,45000,15,Chennai,Tamil Nadu,South,Ravi,Credit Card
ORD3232,2026-02-20,C0581,Pooja Joshi,Notebook,Stationery,6.0,120.0,65,20,Ahmedabad,Gujarat,West,Karan,UPI
ORD3438,2026-03-18,C0381,Shreya Singh,Office Chair,Furniture,6.0,12000.0,8500,15,Lucknow,Uttar Pradesh,North,Karan,Net Banking
ORD3493,2026-03-31,C0762,Sneha Patel, Laptop,Electronics,2.0,16000.0,12500,20,Kolkata,West Bengal,East,Priya,UPI
ORD1319,2026-02-14,C0331,Shreya Gupta,Laptop,Electronics,2.0,55000.0,45000,20,Bhubaneswar,Odisha,East,Sneha,Debit Card
ORD4629,2026-05-06,C0541,Meera Tiwari,Monitor,Electronics,5.0,18000.0,14000,20,Chennai,Tamil Nadu,South,Karan,Net Banking
ORD2488,2026-08-20,C0528,Nisha Saxena,Pen Set,Stationery,2.0,250.0,140,10,Delhi,Delhi,North,Priya,UPI
ORD1275,2026-03-17,C0569,Nisha Chauhan,Pen Set,Stationery,7.0,250.0,140,10,Kolkata,West Bengal,East,Ravi,Credit Card
ORD2895,2026-03-23,C0989,Anjali Gupta,Desk,Furniture,3.0,9000.0,6200,5,Kolkata,West Bengal,East,Ravi,Net Banking
ORD1550,2026-03-02,C0762,Sneha Patel,Headphones,Electronics,5.0,3500.0,2200,15,Mumbai,Maharashtra,West,Karan,Debit Card
ORD3595,2026-07-09,C0490,Karan Mehta,Pen Set,Stationery,3.0,250.0,140,15,Hyderabad,Telangana,South,Karan,Debit Card
ORD3120,2026-02-25,C0942,Anjali Mehta,Laptop,Electronics,7.0,55000.0,45000,10,Jaipur,Rajasthan,North,Ravi,Cash
ORD5923,2026-07-10,C0948,Aditya Mishra,Laptop,Electronics,7.0,55000.0,45000,5,Bengaluru,Karnataka,South,Amit,Debit Card
ORD5828,2026-07-03,C0691,Rohan Singh,Monitor,Electronics,5.0,18000.0,14000,10,Mumbai,Maharashtra,West,Priya,UPI
ORD1606,2026-03-03,C0919,Rohan Saxena,laptop,Electronics,7.0,1800.0,1100,5,Mumbai,Maharashtra,West,Karan,Net Banking
ORD5084,2026-05-05,C0531,Amit Yadav,Headphones,Electronics,1.0,3500.0,2200,0,Bhubaneswar,Odisha,East,Priya,Debit Card
ORD1528,2026-08-07,C0532,Manish Chauhan,Monitor,Electronics,2.0,18000.0,14000,10,Pune,Maharashtra,West,Ravi,Net Banking
ORD3838,2026-01-05,C0614,Varun Agarwal,Laptop,Electronics,1.0,55000.0,45000,15,Pune,Maharashtra,West,Amit,Debit Card
ORD3380,2026-02-18,C0574,Manish Agarwal,Office Chair,Furniture,4.0,12000.0,8500,5,Hyderabad,Telangana,South,Priya,UPI
ORD3911,2026-08-24,C0780,Sneha Verma,Keyboard,Electronics,2.0,1800.0,1100,15,Chennai,Tamil Nadu,South,Priya,Debit Card
ORD4827,2026-07-11,C0822,Meera Agarwal,Pen Set,Stationery,1.0,250.0,140,10,Pune,Maharashtra,West,Amit,UPI
ORD5856,2026-06-18,C0934,Simran Singh,Keyboard,Electronics,7.0,1800.0,1100,5,Delhi,Delhi,North,Ravi,Net Banking
ORD3697,2026-04-06,C0940,Vikas Mishra,Desk,Furniture,5.0,9000.0,6200,10,Jaipur,Rajasthan,North,Karan,UPI
ORD1299,2026-08-28,C0616,Rahul Joshi,Printer,Electronics,1.0,16000.0,12500,15,Bengaluru,Karnataka,South,Amit,Credit Card
ORD3688,2026-07-14,C0848,Neha Tiwari,Monitor,Electronics,2.0,18000.0,14000,15,Jaipur,Rajasthan,North,Sneha,Debit Card
ORD3573,2026-05-30,C0627,Aditya Kumar,Pen Set,Stationery,4.0,250.0,140,0,Lucknow,Uttar Pradesh,North,Priya,Cash
ORD2635,2026-01-26,C0690,Rohan Verma,Pen Set,Stationery,5.0,250.0,140,0,Pune,Maharashtra,West,Priya,Cash
ORD5438,2026-05-09,C0189,Arjun Gupta,Keyboard,Electronics,5.0,1800.0,1100,15,Bhubaneswar,Odisha,East,Karan,Credit Card
ORD4780,2026-05-13,C0030,Aditya Saxena,Smartphone,Electronics,6.0,28000.0,22000,10,Bhubaneswar,Odisha,East,Amit,Cash
ORD2075,2026-06-25,C0448,Shreya Patel,Desk,Furniture,7.0,9000.0,6200,5,Hyderabad,Telangana,South,Ravi,Net Banking
ORD3647,2026-03-15,C0303,Rohan Chauhan,Headphones,Electronics,4.0,3500.0,2200,20,Gorakhpur,Uttar Pradesh,North,Neha,UPI
ORD3810,2026-06-16,C0370,Neha Singh,Office Chair,Furniture,4.0,12000.0,8500,15,Bengaluru,Karnataka,South,Ravi,UPI
ORD4765,2026-06-13,C0908,Karan Chauhan,Monitor,Electronics,4.0,18000.0,14000,10,Hyderabad,Telangana,South,Sneha,Net Banking
ORD1757,2026-02-08,C0744,Varun Mishra,Office Chair,electronics,7.0,12000.0,8500,5,Hyderabad,Telangana,South,Sneha,Credit Card
ORD2045,2026-02-11,C0812,Pooja Tiwari,Notebook,Stationery,4.0,120.0,65,15,Pune,Maharashtra,West,Priya,Cash
ORD3819,2026-05-03,C0228,Kavita Tiwari,Pen Set,Stationery,4.0,250.0,140,10,Mumbai,Maharashtra,West,Neha,UPI
ORD4317,2026-05-26,C0242,Amit Saxena,Keyboard,Electronics,7.0,1800.0,1100,15,Hyderabad,Telangana,South,Ravi,Debit Card
ORD2254,2026-05-05,C0252,Arjun Joshi,Monitor,Electronics,7.0,18000.0,14000,15,Bhubaneswar,Odisha,East,Ravi,Net Banking
ORD2861,2026-04-29,C0355,Nisha Chauhan,Office Chair,Furniture,6.0,12000.0,8500,0,Pune,Maharashtra,West,Sneha,Debit Card
ORD4951,2026-02-09,C0819,Neha Kumar,Notebook,Stationery,3.0,120.0,65,10,Mumbai,Maharashtra,West,Amit,Credit Card
ORD2880,2026-06-13,C0740,Shreya Singh,Printer, Electronics ,7.0,16000.0,12500,5,Hyderabad,Telangana,South,Ravi,Net Banking
ORD1377,2026-03-22,C0871,Aditya Yadav,Office Chair,Furniture,6.0,12000.0,8500,10,Kolkata,West Bengal,East,Sneha,Net Banking
ORD5711,2026-04-14,C0878,Nisha Kumar,Monitor,Electronics,2.0,18000.0,14000,10,Mumbai,Maharashtra,West,Sneha,Net Banking
ORD2076,2026-04-11,C0184,Rahul Patel,Monitor,Electronics,7.0,18000.0,14000,20,Kolkata,West Bengal,East,Karan,Net Banking
ORD2910,2026-06-19,C0237,Simran Verma,Desk,Furniture,4.0,9000.0,6200,5,Kolkata,West Bengal,East,Sneha,Net Banking
ORD1843,2026-01-14,C0671,Meera Saxena,Printer,Electronics,6.0,16000.0,12500,15,Chennai,Tamil Nadu,South,Priya,Net Banking
ORD1379,2026-01-25,C0219,Karan Verma,Notebook,Stationery,,120.0,65,10,Delhi,Delhi,North,Karan,Credit Card
ORD2188,2026-04-25,C0188,Ravi Tiwari,Monitor,Electronics,3.0,18000.0,14000,5,,Odisha,East,Karan,Credit Card
ORD2322,2026-06-17,C0445,Karan Saxena,Monitor,Electronics,4.0,18000.0,14000,5,Gorakhpur,Uttar Pradesh,North,Karan,Debit Card
ORD5174,2026-03-05,C0004,Neha Tiwari,Laptop,Electronics,4.0,55000.0,45000,20,Bhubaneswar,Odisha,East,Priya,Cash
ORD1965,2026-02-11,C0301,Arjun Yadav,Office Chair,Furniture,3.0,12000.0,8500,20,Jaipur,Rajasthan,North,Sneha,Net Banking
ORD4881,2026-07-18,C0867,Anjali Agarwal,Desk,Furniture,1.0,9000.0,6200,5,Jaipur,Rajasthan,North,Ravi,Credit Card
ORD2933,2026-01-10,C0180,Vikas Gupta,Notebook,Stationery,7.0,120.0,65,10,Gorakhpur,Uttar Pradesh,North,Neha,Debit Card
ORD4837,2026-06-23,C0534,Simran Chauhan,Smartphone,Electronics,4.0,28000.0,22000,10,Ahmedabad,Gujarat,West,Neha,Net Banking
ORD2293,2026-03-12,C0783,Vikas Saxena,Notebook,Stationery,5.0,120.0,65,0,Gorakhpur,Uttar Pradesh,North,Amit,Net Banking
ORD4271,2026-08-14,C0235,Manish Agarwal,Printer,Electronics,5.0,16000.0,12500,0,Hyderabad,Telangana,South,Ravi,UPI
ORD4215,2026-02-20,C0583,Rahul Patel,Pen Set,Stationery,5.0,250.0,140,10,Bengaluru,Karnataka,South,Karan,UPI
ORD3304,2026-08-24,C0823,Meera Mehta,Printer,Electronics,7.0,16000.0,12500,10,Hyderabad,Telangana,South,Sneha,Credit Card
ORD5952,2026-06-21,C0229,Priya Gupta,Office Chair,Furniture,3.0,12000.0,8500,5,Ahmedabad,Gujarat,West,Sneha,Cash
ORD1795,2026-05-08,C0980,Rohan Gupta,Pen Set,Stationery,1.0,250.0,140,20,Kolkata,West Bengal,East,Amit,Cash
ORD4323,2026-01-03,C0844,Rohan Kumar,Office Chair,Furniture,6.0,12000.0,8500,20,Mumbai,Maharashtra,West,Neha,Net Banking
ORD3578,2026-07-15,C0451,Sneha Sharma,Printer,Electronics,2.0,16000.0,12500,15,Mumbai,Maharashtra,West,Karan,Net Banking
ORD2935,2026-05-15,C0947,Karan Joshi,Office Chair,Furniture,4.0,12000.0,8500,20,Mumbai,Maharashtra,West,Sneha,Credit Card
ORD1176,2026-04-27,C0630,Aditya Agarwal,Pen Set,Stationery,2.0,250.0,140,10,Ahmedabad,Gujarat,West,Sneha,Net Banking
ORD3779,2026-05-14,C0246,Rohan Tiwari,Monitor,Electronics,1.0,18000.0,14000,5,Kolkata,West Bengal,East,Sneha,Debit Card
ORD5859,2026-03-13,C0031,Ravi Mishra,Notebook,Stationery,4.0,120.0,65,0,Pune,Maharashtra,West,Ravi,UPI
ORD3005,2026-03-31,C0421,Priya Kumar,Headphones,Electronics,2.0,3500.0,2200,0,Hyderabad,Telangana,South,Neha,UPI
ORD1046,2026-07-31,C0766,Karan Agarwal,Smartphone,Electronics,5.0,28000.0,22000,150,Delhi,Delhi,North,Karan,UPI
ORD3793,2026-06-04,C0098,Manish Gupta,Monitor,Electronics,4.0,18000.0,14000,10,Chennai,Tamil Nadu,South,Amit,Cash
ORD4310,2026-06-07,C0350,Priya Agarwal,Pen Set,Stationery,4.0,250.0,140,10,Ahmedabad,Gujarat,West,Neha,Net Banking
ORD3728,2026-01-06,C0118,Meera Yadav,Laptop,Electronics,5.0,55000.0,45000,0,Jaipur,Rajasthan,North,Priya,Credit Card
ORD5782,2026-04-22,C0412,Karan Yadav,Pen Set, Electronics ,2.0,250.0,140,5,Pune,Maharashtra,West,Karan,Debit Card
ORD2542,2026-02-28,C0863,Manish Joshi,Headphones,Electronics,5.0,3500.0,2200,0,Lucknow,Uttar Pradesh,North,Sneha,UPI
ORD2667,2026-01-20,C0051,Ravi Chauhan,Desk,Furniture,5.0,9000.0,6200,0,Bengaluru,Karnataka,South,Sneha,Cash
ORD4078,2026-08-23,C0925,Rahul Verma,Headphones,Electronics,3.0,3500.0,2200,5,Bengaluru,Karnataka,South,Ravi,Net Banking
ORD2882,2026-03-26,C0713,Ravi Mehta,Office Chair,Furniture,1.0,12000.0,8500,5,Chennai,Tamil Nadu,South,Karan,Net Banking
ORD4457,2026-05-02,C0852,Varun Gupta,Keyboard,Electronics,1.0,1800.0,1100,10,Jaipur,Rajasthan,North,Karan,Debit Card
ORD2721,2026-07-07,C0989,Anjali Gupta,laptop,Furniture,2.0,9000.0,6200,15,Mumbai,Maharashtra,West,Ravi,Cash
ORD4144,2026-07-03,C0428,Anjali Saxena,laptop,Electronics,5.0,28000.0,22000,15,Mumbai,Maharashtra,West,Amit,UPI
ORD3460,2026-04-04,C0204,Simran Kumar,Printer,Electronics,1.0,16000.0,12500,20,Hyderabad,Telangana,South,Priya,Cash
ORD1284,2026-08-12,C0020,Nisha Mehta,Notebook,Stationery,2.0,120.0,65,20,Bengaluru,Karnataka,South,Priya,Cash
ORD5614,2026-04-10,C0910,Rahul Agarwal,Headphones,Electronics,6.0,3500.0,2200,10,Delhi,Delhi,North,Amit,Credit Card
ORD2033,2026-06-01,C0055,Kavita Kumar,Keyboard,Electronics,4.0,1800.0,1100,0,Lucknow,Uttar Pradesh,North,Ravi,Debit Card
ORD2426,2026-08-04,C0586,Sneha Saxena,Desk,Furniture,2.0,9000.0,6200,5,Kolkata,West Bengal,East,Amit,Cash
ORD4168,2026-07-23,C0140,Arjun Tiwari,Headphones,Electronics,4.0,3500.0,2200,20,Bhubaneswar,Odisha,East,Karan,Debit Card
ORD5578,2026-01-10,C0006,Shreya Agarwal,Office Chair,Furniture,6.0,12000.0,8500,15,Pune,Maharashtra,West,Ravi,Net Banking
ORD1878,2026-03-13,C0210,Rahul Sharma,Keyboard,Electronics,5.0,1800.0,1100,0,Mumbai,Maharashtra,West,Sneha,Debit Card
ORD3101,2026-07-31,C0959,Rahul Mishra,Printer,Electronics,1.0,16000.0,12500,5,Pune,Maharashtra,West,Ravi,UPI
ORD2169,2026-07-11,C0257,Priya Yadav,Pen Set,Stationery,2.0,250.0,140,5,Mumbai,Maharashtra,West,Ravi,Cash
ORD3590,2026-01-25,C0016,Manish Singh,Printer,Electronics,2.0,16000.0,12500,5,Hyderabad,Telangana,South,Sneha,Credit Card
ORD4274,2026-01-05,C0606,Rohan Patel,Desk,Furniture,3.0,9000.0,6200,0,Hyderabad,Telangana,South,Amit,UPI
ORD3733,2026-01-28,C0427,Ravi Joshi,Office Chair,Furniture,1.0,12000.0,8500,0,Jaipur,Rajasthan,North,Amit,Cash
ORD3216,2026-05-29,C0986,Arjun Mehta,Desk,Furniture,5.0,9000.0,6200,0,Hyderabad,Telangana,South,Neha,UPI
ORD2673,2026-06-08,C0435,Amit Mishra,Laptop,Electronics,1.0,55000.0,45000,20,Gorakhpur,Uttar Pradesh,North,Neha,Cash
ORD2048,2026-06-26,C0640,Manish Yadav,Office Chair,Furniture,6.0,12000.0,8500,20,Pune,Maharashtra,West,Priya,Cash
ORD4339,2026-05-02,C0972,Amit Agarwal,Printer,Electronics,2.0,16000.0,12500,5,Bhubaneswar,Odisha,East,Priya,Credit Card
ORD5586,2026-03-17,C0824,Pooja Agarwal,Monitor,Electronics,3.0,18000.0,14000,15,Mumbai,Maharashtra,West,Ravi,Cash
ORD3519,2026-07-26,C0780,Sneha Verma,Office Chair,Furniture,2.0,12000.0,8500,15,Lucknow,Uttar Pradesh,North,Sneha,UPI
ORD4165,2026-04-20,C0309,Vikas Mishra,Pen Set,Stationery,4.0,250.0,140,0,Lucknow,Uttar Pradesh,North,Priya,Net Banking
ORD2520,2026-02-23,C0996,Simran Chauhan,Headphones,Electronics,5.0,3500.0,2200,10,Hyderabad,Telangana,South,Sneha,Cash
ORD1100,2026-07-28,C0895,Shreya Agarwal,Laptop,Electronics,7.0,55000.0,45000,20,Gorakhpur,Uttar Pradesh,North,Priya,Net Banking
ORD2085,2026-06-06,C0830,Manish Yadav,Monitor,Electronics,1.0,18000.0,14000,20,Ahmedabad,Gujarat,West,Priya,UPI
ORD2898,2026-02-08,C0490,Karan Mehta,Notebook,Stationery,3.0,120.0,65,0,Ahmedabad,Gujarat,West,Neha,UPI
ORD2392,2026-07-22,C0303,Rohan Chauhan,Office Chair,Furniture,4.0,12000.0,8500,0,Bengaluru,Karnataka,South,Ravi,Cash
ORD2245,2026-06-22,C0918,Pooja Tiwari,Pen Set,Stationery,2.0,250.0,140,0,Delhi,Delhi,North,Sneha,Debit Card
ORD1352,2026-08-02,C0831,Amit Singh,Headphones,Electronics,5.0,3500.0,2200,20,Jaipur,Rajasthan,North,Ravi,Net Banking
ORD3772,2026-06-24,C0110,Arjun Yadav,Pen Set,Stationery,6.0,250.0,140,0,Ahmedabad,Gujarat,West,Karan,Net Banking
ORD2057,2026-04-04,C0815,Amit Gupta,Smartphone,Electronics,3.0,28000.0,22000,20,Jaipur,Rajasthan,North,Sneha,Debit Card
ORD1916,2026-04-22,C0253,Aditya Sharma,Laptop,Electronics,6.0,55000.0,45000,5,Delhi,Delhi,North,Amit,Debit Card
ORD5830,2026-05-10,C0845,Kavita Mishra,Desk,Furniture,5.0,9000.0,6200,10,Lucknow,Uttar Pradesh,North,Sneha,Cash
ORD1719,2026-03-08,C0225,Nisha Mishra,Headphones,Electronics,2.0,3500.0,2200,20,Jaipur,Rajasthan,North,Ravi,Net Banking
ORD3742,2026-04-03,C0002,Amit Saxena,Headphones,Electronics,,3500.0,2200,10,Mumbai,Maharashtra,West,Karan,Cash
ORD5270,2026-01-21,C0074,Kavita Sharma,Printer,Electronics,4.0,16000.0,12500,10,Lucknow,Uttar Pradesh,North,Ravi,Net Banking
ORD2554,2026-05-16,C0351,Sneha Tiwari,Office Chair,Furniture,2.0,12000.0,8500,0,Chennai,Tamil Nadu,South,Amit,Debit Card
ORD1309,2026-02-12,C0684,Arjun Sharma,Printer,Electronics,3.0,16000.0,12500,0,Bengaluru,Karnataka,South,Sneha,UPI
ORD3655,2026-06-08,C0688,Rohan Agarwal,Pen Set,Stationery,2.0,250.0,140,0,Chennai,Tamil Nadu,South,Priya,Net Banking
ORD1834,2026-01-29,C0015,Rahul Yadav,Keyboard,Electronics,6.0,1800.0,1100,10,Jaipur,Rajasthan,North,Amit,Credit Card
ORD1367,2026-07-19,C0761,Sneha Verma,Desk,Furniture,1.0,9000.0,6200,10,Chennai,Tamil Nadu,South,Neha,Cash
ORD3275,2026-04-20,C0273,Meera Saxena,Keyboard,Electronics,1.0,1800.0,1100,10,Ahmedabad,Gujarat,West,Sneha,UPI
ORD3108,2026-04-13,C0464,Meera Patel,Keyboard,Electronics,4.0,1800.0,1100,10,Hyderabad,Telangana,South,Ravi,Credit Card
ORD2439,2026-05-17,C0300,Anjali Saxena,Printer, Electronics ,2.0,16000.0,12500,0,Jaipur,Rajasthan,North,Neha,Net Banking
ORD4818,2026-02-28,C0160,Sneha Chauhan,Smartphone,Electronics,4.0,28000.0,22000,15,Hyderabad,Telangana,South,Priya,Net Banking
ORD3577,2026-01-04,C0119,Amit Yadav,Monitor,Electronics,5.0,18000.0,14000,5,Gorakhpur,Uttar Pradesh,North,Priya,Cash
ORD4435,2026-03-01,C0117,Sneha Singh,Desk,Furniture,2.0,9000.0,6200,5,Hyderabad,Telangana,South,Neha,Cash
ORD1020,2026-01-23,C0440,Amit Yadav,Headphones,Electronics,6.0,3500.0,2200,10,Jaipur,Rajasthan,North,Karan,UPI
ORD4110,2026-04-19,C0129,Ravi Kumar,Laptop ,Stationery,1.0,120.0,65,10,Bengaluru,Karnataka,South,Ravi,Net Banking
ORD5529,2026-05-31,C0705,Nisha Verma,Monitor,Electronics,2.0,18000.0,14000,0,Pune,Maharashtra,West,Sneha,Debit Card
ORD4755,2026-03-27,C0371,Priya Verma,Headphones,Electronics,3.0,3500.0,2200,10,Kolkata,West Bengal,East,Neha,Debit Card
ORD1219,2026-07-11,C0031,Ravi Mishra,Laptop,Electronics,2.0,55000.0,45000,20,Lucknow,Uttar Pradesh,North,Ravi,Debit Card
ORD3479,2026-04-07,C0986,Arjun Mehta,Pen Set,Stationery,4.0,250.0,140,0,Kolkata,West Bengal,East,Ravi,Debit Card
ORD1439,2026-07-28,C0951,Pooja Patel,Monitor,Electronics,1.0,18000.0,14000,10,Jaipur,Rajasthan,North,Ravi,Cash
ORD2150,2026-06-20,C0335,Rahul Singh,Printer,Electronics,4.0,16000.0,12500,0,Ahmedabad,Gujarat,West,Amit,UPI
ORD2011,2026-05-21,C0043,Manish Mishra,Keyboard,Electronics,4.0,1800.0,1100,20,Kolkata,West Bengal,East,Priya,Net Banking
ORD4337,2026-01-03,C0705,Nisha Verma,Office Chair,Furniture,4.0,12000.0,8500,10,Gorakhpur,Uttar Pradesh,North,Sneha,Debit Card
ORD4484,2026-05-19,C0333,Aditya Tiwari,Desk,Furniture,6.0,9000.0,6200,10,Bengaluru,Karnataka,South,Ravi,Cash
ORD4571,2026-08-28,C0976,Arjun Sharma,Notebook,Stationery,3.0,120.0,65,15,Pune,Maharashtra,West,Sneha,Debit Card
ORD5678,2026-01-10,C0890,Anjali Sharma,Office Chair,Furniture,2.0,12000.0,8500,5,Chennai,Tamil Nadu,South,Karan,Debit Card
ORD3192,2026-04-18,C0383,Meera Chauhan,Monitor,Electronics,2.0,18000.0,14000,20,Lucknow,Uttar Pradesh,North,Neha,UPI
ORD3804,2026-05-04,C0152,Priya Mehta,Laptop,Electronics,3.0,55000.0,45000,20,Ahmedabad,Gujarat,West,Priya,Cash
ORD1803,2026-06-01,C0662,,Keyboard,Electronics,2.0,1800.0,1100,5,Ahmedabad,Gujarat,West,Ravi,Debit Card
ORD4293,2026-07-28,C0564,Rohan Mehta,Desk,Furniture,3.0,9000.0,6200,0,Hyderabad,Telangana,South,Priya,Cash
ORD3260,2026-01-30,C0093,Varun Mishra,Headphones,Electronics,1.0,3500.0,2200,10,Delhi,Delhi,North,Ravi,Credit Card
ORD5789,2026-07-22,C0464,Meera Patel,Smartphone,Electronics,3.0,28000.0,22000,10,Bengaluru,Karnataka,South,Ravi,Debit Card
ORD3498,2026-05-14,C0066,Amit Agarwal,Notebook,Stationery,1.0,120.0,65,10,Lucknow,Uttar Pradesh,North,Priya,Net Banking
ORD1583,2026-03-06,C0939,Arjun Kumar,Office Chair,Furniture,4.0,12000.0,8500,10,Bhubaneswar,Odisha,East,Sneha,UPI
ORD1204,2026-02-02,C0542,Arjun Gupta,Desk,Furniture,4.0,9000.0,6200,0,Gorakhpur,Uttar Pradesh,North,Amit,Cash
ORD5099,2026-03-12,C0770,Kavita Mehta,Headphones,Electronics,5.0,3500.0,2200,20,Ahmedabad,Gujarat,West,Amit,Credit Card
ORD4467,2026-07-14,C0295,Kavita Gupta,Laptop,Electronics,7.0,55000.0,45000,0,Mumbai,Maharashtra,West,Sneha,Net Banking
ORD3281,2026-01-18,C0176,Varun Sharma,Office Chair,Furniture,2.0,12000.0,8500,15,Bengaluru,Karnataka,South,Neha,Debit Card
ORD3211,2026-08-27,C0398,,Notebook,Stationery,2.0,120.0,65,10,Pune,Maharashtra,West,Sneha,UPI
ORD5871,2026-07-01,C0011,Sneha Kumar,Headphones,Electronics,3.0,3500.0,2200,0,Mumbai,Maharashtra,West,Karan,Net Banking
ORD2624,2026-08-24,C0702,Neha Kumar,Smartphone,Electronics,1.0,28000.0,22000,15,Kolkata,West Bengal,East,Sneha,UPI
ORD2737,2026-07-18,C0744,Varun Mishra,Headphones,Electronics,3.0,3500.0,2200,0,Mumbai,Maharashtra,West,Neha,Net Banking
ORD5701,2026-03-31,C0990,Nisha Mehta,Desk,Furniture,5.0,9000.0,6200,5,Delhi,Delhi,North,Karan,UPI
ORD4675,2026-07-10,C0209,Amit Mishra,Desk,Furniture,3.0,9000.0,6200,20,Pune,Maharashtra,West,Karan,Debit Card
ORD5386,2026-03-22,C0523,Ravi Patel,Monitor,Electronics,5.0,18000.0,14000,15,Gorakhpur,Uttar Pradesh,North,Sneha,UPI
ORD4401,2026-07-05,C0922,Varun Patel,Monitor,Electronics,4.0,18000.0,14000,0,Bhubaneswar,Odisha,East,Sneha,Debit Card
ORD1518,2026-07-07,C0480,Amit Tiwari,Keyboard,Electronics,2.0,1800.0,1100,5,Lucknow,Uttar Pradesh,North,Neha,Net Banking
ORD3064,2026-07-31,C0443,Priya Chauhan,Pen Set,Stationery,7.0,250.0,140,0,Lucknow,Uttar Pradesh,North,Karan,Credit Card
ORD5633,2026-06-14,C0306,Amit Yadav,Pen Set,Stationery,6.0,250.0,140,10,Delhi,Delhi,North,Priya,UPI
ORD2875,2026-01-26,C0777,Manish Mehta,Headphones,Electronics,1.0,3500.0,2200,20,Kolkata,West Bengal,East,Ravi,Cash
ORD1669,2026-01-05,C0649,Anjali Joshi,Notebook,Stationery,3.0,,65,5,Pune,Maharashtra,West,Neha,Net Banking
ORD2841,2026-02-06,C0744,Varun Mishra,Laptop,Electronics,3.0,55000.0,45000,20,Bengaluru,Karnataka,South,Ravi,Credit Card
ORD4194,2026-04-26,C0919,Rohan Saxena,Headphones,Electronics,3.0,3500.0,2200,5,Gorakhpur,Uttar Pradesh,North,Sneha,Net Banking
ORD5942,2026-01-30,C0826,Kavita Joshi,Desk,Furniture,3.0,9000.0,6200,20,Hyderabad,Telangana,South,Sneha,Net Banking
ORD3012,2026-04-30,C0439,Nisha Chauhan,Desk,Furniture,2.0,9000.0,6200,10,Jaipur,Rajasthan,North,Sneha,UPI
ORD4618,2026-03-13,C0167,Rohan Patel,Laptop,Electronics,4.0,55000.0,45000,10,Bhubaneswar,Odisha,East,Neha,Debit Card
ORD2261,2026-06-16,C0641,Manish Joshi,Keyboard,Electronics,2.0,1800.0,1100,5,Gorakhpur,Uttar Pradesh,North,Karan,UPI
ORD3389,2026-01-08,C0960,Anjali Mehta,Keyboard,Electronics,7.0,1800.0,1100,150,Bengaluru,Karnataka,South,Priya,UPI
ORD3154,2026-01-07,C0643,Rahul Gupta,Printer,Electronics,,16000.0,12500,0,Lucknow,Uttar Pradesh,North,Karan,Net Banking
ORD4393,2026-07-12,C0955,Nisha Joshi,Office Chair,Furniture,2.0,12000.0,8500,5,Kolkata,West Bengal,East,Priya,Net Banking
ORD4443,2026-04-06,C0687,Kavita Gupta,Desk,Furniture,5.0,9000.0,6200,0,Pune,Maharashtra,West,Neha,UPI
ORD5167,2026-03-29,C0192,Pooja Agarwal,Headphones,Electronics,4.0,3500.0,2200,15,Pune,Maharashtra,West,Ravi,Debit Card
ORD1760,2026-02-21,C0311,Vikas Agarwal,Laptop,Electronics,4.0,55000.0,45000,15,Ahmedabad,Gujarat,West,Ravi,Net Banking
ORD2058,2026-01-14,C0647,Anjali Verma,Printer,Electronics,5.0,16000.0,12500,5,Jaipur,Rajasthan,North,Amit,Net Banking
ORD3347,2026-05-23,C0457,Simran Agarwal, Laptop,Electronics,7.0,28000.0,22000,20,Bengaluru,Karnataka,South,Ravi,Credit Card
ORD5295,2026-01-16,C0781,Sneha Kumar,Office Chair,Furniture,,12000.0,8500,10,Delhi,Delhi,North,Amit,UPI
ORD4097,2026-07-08,C0101,Ravi Yadav,Printer,Electronics,4.0,16000.0,12500,20,Pune,Maharashtra,West,Amit,Cash
ORD5537,2026-03-10,C0866,Arjun Verma,Smartphone,Electronics,3.0,28000.0,22000,0,Gorakhpur,Uttar Pradesh,North,Sneha,Net Banking
ORD3556,2026-04-24,C0829,Sneha Saxena,Monitor,Electronics,6.0,18000.0,14000,20,Gorakhpur,Uttar Pradesh,North,Sneha,Credit Card
ORD1215,2026-08-06,C0156,Karan Verma,Monitor,Electronics,3.0,18000.0,14000,5,Lucknow,Uttar Pradesh,North,Amit,UPI
ORD4383,2026-01-22,C0906,Arjun Joshi, Laptop,Electronics,2.0,55000.0,45000,5,Pune,Maharashtra,West,Karan,Net Banking
ORD2109,2026-04-21,C0500,Sneha Agarwal,Desk,Furniture,5.0,9000.0,6200,0,Bengaluru,Karnataka,South,Sneha,Cash
ORD1694,2026-06-08,C0382,Rahul Mehta,Smartphone,Electronics,3.0,28000.0,22000,10,Chennai,Tamil Nadu,South,Priya,Debit Card
ORD4051,2026-02-11,C0635,Meera Verma,Printer,Electronics,1.0,16000.0,12500,15,Delhi,Delhi,North,Priya,Debit Card
ORD3925,2026-01-19,C0386,Meera Singh,Monitor,Electronics,3.0,18000.0,14000,20,Chennai,Tamil Nadu,South,Amit,Net Banking
ORD4636,2026-04-09,C0548,Anjali Kumar,Smartphone,Electronics,1.0,28000.0,22000,5,Kolkata,West Bengal,East,Amit,UPI
ORD2222,2026-08-10,C0624,Rohan Tiwari,Office Chair,Furniture,4.0,12000.0,8500,15,Hyderabad,Telangana,South,Amit,Net Banking
ORD5823,2026-05-29,C0101,Ravi Yadav,Laptop,Electronics,7.0,55000.0,45000,15,Chennai,Tamil Nadu,South,Amit,Credit Card
ORD4132,2026-08-15,C0329,Nisha Kumar,Printer,Electronics,3.0,16000.0,12500,5,Mumbai,Maharashtra,West,Amit,Credit Card
ORD2225,2026-04-09,C0405,Sneha Mehta,Headphones,Electronics,1.0,3500.0,2200,20,Hyderabad,Telangana,South,Neha,Cash
ORD5973,2026-01-12,C0794,Ravi Mishra,Desk,Furniture,2.0,9000.0,6200,5,Mumbai,Maharashtra,West,Priya,Net Banking
ORD1197,2026-06-05,C0731,Arjun Sharma,Pen Set,Stationery,3.0,250.0,140,10,Gorakhpur,Uttar Pradesh,North,Priya,Credit Card
ORD5407,2026-06-11,C0961,Neha Verma,Laptop,Electronics,6.0,55000.0,45000,20,Delhi,Delhi,North,Priya,Credit Card
ORD3196,2026-07-31,C0469,Simran Verma,Notebook,Stationery,1.0,120.0,65,5,Bengaluru,Karnataka,South,Priya,Debit Card
ORD5261,2026-03-21,C0909,Ravi Mehta,Printer,Electronics,1.0,16000.0,12500,20,Ahmedabad,Gujarat,West,Amit,Cash
ORD1880,2026-07-30,C0369,Aditya Mishra,Pen Set,Stationery,1.0,,140,0,Bhubaneswar,Odisha,East,Priya,Credit Card
ORD5204,2026-06-14,C0693,Sneha Yadav,Headphones,Electronics,7.0,3500.0,2200,0,Kolkata,West Bengal,East,Karan,Net Banking
ORD3656,2026-04-09,C0384,Rohan Agarwal,Printer,Electronics,6.0,16000.0,12500,5,Chennai,Tamil Nadu,South,Karan,Net Banking
ORD2345,2026-06-11,C0301,Arjun Yadav,Pen Set,Stationery,2.0,250.0,140,0,Ahmedabad,Gujarat,West,Amit,Credit Card
ORD5347,2026-05-30,C0655,Karan Saxena,Desk,Furniture,3.0,9000.0,6200,20,Ahmedabad,Gujarat,West,Sneha,UPI
ORD1888,2026-06-14,C0531,Amit Yadav,Printer,Electronics,2.0,16000.0,12500,15,Kolkata,West Bengal,East,Sneha,Credit Card
ORD2418,2026-04-04,C0575,Rohan Joshi,Headphones,Electronics,4.0,3500.0,2200,0,Lucknow,Uttar Pradesh,North,Sneha,UPI
ORD1069,2026-05-20,C0165,Rahul Mishra,Notebook,Stationery,3.0,120.0,65,20,Lucknow,Uttar Pradesh,North,Sneha,Credit Card
ORD3518,2026-06-05,C0761,Sneha Verma,Headphones,Electronics,3.0,3500.0,2200,15,Ahmedabad,Gujarat,West,Sneha,Credit Card
ORD2196,2026-04-24,C0421,Priya Kumar,Laptop,Electronics,1.0,55000.0,45000,10,Kolkata,West Bengal,East,Ravi,UPI
ORD1569,2026-04-23,C0677,Ravi Patel,Monitor,Electronics,2.0,18000.0,14000,10,Kolkata,West Bengal,East,Sneha,Debit Card
ORD2670,2026-06-23,C0502,Kavita Tiwari,Laptop,Electronics,3.0,55000.0,45000,5,Chennai,Tamil Nadu,South,Sneha,UPI
ORD1097,2026-01-15,C0678,Shreya Joshi,Desk,Furniture,7.0,9000.0,6200,20,Lucknow,Uttar Pradesh,North,Karan,Net Banking
ORD4103,2026-06-30,C0263,Rahul Gupta,Office Chair,Furniture,5.0,12000.0,8500,15,Gorakhpur,Uttar Pradesh,North,Sneha,Net Banking
ORD5344,2026-03-26,C0376,Nisha Chauhan,Smartphone,Electronics,1.0,28000.0,22000,0,Ahmedabad,Gujarat,West,Sneha,Credit Card
ORD1140,2026-04-23,C0265,Aditya Yadav,Keyboard,ELECTRONICS,5.0,1800.0,1100,0,Ahmedabad,Gujarat,West,Karan,Credit Card
ORD5924,2026-01-27,C0635,Meera Verma,Keyboard,Electronics,7.0,1800.0,1100,0,Bengaluru,Karnataka,South,Ravi,Debit Card
ORD3641,2026-08-23,C0204,Simran Kumar,Office Chair,Furniture,6.0,12000.0,8500,0,Ahmedabad,Gujarat,West,Amit,UPI
ORD4448,2026-03-18,C0446,Sneha Chauhan,Headphones,Electronics,6.0,3500.0,2200,20,Lucknow,Uttar Pradesh,North,Sneha,Cash
ORD3915,2026-08-02,C0005,Priya Mishra,Notebook,Stationery,4.0,120.0,65,10,Lucknow,Uttar Pradesh,North,Sneha,Credit Card
ORD2591,2026-02-26,C0821,Rohan Saxena,Laptop,Electronics,5.0,55000.0,45000,5,Jaipur,Rajasthan,North,Neha,UPI
ORD2341,2026-03-08,C0007,Karan Yadav,Notebook,Stationery,6.0,120.0,65,20,Kolkata,West Bengal,East,Ravi,Net Banking
ORD5448,2026-02-08,C0544,Meera Sharma,Printer,Electronics,1.0,16000.0,12500,10,Chennai,Tamil Nadu,South,Sneha,Cash
ORD4228,2026-02-12,C0039,Vikas Kumar,Laptop,Electronics,3.0,55000.0,45000,5,Ahmedabad,Gujarat,West,Sneha,Net Banking
ORD5546,2026-06-28,C0055,Kavita Kumar,Office Chair,Furniture,1.0,12000.0,8500,10,Gorakhpur,Uttar Pradesh,North,Neha,Net Banking
ORD1464,2026-01-11,C0610,Simran Yadav,Smartphone,Electronics,4.0,28000.0,22000,5,Jaipur,Rajasthan,North,Priya,Credit Card
ORD5377,2026-05-17,C0563,Manish Saxena,Monitor,Electronics,4.0,18000.0,14000,10,Bhubaneswar,Odisha,East,Sneha,Net Banking
ORD2262,2026-08-13,C0015,Rahul Yadav,Headphones,Electronics,4.0,3500.0,2200,10,Delhi,Delhi,North,Priya,Credit Card
ORD4839,2026-06-15,C0197,Arjun Agarwal,Keyboard,Electronics,2.0,1800.0,1100,10,Chennai,Tamil Nadu,South,Priya,UPI
ORD1595,2026-07-23,C0748,Varun Mehta,Headphones,Electronics,6.0,3500.0,2200,20,Pune,Maharashtra,West,Ravi,Credit Card
ORD2616,2026-04-08,C0150,Meera Yadav,Laptop,Electronics,6.0,55000.0,45000,15,Jaipur,Rajasthan,North,Sneha,Credit Card
ORD1626,2026-03-31,C0292,Amit Verma,Monitor,Electronics,3.0,18000.0,14000,5,Mumbai,Maharashtra,West,Neha,Debit Card
ORD1451,2026-07-26,C0731,Arjun Sharma,Desk,Furniture,3.0,9000.0,6200,5,Jaipur,Rajasthan,North,Amit,Credit Card
ORD2537,2026-03-18,C0124,Aditya Saxena,Office Chair,Furniture,5.0,12000.0,8500,10,Bhubaneswar,Odisha,East,Sneha,Debit Card
ORD3537,2026-05-06,C0148,Pooja Singh,Desk,Furniture,5.0,9000.0,6200,15,Delhi,Delhi,North,Priya,Cash
ORD2097,2026-07-15,C0139,Manish Yadav,Keyboard,Electronics,6.0,1800.0,1100,20,Bengaluru,Karnataka,South,Amit,Cash
ORD5247,2026-03-30,C0187,Ravi Kumar,Printer,Electronics,7.0,16000.0,12500,10,Bhubaneswar,Odisha,East,Priya,UPI
ORD2610,2026-01-10,C0949,Varun Tiwari,Pen Set,Stationery,7.0,250.0,140,10,Delhi,Delhi,North,Neha,Cash
ORD1997,2026-02-09,C0362,Priya Kumar,Keyboard,Electronics,5.0,1800.0,1100,15,Kolkata,West Bengal,East,Amit,UPI
ORD5748,2026-02-27,C0753,Neha Sharma,Desk,Furniture,3.0,9000.0,6200,10,Jaipur,Rajasthan,North,Ravi,UPI
ORD4222,2026-05-23,C0491,Anjali Singh,Notebook,Stationery,4.0,120.0,65,5,Ahmedabad,Gujarat,West,Neha,Debit Card
ORD3362,2026-07-04,C0706,Manish Mehta,Keyboard,Electronics,6.0,1800.0,1100,20,Bhubaneswar,Odisha,East,Amit,Credit Card
ORD4679,2026-07-05,C0846,Rohan Joshi,Pen Set,Stationery,2.0,250.0,140,5,Mumbai,Maharashtra,West,Karan,Credit Card
ORD4981,2026-07-30,C0826,Kavita Joshi,Headphones,Electronics,7.0,3500.0,2200,10,Delhi,Delhi,North,Neha,Net Banking
ORD1151,2026-02-12,C0923,Karan Singh,Office Chair,Furniture,6.0,12000.0,8500,15,Delhi,Delhi,North,Sneha,Debit Card
ORD2753,2026-06-30,C0053,Pooja Patel,Desk,Furniture,2.0,9000.0,6200,0,Kolkata,West Bengal,East,Amit,Debit Card
ORD5005,2026-08-24,C0164,Anjali Singh,Printer,Electronics,3.0,16000.0,12500,0,Gorakhpur,Uttar Pradesh,North,Ravi,Cash
ORD3747,2026-03-02,C0166,Kavita Chauhan,Printer,Electronics,6.0,16000.0,12500,5,Pune,Maharashtra,West,Ravi,Credit Card
ORD3308,2026-08-01,C0997,Simran Yadav,Office Chair,Furniture,2.0,12000.0,8500,0,Delhi,Delhi,North,Priya,UPI
ORD1089,2026-01-08,C0771,Meera Verma,Monitor,Electronics,7.0,18000.0,14000,15,Hyderabad,Telangana,South,Neha,Net Banking
ORD1458,2026-07-28,C0896,Ravi Sharma,Headphones,Electronics,1.0,3500.0,2200,10,Delhi,Delhi,North,Sneha,UPI
ORD2339,2026-03-01,C0255,Neha Patel,Office Chair,Furniture,6.0,12000.0,8500,15,Mumbai,Maharashtra,West,Priya,Debit Card
ORD5579,2026-05-14,C0996,Simran Chauhan,Keyboard,Electronics,4.0,1800.0,1100,5,Jaipur,Rajasthan,North,Amit,UPI
ORD4319,2026-03-10,C0173,Priya Patel,Notebook,Stationery,2.0,120.0,65,15,Jaipur,Rajasthan,North,Sneha,UPI
ORD4276,2026-01-24,C0529,Amit Mehta,Notebook,Stationery,4.0,120.0,65,15,Pune,Maharashtra,West,Priya,Net Banking
ORD5241,2026-02-15,C0271,Rohan Agarwal,Notebook,Stationery,4.0,120.0,65,150,Lucknow,Uttar Pradesh,North,Priya,Net Banking
ORD5709,2026-05-15,C0020,Nisha Mehta,Printer,Electronics,4.0,16000.0,12500,0,Bengaluru,Karnataka,South,Amit,Cash
ORD2000,2026-03-26,C0329,Nisha Kumar,Smartphone,Electronics,6.0,28000.0,22000,0,Mumbai,Maharashtra,West,Neha,Debit Card
ORD4921,2026-04-03,C0394,Shreya Saxena,Headphones,Electronics,7.0,3500.0,2200,15,Pune,Maharashtra,West,Ravi,Credit Card
ORD4287,2026-08-22,C0526,,Monitor,Electronics,2.0,18000.0,14000,10,Hyderabad,Telangana,South,Ravi,Net Banking
ORD1193,2026-01-21,C0993,Ravi Chauhan,Keyboard,Electronics,7.0,1800.0,1100,20,Delhi,Delhi,North,Neha,Cash
ORD5134,2026-05-15,C0955,Nisha Joshi,Notebook,Stationery,5.0,120.0,65,10,Pune,Maharashtra,West,Neha,Debit Card
ORD5310,2026-06-28,C0885,Pooja Tiwari,Monitor,Electronics,4.0,18000.0,14000,0,Mumbai,Maharashtra,West,Priya,Credit Card
ORD3226,2026-07-11,C0012,Rahul Mishra,Monitor,Electronics,6.0,18000.0,14000,0,Lucknow,Uttar Pradesh,North,Amit,Cash
ORD5257,2026-08-11,C0027,Meera Joshi,Laptop,Electronics,2.0,55000.0,45000,20,Gorakhpur,Uttar Pradesh,North,Karan,Debit Card
ORD5451,2026-08-11,C0727,Vikas Verma,Notebook,Stationery,5.0,120.0,65,20,Hyderabad,Telangana,South,Priya,Debit Card
ORD4682,2026-07-21,C0502,Kavita Tiwari,Laptop,Electronics,2.0,55000.0,45000,5,Mumbai,Maharashtra,West,Sneha,Credit Card
ORD3593,2026-06-09,C0445,Karan Saxena,Printer,Electronics,1.0,16000.0,12500,20,Pune,Maharashtra,West,Ravi,Cash
ORD3322,2026-08-23,C0469,Simran Verma,Laptop,Electronics,1.0,55000.0,45000,15,Ahmedabad,Gujarat,West,Neha,Net Banking
ORD5518,2026-03-24,C0810,Meera Tiwari,Headphones,Electronics,7.0,3500.0,2200,15,Jaipur,Rajasthan,North,Amit,Credit Card
ORD4521,2026-05-25,C0479,Anjali Verma,Notebook,Stationery,7.0,120.0,65,0,Bhubaneswar,Odisha,East,Sneha,Cash
ORD5854,2026-06-26,C0343,Karan Sharma,Headphones,Electronics,7.0,3500.0,2200,10,Jaipur,Rajasthan,North,Sneha,Credit Card
ORD2819,2026-02-08,C0870,Pooja Singh,Desk,Furniture,1.0,9000.0,6200,0,Delhi,Delhi,North,Amit,UPI
ORD3701,2026-04-09,C0419,Ravi Chauhan,Office Chair,Furniture,7.0,12000.0,8500,15,Pune,Maharashtra,West,Sneha,Cash
ORD4014,2026-03-12,C0423,Anjali Joshi,Pen Set,Stationery,3.0,250.0,140,15,Bhubaneswar,Odisha,East,Sneha,Debit Card
ORD2731,2026-04-19,C0472,Kavita Singh,Monitor,Electronics,6.0,18000.0,14000,5,Jaipur,Rajasthan,North,Amit,Cash
ORD4925,2026-02-19,C0172,Meera Tiwari,Laptop,Electronics,6.0,55000.0,45000,0,Gorakhpur,Uttar Pradesh,North,Neha,Credit Card
ORD5063,2026-06-19,C0273,Meera Saxena,Printer,Electronics,7.0,16000.0,12500,15,Lucknow,Uttar Pradesh,North,Ravi,Credit Card
ORD5947,2026-03-19,C0527,Ravi Verma,Monitor,Electronics,6.0,,14000,5,Pune,Maharashtra,West,Ravi,Net Banking
ORD1192,2026-06-24,C0622,Karan Verma,Smartphone,Electronics,7.0,28000.0,22000,5,Mumbai,Maharashtra,West,Amit,Credit Card
ORD2783,2026-03-09,C0178,Aditya Verma,Notebook,Stationery,5.0,120.0,65,0,Bhubaneswar,Odisha,East,Karan,Cash
ORD2724,2026-02-03,C0632,Rahul Chauhan,Printer,Electronics,4.0,16000.0,12500,5,Hyderabad,Telangana,South,Ravi,Net Banking
ORD5251,2026-07-09,C0904,Rahul Tiwari,Office Chair,Furniture,6.0,12000.0,8500,0,Mumbai,Maharashtra,West,Ravi,Net Banking
ORD3749,2026-03-03,C0183,Priya Mehta,Laptop,Electronics,5.0,55000.0,45000,20,Kolkata,West Bengal,East,Neha,Cash
ORD5610,2026-01-11,C0562,Pooja Kumar,Office Chair,Furniture,3.0,12000.0,8500,10,Mumbai,Maharashtra,West,Sneha,Credit Card
ORD2748,2026-05-23,C0757,Amit Kumar,Notebook,Stationery,7.0,"₹55,000",65,20,Ahmedabad,Gujarat,West,Priya,UPI
ORD4825,2026-04-24,C0249,Priya Singh,Headphones,Electronics,4.0,3500.0,2200,10,Kolkata,West Bengal,East,Priya,Net Banking
ORD2823,2026-03-16,C0635,Meera Verma,Monitor,Electronics,3.0,18000.0,14000,5,Bhubaneswar,Odisha,East,Sneha,Net Banking
ORD4699,2026-08-28,C0894,Shreya Tiwari,Notebook,Stationery,6.0,120.0,65,20,Delhi,Delhi,North,Neha,Credit Card
ORD2243,2026-01-10,C0820,Manish Joshi,Desk,Furniture,2.0,9000.0,6200,0,Chennai,Tamil Nadu,South,Amit,Credit Card
ORD5966,2026-02-20,C0309,Vikas Mishra,Printer,Electronics,6.0,16000.0,12500,15,Lucknow,Uttar Pradesh,North,Amit,Debit Card
ORD5033,2026-04-26,C0132,Meera Mehta,Desk,Furniture,5.0,9000.0,6200,20,Bhubaneswar,Odisha,East,Neha,Debit Card
ORD5571,2026-02-05,C0009,Rohan Yadav,Headphones,Electronics,3.0,3500.0,2200,15,Bengaluru,Karnataka,South,Ravi,Cash
ORD1167,2026-02-08,C0329,Nisha Kumar,Laptop,Electronics,3.0,55000.0,45000,0,Chennai,Tamil Nadu,South,Amit,UPI
ORD4706,2026-04-05,C0297,Anjali Mishra,Smartphone, Electronics ,5.0,28000.0,22000,10,Delhi,Delhi,North,Karan,Cash
ORD4275,2026-04-18,C0348,Nisha Singh,Laptop,Electronics,7.0,55000.0,45000,0,Bengaluru,Karnataka,South,Amit,Debit Card
ORD2025,2026-05-03,C0140,Arjun Tiwari,Notebook,Stationery,3.0,120.0,65,15,Hyderabad,Telangana,South,Priya,
ORD5803,2026-05-06,C0742,Aditya Chauhan,Keyboard,Electronics,3.0,1800.0,1100,10,Bengaluru,Karnataka,South,Amit,Credit Card
ORD3278,2026-08-06,C0081,Sneha Chauhan,Monitor,Electronics,2.0,18000.0,14000,0,Chennai,Tamil Nadu,South,Karan,Cash
ORD4709,2026-03-11,C0070,Shreya Mishra,Keyboard,Electronics,7.0,1800.0,1100,10,Ahmedabad,Gujarat,West,Sneha,Cash
ORD2868,2026-05-28,C0027,Meera Joshi,Pen Set,Stationery,5.0,250.0,140,20,Mumbai,Maharashtra,West,Amit,Net Banking
ORD5832,2026-08-03,C0861,Priya Gupta,Office Chair,Furniture,6.0,12000.0,8500,15,Lucknow,Uttar Pradesh,North,Karan,Net Banking
ORD4956,2026-05-27,C0220,Ravi Sharma,Keyboard,Electronics,5.0,1800.0,1100,5,Bengaluru,Karnataka,South,Neha,Credit Card
ORD5764,2026-05-17,C0514,Aditya Tiwari,Pen Set,Stationery,7.0,250.0,140,10,Bhubaneswar,Odisha,East,Ravi,UPI
ORD1153,2026-07-14,C0252,Arjun Joshi,Office Chair,Furniture,3.0,12000.0,8500,15,Pune,Maharashtra,West,Sneha,UPI
ORD3571,2026-02-06,C0195,Shreya Agarwal,Smartphone,Electronics,5.0,28000.0,22000,0,Hyderabad,Telangana,South,Ravi,Net Banking
ORD5716,2026-08-14,C0554,Amit Kumar,Notebook,Stationery,7.0,120.0,65,10,Jaipur,Rajasthan,North,Karan,Cash
ORD4455,2026-02-07,C0694,Neha Mehta,Monitor,Electronics,4.0,18000.0,14000,10,Gorakhpur,Uttar Pradesh,North,Priya,Credit Card
ORD2506,2026-06-21,C0938,Ravi Chauhan,Headphones,Electronics,4.0,3500.0,2200,5,Bengaluru,Karnataka,South,Sneha,Cash
ORD4529,2026-08-09,C0825,Shreya Yadav,Desk,Furniture,6.0,9000.0,6200,15,Gorakhpur,Uttar Pradesh,North,Sneha,Debit Card
ORD2655,2026-02-26,C0910,Rahul Agarwal,Pen Set,Stationery,2.0,250.0,140,20,Jaipur,Rajasthan,North,Priya,Debit Card
ORD3906,2026-05-22,C0442,Rahul Singh,Pen Set,Stationery,6.0,250.0,140,0,Mumbai,Maharashtra,West,Ravi,UPI
ORD2116,2026-03-04,C0004,Neha Tiwari,Laptop,Electronics,7.0,55000.0,45000,0,Jaipur,Rajasthan,North,Amit,Net Banking
ORD5852,2026-06-26,C0132,Meera Mehta,Printer,Electronics,4.0,16000.0,12500,5,Pune,Maharashtra,West,Karan,UPI
ORD2398,2026-03-15,C0499,Kavita Yadav,Keyboard,Electronics,6.0,1800.0,1100,15,Hyderabad,Telangana,South,Priya,UPI
ORD4002,2026-03-03,C0026,,Pen Set,Stationery,5.0,250.0,140,10,Bhubaneswar,Odisha,East,Sneha,Cash
ORD1032,2026-06-27,C0363,Ravi Singh,Headphones,Electronics,7.0,3500.0,2200,15,Lucknow,Uttar Pradesh,North,Sneha,UPI
ORD1938,2026-06-14,C0216,Pooja Kumar,Headphones,Electronics,3.0,3500.0,2200,15,Pune,Maharashtra,West,Amit,Credit Card
ORD2259,2026-08-17,C0448,Shreya Patel,Keyboard,Electronics,2.0,1800.0,1100,5,Kolkata,West Bengal,East,Ravi,Net Banking
ORD5146,2026-06-25,C0163,Karan Sharma,Pen Set,Stationery,2.0,250.0,140,15,Ahmedabad,Gujarat,West,Karan,Cash
ORD2159,2026-04-19,C0003,Nisha Gupta,Smartphone,Electronics,6.0,28000.0,22000,20,Kolkata,West Bengal,East,Priya,UPI
ORD1310,2026-06-24,C0614,Varun Agarwal,Monitor,Electronics,2.0,18000.0,14000,10,Hyderabad,Telangana,South,Priya,Net Banking
ORD3975,2026-01-29,C0326,Rahul Mishra,Smartphone,Electronics,2.0,28000.0,22000,15,Gorakhpur,Uttar Pradesh,North,Ravi,Credit Card
ORD5765,2026-03-28,C0952,Kavita Mishra,Office Chair,Furniture,6.0,12000.0,8500,5,Kolkata,West Bengal,East,Neha,Debit Card
ORD4160,2026-01-19,C0417,Sneha Singh,Monitor,Electronics,4.0,18000.0,14000,0,Pune,Maharashtra,West,Ravi,Credit Card
ORD4746,2026-05-13,C0873,Manish Saxena,Monitor,Electronics,5.0,18000.0,14000,5,Bengaluru,Karnataka,NORTH,Ravi,Debit Card
ORD1496,2026-05-10,C0133,Kavita Yadav,Keyboard,Electronics,5.0,1800.0,1100,10,Ahmedabad,Gujarat,West,Sneha,UPI
ORD1206,2026-08-17,C0993,Ravi Chauhan,Notebook,Stationery,5.0,120.0,65,0,Lucknow,Uttar Pradesh,North,Priya,UPI
ORD5206,2026-07-05,C0042,Amit Chauhan,Laptop,Electronics,3.0,55000.0,45000,20,Bhubaneswar,Odisha,north,Priya,Cash
ORD4408,2026-04-10,C0701,,Notebook,Stationery,7.0,120.0,65,0,Bengaluru,Karnataka,South,Karan,Credit Card
ORD4886,2026-08-13,C0048,Simran Sharma,Headphones,Electronics,1.0,3500.0,2200,0,Delhi,Delhi,North,Ravi,Debit Card
ORD1306,2026-06-13,C0791,Amit Chauhan,Desk,Furniture,2.0,9000.0,6200,20,Hyderabad,Telangana,South,Amit,Cash
ORD5704,2026-06-11,C0685,Ravi Verma,Pen Set,Stationery,2.0,250.0,140,20,Chennai,Tamil Nadu,South,Ravi,Credit Card
ORD3744,2026-04-03,C0692,Simran Joshi,Headphones,Electronics,2.0,3500.0,2200,10,Bengaluru,Karnataka,South,Karan,UPI
ORD2062,2026-06-10,C0120,Shreya Agarwal,Printer,Electronics,5.0,16000.0,12500,0,Gorakhpur,Uttar Pradesh,North,Karan,Cash
ORD1844,2026-08-14,C0611,Neha Verma,Office Chair,Furniture,-3.0,12000.0,8500,15,Gorakhpur,Uttar Pradesh,North,Karan,Net Banking
ORD3754,2026-07-07,C0283,Rahul Joshi,Office Chair,Furniture,3.0,12000.0,8500,15,Bengaluru,Karnataka,South,Ravi,Debit Card
ORD3283,2026-08-11,C0130,,Headphones,Electronics,6.0,3500.0,2200,10,Mumbai,Maharashtra,West,Sneha,Net Banking
ORD1212,2026-01-24,C0329,Nisha Kumar,Monitor,Electronics,6.0,18000.0,14000,5,Kolkata,West Bengal,East,Neha,Cash
ORD5694,2026-08-14,C0544,Meera Sharma,Desk,Furniture,4.0,9000.0,6200,20,Bhubaneswar,Odisha,East,Ravi,Net Banking
ORD1680,2026-07-28,C0722,Arjun Verma,Headphones,Electronics,3.0,3500.0,2200,15,Ahmedabad,Gujarat,NORTH,Sneha,Net Banking
ORD1566,2026-07-12,C0351,Sneha Tiwari,Monitor,Electronics,4.0,18000.0,14000,15,Bengaluru,Karnataka,South,Karan,UPI
ORD3195,2026-07-12,C0262,,Notebook,Stationery,1.0,120.0,65,0,Bengaluru,Karnataka,South,Ravi,UPI
ORD4634,2026-03-26,C0523,Ravi Patel,Monitor,Electronics,7.0,18000.0,14000,20,Pune,Maharashtra,West,Priya,Debit Card
ORD1681,2026-02-04,C0810,Meera Tiwari,Keyboard,Electronics,1.0,1800.0,1100,20,Lucknow,Uttar Pradesh,North,Priya,Credit Card
ORD1181,2026-08-23,C0804,Arjun Agarwal,Headphones,Electronics,7.0,3500.0,2200,15,Hyderabad,Telangana,South,Ravi,Debit Card
ORD3700,2026-07-28,C0146,Shreya Mishra,Headphones,Electronics,2.0,3500.0,2200,5,Pune,Maharashtra,West,Priya,Net Banking
ORD3457,2026-02-07,C0615,Amit Singh,Pen Set,Stationery,7.0,250.0,140,15,Kolkata,West Bengal,East,Priya,Debit Card
ORD3349,2026-01-18,C0310,Amit Mehta,Keyboard,Electronics,6.0,1800.0,1100,5,Pune,Maharashtra,West,Priya,Credit Card
ORD5300,2026-06-03,C0186,Priya Gupta,Keyboard,Electronics,6.0,1800.0,1100,0,Pune,Maharashtra,West,Amit,UPI
ORD1279,2026-06-20,C0257,Priya Yadav,Office Chair,Furniture,2.0,12000.0,8500,10,Ahmedabad,Gujarat,West,Sneha,UPI
ORD5896,2026-06-28,C0270,Pooja Verma,Laptop,Electronics,3.0,55000.0,45000,0,Kolkata,West Bengal,East,Amit,Net Banking
ORD5404,2026-05-02,C0796,Karan Patel,Notebook,Stationery,5.0,120.0,65,15,Kolkata,West Bengal,East,Karan,Net Banking
ORD1433,2026-08-23,C0810,Meera Tiwari,Desk,Furniture,7.0,9000.0,6200,10,Ahmedabad,Gujarat,West,Amit,Net Banking
ORD1290,2026-04-28,C0423,Anjali Joshi,Laptop,Electronics,7.0,55000.0,45000,0,Bhubaneswar,Odisha,East,Neha,Net Banking
ORD2028,2026-06-12,C0957,Arjun Chauhan,Headphones,Electronics,1.0,3500.0,2200,20,Hyderabad,Telangana,South,Karan,Debit Card
ORD1536,2026-05-21,C0881,Priya Chauhan,Headphones,Electronics,6.0,3500.0,2200,5,Lucknow,Uttar Pradesh,North,Neha,Cash
ORD4481,2026-01-10,C0837,Shreya Chauhan,Printer,Electronics,2.0,16000.0,12500,15,Bhubaneswar,Odisha,East,Ravi,Credit Card
ORD1189,2026-02-03,C0232,Neha Patel,Monitor,Electronics,6.0,18000.0,14000,0,Delhi,Delhi,North,Karan,Debit Card
ORD4423,2026-03-15,C0352,Amit Patel,Pen Set,Stationery,7.0,250.0,140,5,Hyderabad,Telangana,South,Ravi,Net Banking
ORD4972,2026-03-25,C0415,Vikas Yadav,Laptop,Electronics,2.0,55000.0,45000,20,Gorakhpur,Uttar Pradesh,North,Ravi,Credit Card
ORD4143,2026-07-23,C0994,Priya Verma,Printer,Electronics,6.0,16000.0,12500,0,Gorakhpur,Uttar Pradesh,North,Neha,Cash
ORD1271,2026-03-10,C0792,Vikas Singh,Smartphone,Electronics,3.0,28000.0,22000,15,Bhubaneswar,Odisha,East,Ravi,UPI
ORD5326,2026-02-23,C0558,Priya Mehta,Laptop,Electronics,7.0,55000.0,45000,10,Pune,Maharashtra,West,Karan,Credit Card
ORD5111,2026-01-01,C0421,Priya Kumar,Printer,Electronics,6.0,16000.0,12500,15,Bhubaneswar,Odisha,East,Neha,Credit Card
ORD3188,2026-07-13,C0112,Priya Agarwal,Desk,Furniture,6.0,9000.0,6200,5,Lucknow,Uttar Pradesh,North,Amit,Cash
ORD4750,2026-04-05,C0829,Sneha Saxena,Laptop,Electronics,3.0,55000.0,45000,5,Bhubaneswar,Odisha,East,Sneha,Credit Card
ORD1112,2026-03-23,C0300,Anjali Saxena,Printer,Electronics,4.0,16000.0,12500,5,,Maharashtra,West,Priya,UPI
ORD3611,2026-04-29,C0100,Rahul Kumar,Laptop,Electronics,5.0,55000.0,45000,15,Mumbai,Maharashtra,West,Sneha,UPI
ORD1221,2026-05-03,C0055,Kavita Kumar,Desk,Furniture,2.0,9000.0,6200,15,,Tamil Nadu,South,Ravi,Credit Card
ORD3820,2026-07-12,C0251,Manish Mishra,Office Chair,Furniture,1.0,12000.0,8500,10,Bengaluru,Karnataka,South,Karan,Cash
ORD1628,2026-04-24,C0957,Arjun Chauhan,Printer,Electronics,4.0,16000.0,12500,0,Pune,Maharashtra,West,Ravi,Net Banking
ORD2213,2026-01-14,C0172,Meera Tiwari,Printer,Electronics,1.0,16000.0,12500,10,Delhi,Delhi,North,Neha,Cash
ORD4407,2026-08-08,C0091,Neha Joshi,Pen Set,Stationery,5.0,250.0,140,20,Chennai,Tamil Nadu,South,Amit,Cash
ORD5932,2026-07-26,C0677,Ravi Patel,Office Chair,Furniture,3.0,12000.0,8500,10,Mumbai,Maharashtra,West,Karan,Cash
ORD1791,2026-01-29,C0403,Anjali Singh,Headphones,Electronics,5.0,3500.0,2200,0,Delhi,Delhi,North,Ravi,UPI
ORD3026,2026-02-01,C0019,Rahul Gupta,Printer,Electronics,7.0,16000.0,12500,15,Pune,Maharashtra,West,Sneha,Debit Card
ORD1462,2026-02-15,C0648,Ravi Kumar,Laptop,Electronics,3.0,55000.0,45000,20,Chennai,Tamil Nadu,South,Priya,Debit Card
ORD5429,2026-02-20,C0976,Arjun Sharma,Keyboard,Electronics,7.0,1800.0,1100,5,Chennai,Tamil Nadu,South,Sneha,UPI
ORD1552,2026-07-08,C0744,Varun Mishra,Desk,Furniture,4.0,9000.0,6200,20,Lucknow,Uttar Pradesh,North,Neha,Credit Card
ORD3390,2026-08-25,C0508,Anjali Verma,Laptop,Electronics,6.0,55000.0,45000,10,Bengaluru,Karnataka,South,Neha,Cash
ORD3446,2026-07-15,C0953,Rohan Chauhan,Laptop,Electronics,6.0,55000.0,45000,5,Mumbai,Maharashtra,West,Ravi,UPI
ORD1199,2026-05-28,C0153,Aditya Gupta,Pen Set,Stationery,3.0,250.0,140,10,Ahmedabad,Gujarat,West,Karan,Debit Card
ORD3628,2026-08-18,C0143,Nisha Mishra,Office Chair,Furniture,4.0,12000.0,8500,15,Mumbai,Maharashtra,West,Priya,UPI
ORD2706,2026-03-20,C0113,Amit Verma,Office Chair,Furniture,2.0,12000.0,8500,10,Chennai,Tamil Nadu,South,Ravi,Net Banking
ORD1403,2026-06-09,C0103,Shreya Kumar,Notebook,Stationery,2.0,120.0,65,10,Delhi,Delhi,North,Ravi,Credit Card
ORD5937,2026-04-05,C0524,Meera Gupta,Office Chair,Furniture,3.0,12000.0,8500,10,Mumbai,Maharashtra,West,Karan,Net Banking
ORD5412,2026-01-02,C0364,Priya Tiwari,Monitor,Electronics,7.0,18000.0,14000,15,Kolkata,West Bengal,East,Amit,Debit Card
ORD5793,2026-08-26,C0836,Karan Agarwal,Notebook,Stationery,7.0,120.0,65,20,Lucknow,Uttar Pradesh,North,Sneha,Credit Card
ORD5989,2026-07-07,C0550,Anjali Yadav,Laptop,Electronics,6.0,55000.0,45000,10,Jaipur,Rajasthan,North,Priya,Debit Card
ORD3243,2026-05-28,C0584,Aditya Verma,Smartphone,Electronics,6.0,28000.0,22000,5,Bhubaneswar,Odisha,East,Ravi,Debit Card
ORD5920,2026-06-07,C0621,Anjali Joshi,Office Chair,Furniture,3.0,12000.0,8500,20,Bengaluru,Karnataka,South,Karan,Credit Card
ORD1651,2026-01-11,C0866,Arjun Verma, LAPTOP ,Furniture,1.0,9000.0,6200,10,Pune,Maharashtra,West,Sneha,Cash
ORD1709,2026-02-09,C0791,Amit Chauhan,Desk,Furniture,5.0,9000.0,6200,15,Gorakhpur,Uttar Pradesh,North,Ravi,Cash
ORD5588,2026-02-20,C0361,Rahul Verma,Smartphone,Electronics,6.0,28000.0,22000,15,Kolkata,West Bengal,East,Karan,Net Banking
ORD5441,2026-05-29,C0857,Varun Chauhan,Desk,Furniture,4.0,9000.0,6200,10,Bengaluru,Karnataka,South,Priya,Debit Card
ORD2913,2026-05-10,C0877,Sneha Patel,Notebook,Stationery,6.0,120.0,65,20,Lucknow,Uttar Pradesh,North,Priya,UPI
ORD4117,2026-04-29,C0834,Aditya Verma,Headphones,Electronics,2.0,3500.0,2200,5,Kolkata,West Bengal,East,Ravi,Net Banking
ORD2946,2026-02-20,C0835,Aditya Gupta,Pen Set,Stationery,1.0,250.0,140,10,Hyderabad,Telangana,South,Sneha,Credit Card
ORD1315,2026-01-19,C0292,Amit Verma,Keyboard,Electronics,5.0,1800.0,1100,5,Bengaluru,Karnataka,South,Priya,UPI
ORD3816,2026-07-01,C0841,Rahul Chauhan,Notebook,Stationery,4.0,120.0,65,5,Pune,Maharashtra,West,Ravi,Net Banking
ORD5501,2026-08-11,C0478,Neha Yadav,Desk,Furniture,1.0,9000.0,6200,0,Kolkata,West Bengal,East,Ravi,Net Banking
ORD1114,2026-06-07,C0766,Karan Agarwal,Printer,Electronics,2.0,16000.0,12500,0,Bhubaneswar,Odisha,East,Priya,Credit Card
ORD1961,2026-01-12,C0934,Simran Singh,Smartphone,Electronics,6.0,28000.0,22000,20,Pune,Maharashtra,West,Sneha,UPI
ORD3953,2026-03-29,C0644,Rohan Saxena,Keyboard,Electronics,6.0,1800.0,1100,15,Hyderabad,Telangana,South,Sneha,UPI
ORD3289,2026-08-15,C0661,Nisha Gupta,Smartphone,Electronics,2.0,28000.0,22000,5,Bengaluru,Karnataka,South,Ravi,Credit Card
ORD4829,2026-08-05,C0589,Vikas Gupta,Headphones,Electronics,7.0,3500.0,2200,5,Gorakhpur,Uttar Pradesh,North,Priya,Debit Card
ORD4372,2026-03-19,C0356,Shreya Yadav,Notebook,Stationery,2.0,120.0,65,15,Ahmedabad,Gujarat,West,Neha,Net Banking
ORD5349,2026-07-12,C0734,Meera Verma,Desk,Furniture,3.0,9000.0,6200,15,Bengaluru,Karnataka,South,Sneha,Debit Card
ORD2615,2026-04-19,C0346,Nisha Verma,Laptop,Electronics,4.0,55000.0,45000,10,Gorakhpur,Uttar Pradesh,North,Sneha,Debit Card
ORD5049,2026-07-05,C0150,Meera Yadav,Printer,Electronics,5.0,16000.0,12500,10,Pune,Maharashtra,West,Neha,Net Banking
ORD2324,2026-01-12,C0914,Rahul Mishra,Pen Set,Stationery,3.0,250.0,140,5,Bengaluru,Karnataka,South,Amit,Net Banking
ORD4465,2026-08-03,C0355,Nisha Chauhan,Headphones,Electronics,2.0,3500.0,2200,20,Delhi,Delhi,North,Neha,Credit Card
ORD5555,2026-06-22,C0321,Manish Tiwari,Laptop,Electronics,,55000.0,45000,0,Delhi,Delhi,North,Amit,Credit Card
ORD5422,2026-04-02,C0294,Simran Mishra,Laptop,Electronics,4.0,55000.0,45000,15,Delhi,Delhi,North,Amit,Net Banking
ORD2967,2026-07-04,C0761,Sneha Verma,Laptop,Electronics,-3.0,55000.0,45000,10,Jaipur,Rajasthan,North,Ravi,Cash
ORD3451,2026-03-28,C0267,Priya Sharma,Printer,Electronics,5.0,16000.0,12500,10,Delhi,Delhi,North,Amit,UPI
ORD5812,2026-02-02,C0132,Meera Mehta,Monitor,Electronics,5.0,18000.0,14000,20,Jaipur,Rajasthan,North,Amit,UPI
ORD4378,2026-06-21,C0234,Meera Sharma,Keyboard,Electronics,4.0,1800.0,1100,20,Pune,Maharashtra,West,Karan,Net Banking
ORD5217,2026-01-06,C0304,Meera Singh,Headphones,Electronics,2.0,3500.0,2200,10,Jaipur,Rajasthan,North,Karan,UPI
ORD5902,2026-06-05,C0888,Arjun Saxena,Headphones,Electronics,3.0,3500.0,2200,0,Ahmedabad,Gujarat,West,Karan,UPI
ORD3618,2026-08-13,C0816,Ravi Singh,Laptop,Electronics,1.0,55000.0,45000,15,Bhubaneswar,Odisha,East,Sneha,UPI
ORD5031,2026-03-27,C0587,Meera Mishra,Notebook,Stationery,6.0,120.0,65,20,Bengaluru,Karnataka,South,Sneha,Net Banking
ORD5388,2026-08-10,C0151,Priya Mishra,Notebook,Stationery,2.0,120.0,65,10,Mumbai,Maharashtra,West,Priya,UPI
ORD5240,2026-01-06,C0748,Varun Mehta,Laptop,Electronics,6.0,,45000,20,Lucknow,Uttar Pradesh,North,Sneha,Net Banking
ORD5401,2026-03-13,C0560,Neha Mishra,Keyboard,Electronics,6.0,1800.0,1100,10,Mumbai,Maharashtra,West,Amit,Cash
ORD5931,2026-06-12,C0105,Neha Agarwal,Pen Set,Stationery,7.0,250.0,140,20,Lucknow,Uttar Pradesh,North,Neha,Credit Card
ORD3288,2026-03-30,C0972,Amit Agarwal,Printer,Electronics,1.0,16000.0,12500,10,Delhi,Delhi,North,Ravi,Cash
ORD4022,2026-04-16,C0513,Pooja Singh,Headphones,Electronics,3.0,3500.0,2200,5,Gorakhpur,Uttar Pradesh,North,Karan,Net Banking
ORD1790,2026-06-23,C0009,Rohan Yadav,Headphones,Electronics,4.0,3500.0,2200,10,Gorakhpur,Uttar Pradesh,North,Neha,Credit Card
ORD5349,2026-07-12,C0734,Meera Verma,Desk,Furniture,3.0,9000.0,6200,15,Bengaluru,Karnataka,South,Sneha,Debit Card
ORD2871,2026-07-11,C0244,Anjali Mishra,Printer,Electronics,5.0,16000.0,12500,15,Jaipur,Rajasthan,North,Priya,Debit Card
ORD3092,2026-02-16,C0040,Karan Yadav,Keyboard,Electronics,7.0,1800.0,1100,15,Pune,Maharashtra,West,Karan,UPI
ORD1872,2026-07-14,C0625,Shreya Verma,Printer,Electronics,5.0,16000.0,12500,5,Pune,Maharashtra,West,Priya,Credit Card
ORD2739,2026-07-02,C0976,Arjun Sharma,Laptop ,Electronics,6.0,16000.0,12500,15,,Telangana,South,Ravi,Credit Card
ORD2361,2026-04-06,C0040,Karan Yadav,Laptop,Electronics,2.0,55000.0,45000,0,Gorakhpur,Uttar Pradesh,North,Priya,Net Banking
ORD5467,2026-04-06,C0483,Nisha Patel,Monitor,Electronics,6.0,18000.0,14000,10,Jaipur,Rajasthan,North,Amit,Net Banking
ORD1074,2026-01-04,C0487,Aditya Mishra,Smartphone,Electronics,4.0,28000.0,22000,15,Kolkata,West Bengal,East,Ravi,Credit Card
ORD3421,2026-06-08,C0246,Rohan Tiwari,Notebook,Stationery,6.0,120.0,65,0,Bengaluru,Karnataka,South,Sneha,UPI
ORD4931,2026-08-08,C0941,Pooja Saxena,Monitor,Electronics,4.0,18000.0,14000,0,Lucknow,Uttar Pradesh,North,Amit,Cash
ORD2376,2026-02-15,C0897,Priya Singh,Smartphone,Electronics,2.0,28000.0,22000,5,Jaipur,Rajasthan,North,Karan,Credit Card
ORD4054,2026-03-16,C0563,Manish Saxena,Pen Set,Stationery,7.0,250.0,140,0,Bhubaneswar,Odisha,East,Amit,Cash
ORD4040,2026-03-25,C0672,Simran Tiwari,Office Chair,Furniture,3.0,12000.0,8500,10,Bhubaneswar,Odisha,East,Priya,Net Banking
ORD5602,2026-01-11,C0797,Meera Verma,Keyboard,Electronics,2.0,1800.0,1100,20,Delhi,Delhi,North,Karan,UPI
ORD5726,2026-01-19,C0111,Vikas Mishra,Pen Set,Stationery,7.0,250.0,140,5,Delhi,Delhi,North,Karan,Credit Card
ORD3276,2026-02-27,C0343,Karan Sharma,Headphones,Electronics,6.0,3500.0,2200,5,Pune,Maharashtra,West,Amit,Net Banking
ORD4440,2026-07-10,C0166,Kavita Chauhan,Printer,Electronics,1.0,"₹55,000",12500,5,Lucknow,Uttar Pradesh,North,Sneha,Debit Card
ORD2768,2026-04-26,C0690,Rohan Verma,Printer,Electronics,1.0,16000.0,12500,15,Delhi,Delhi,North,Sneha,Net Banking
ORD1495,2026-03-07,C0236,Simran Gupta,Notebook,Stationery,5.0,120.0,65,0,Chennai,Tamil Nadu,South,Sneha,Debit Card
ORD4177,2026-07-06,C0883,Sneha Sharma,Pen Set,Stationery,3.0,250.0,140,10,Hyderabad,Telangana, North ,Amit,Credit Card
ORD3221,2026-07-13,C0591,Vikas Verma,Office Chair,Furniture,5.0,,8500,0,Bhubaneswar,Odisha,East,Sneha,UPI
ORD2296,2026-01-09,C0380,Ravi Tiwari,Headphones,Electronics,1.0,3500.0,2200,0,Bengaluru,Karnataka,South,Priya,Cash
ORD2165,2026-06-25,C0942,Anjali Mehta,Desk,Furniture,6.0,9000.0,6200,20,Jaipur,Rajasthan,North,Priya,Debit Card
ORD3318,2026-01-22,C0379,Anjali Agarwal,Desk,Furniture,4.0,9000.0,6200,15,Hyderabad,Telangana,South,Sneha,Credit Card
ORD2774,2026-07-24,C0453,Manish Verma,Desk,Furniture,6.0,9000.0,6200,10,Mumbai,Maharashtra,West,Karan,Cash
ORD4660,2026-05-16,C0748,Varun Mehta,Laptop,Electronics,6.0,55000.0,45000,0,Kolkata,West Bengal,East,Neha,Debit Card
ORD5044,2026-06-07,C0738,Karan Verma,Office Chair,Furniture,7.0,12000.0,8500,15,Kolkata,West Bengal,East,Amit,UPI
ORD2745,2026-03-22,C0737,,Notebook,Stationery,6.0,120.0,65,20,Bhubaneswar,Odisha,East,Neha,UPI
ORD1619,2026-02-04,C0037,Anjali Chauhan,Laptop,Electronics,5.0,55000.0,45000,10,Gorakhpur,Uttar Pradesh,North,Priya,Debit Card
ORD2741,2026-02-20,C0389,Shreya Patel,Laptop,Electronics,2.0,55000.0,45000,15,Pune,Maharashtra,West,Neha,UPI
ORD2730,2026-06-30,C0610,Simran Yadav,Desk,Furniture,6.0,9000.0,6200,0,Chennai,Tamil Nadu,South,Karan,Debit Card
ORD4162,2026-07-22,C0503,Rohan Verma,Smartphone,Electronics,6.0,28000.0,22000,5,Pune,Maharashtra,West,Ravi,Net Banking
ORD5011,2026-07-26,C0378,Nisha Tiwari,Smartphone,Electronics,7.0,28000.0,22000,15,Delhi,Delhi,North,Ravi,Debit Card
ORD3941,2026-02-14,C0006,Shreya Agarwal,Printer,Electronics,5.0,16000.0,12500,0,Gorakhpur,Uttar Pradesh,North,Sneha,Net Banking
ORD4461,2026-03-18,C0227,Aditya Singh,Headphones,Electronics,1.0,3500.0,2200,15,Bhubaneswar,Odisha,East,Priya,Debit Card
ORD1870,2026-05-11,C0752,Manish Saxena,Office Chair,Furniture,6.0,12000.0,8500,10,Bhubaneswar,Odisha,East,Amit,Net Banking
ORD3759,2026-04-19,C0297,Anjali Mishra,Headphones,Electronics,1.0,3500.0,2200,20,Bhubaneswar,Odisha,East,Ravi,Net Banking
ORD2043,2026-03-07,C0166,,Office Chair,Furniture,7.0,12000.0,8500,20,Bhubaneswar,Odisha,East,Neha,Credit Card
ORD4258,2026-04-29,C0503,Rohan Verma,Notebook,Stationery,4.0,120.0,65,20,Pune,Maharashtra,West,Sneha,Net Banking
ORD1357,2026-02-14,C0812,Pooja Tiwari,Monitor,Electronics,3.0,18000.0,14000,5,Hyderabad,Telangana,South,Priya,UPI
ORD2163,2026-03-25,C0289,Meera Chauhan,Pen Set,Stationery,7.0,250.0,140,15,Gorakhpur,Uttar Pradesh,North,Karan,Credit Card
ORD3806,2026-08-08,C0479,Anjali Verma,Office Chair,Furniture,4.0,12000.0,8500,15,Lucknow,Uttar Pradesh,North,Karan,
ORD4691,2026-02-19,C0595,Amit Mishra,Notebook,Stationery,4.0,120.0,65,0,Mumbai,Maharashtra,West,Priya,Debit Card
ORD4708,2026-04-10,C0010,Shreya Yadav,Smartphone,Electronics,6.0,28000.0,22000,20,Pune,Maharashtra,West,Priya,Credit Card
ORD4497,2026-08-13,C0212,Karan Agarwal,Printer,Electronics,5.0,16000.0,12500,10,Ahmedabad,Gujarat,West,Amit,UPI
ORD2808,2026-01-15,C0483,Nisha Patel,Notebook,Stationery,3.0,120.0,65,20,Jaipur,Rajasthan,North,Priya,Cash
ORD4732,2026-05-06,C0318,Amit Tiwari,Notebook,Stationery,4.0,120.0,65,15,Ahmedabad,Gujarat,West,Karan,Credit Card
ORD4694,2026-07-16,C0987,Manish Mishra,Smartphone,Electronics,1.0,28000.0,22000,5,Hyderabad,Telangana,South,Karan,Net Banking
ORD4919,2026-06-08,C0332,Nisha Kumar,Laptop,Electronics,3.0,55000.0,45000,0,Lucknow,Uttar Pradesh,North,Karan,Cash
ORD3891,2026-07-30,C0230,Rohan Patel,Pen Set,Stationery,2.0,250.0,140,20,Lucknow,Uttar Pradesh,North,Neha,Credit Card
ORD1333,2026-04-03,C0922,Varun Patel,Printer,Electronics,4.0,16000.0,12500,10,Chennai,Tamil Nadu,South,Neha,Cash
ORD5395,2026-01-04,C0405,Sneha Mehta,Office Chair,Furniture,3.0,12000.0,8500,5,Chennai,Tamil Nadu,South,Sneha,UPI
ORD3777,2026-07-09,C0751,Karan Saxena,Desk, Electronics ,1.0,9000.0,6200,20,Pune,Maharashtra,West,Sneha,Net Banking
ORD3343,2026-06-20,C0341,Pooja Mehta,Printer,Electronics,7.0,16000.0,12500,5,Jaipur,Rajasthan,North,Karan,Debit Card
ORD4722,2026-05-21,C0487,Aditya Mishra,Monitor,Electronics,4.0,18000.0,14000,5,Gorakhpur,Uttar Pradesh,North,Karan,UPI
ORD4049,2026-07-14,C0758,Neha Kumar,Laptop,Electronics,4.0,55000.0,45000,10,Hyderabad,Telangana,South,Ravi,Credit Card
ORD2117,2026-06-17,C0870,Pooja Singh,Headphones,Electronics,1.0,3500.0,2200,0,Lucknow,Uttar Pradesh,north,Sneha,Credit Card
ORD5256,2026-08-20,C0486,Pooja Agarwal,Laptop,Electronics,7.0,55000.0,45000,0,Jaipur,Rajasthan,North,Neha,Credit Card
ORD4607,2026-04-19,C0444,Simran Yadav,Office Chair,Furniture,7.0,12000.0,8500,5,Hyderabad,Telangana,South,Ravi,UPI
ORD3555,2026-04-13,C0888,Arjun Saxena,Notebook,Stationery,2.0,120.0,65,15,Bengaluru,Karnataka,South,Ravi,UPI
ORD3654,2026-03-01,C0320,Neha Saxena,Keyboard,Electronics,6.0,1800.0,1100,0,Bhubaneswar,Odisha,East,Sneha,UPI
ORD4314,2026-03-20,C0413,Meera Joshi,Office Chair,Furniture,4.0,12000.0,8500,5,Pune,Maharashtra,West,Priya,Net Banking
ORD4404,2026-05-31,C0595,Amit Mishra,Smartphone,Electronics,3.0,28000.0,22000,0,Bhubaneswar,Odisha,NORTH,Priya,Debit Card
ORD1446,2026-05-11,C0225,Nisha Mishra,Keyboard,Electronics,7.0,1800.0,1100,20,Kolkata,West Bengal,East,Ravi,Credit Card
ORD3277,2026-06-25,C0043,Manish Mishra,Keyboard,Electronics,4.0,1800.0,1100,0,Ahmedabad,Gujarat,West,Neha,UPI
ORD1453,2026-06-30,C0715,Manish Patel,Smartphone,Electronics,7.0,28000.0,22000,10,Gorakhpur,Uttar Pradesh,North,Karan,Cash
ORD2594,2026-05-22,C0908,Karan Chauhan,Smartphone,Electronics,1.0,28000.0,22000,20,Gorakhpur,Uttar Pradesh,North,Priya,Debit Card
ORD5461,2026-03-08,C0002,Amit Saxena,Desk,Furniture,5.0,9000.0,6200,10,,Uttar Pradesh,North,Karan,UPI
ORD3998,2026-03-29,C0222,,Laptop ,Electronics,6.0,16000.0,12500,5,Delhi,Delhi,North,Amit,Net Banking
ORD1015,2026-04-13,C0932,Varun Agarwal,Pen Set,Stationery,2.0,250.0,140,15,Jaipur,Rajasthan,North,Amit,Credit Card
ORD3664,2026-02-09,C0848,Neha Tiwari,Desk,Furniture,3.0,9000.0,6200,0,Hyderabad,Telangana,South,Priya,Debit Card
ORD1946,2026-05-27,C0057,Manish Mishra,Smartphone,Electronics,6.0,28000.0,22000,5,Bhubaneswar,Odisha,East,Neha,Debit Card
ORD1248,2026-03-28,C0409,Kavita Agarwal,Keyboard,Electronics,5.0,1800.0,1100,5,Bhubaneswar,Odisha,East,Karan,Net Banking
ORD4266,2026-03-31,C0099,Nisha Saxena,Notebook,Stationery,4.0,120.0,65,15,Hyderabad,Telangana,South,Ravi,UPI
ORD1361,2026-06-21,C0471,Nisha Chauhan,Office Chair,Furniture,1.0,12000.0,8500,5,Chennai,Tamil Nadu,South,Sneha,Debit Card
ORD5684,2026-01-07,C0852,Varun Gupta,Headphones,Electronics,7.0,3500.0,2200,0,Mumbai,Maharashtra,West,Neha,Debit Card
ORD5177,2026-02-06,C0087,Pooja Saxena,Desk,Furniture,5.0,9000.0,6200,20,Delhi,Delhi,North,Ravi,Debit Card
ORD4726,2026-04-10,C0411,Ravi Patel,Office Chair,Furniture,6.0,12000.0,8500,15,Hyderabad,Telangana,South,Neha,Credit Card
ORD5634,2026-07-22,C0812,Pooja Tiwari,Monitor,Electronics,4.0,18000.0,14000,15,Kolkata,West Bengal,East,Karan,Cash
ORD5211,2026-05-13,C0293,Arjun Chauhan,Headphones,Electronics,2.0,3500.0,2200,20,Lucknow,Uttar Pradesh,North,Priya,Cash
ORD5073,2026-06-03,C0943,Neha Sharma,Keyboard,Electronics,2.0,1800.0,1100,20,Gorakhpur,Uttar Pradesh,North,Sneha,Net Banking
ORD3623,2026-03-17,C0332,Nisha Kumar,Monitor,Electronics,3.0,18000.0,14000,20,Chennai,Tamil Nadu,South,Amit,Credit Card
ORD4543,2026-08-03,C0818,Manish Yadav,Pen Set,Stationery,7.0,250.0,140,20,Bengaluru,Karnataka,South,Karan,Net Banking
ORD2596,2026-04-13,C0956,Amit Yadav,Headphones,Electronics,7.0,3500.0,2200,10,Bhubaneswar,Odisha,East,Priya,Credit Card
ORD5915,2026-04-03,C0682,Arjun Agarwal,Desk,Furniture,7.0,9000.0,6200,0,Lucknow,Uttar Pradesh,North,Karan,UPI
ORD3895,2026-07-24,C0025,Ravi Saxena,Keyboard,Electronics,5.0,1800.0,1100,5,Kolkata,West Bengal,East,Karan,UPI
ORD1491,2026-06-24,C0881,Priya Chauhan,Notebook,Stationery,5.0,120.0,65,20,Pune,Maharashtra,West,Sneha,Cash
ORD1863,2026-01-27,C0447,Shreya Chauhan,Smartphone,Electronics,5.0,28000.0,22000,20,Ahmedabad,Gujarat,West,Amit,Net Banking
ORD3233,2026-07-07,C0909,Ravi Mehta,Headphones,Electronics,1.0,3500.0,2200,15,Mumbai,Maharashtra,West,Sneha,Credit Card
ORD3305,2026-04-11,C0185,Anjali Verma,Office Chair,Furniture,6.0,12000.0,8500,10,Bengaluru,Karnataka,South,Neha,UPI
ORD3459,2026-07-23,C0148,Pooja Singh,Monitor,Electronics,1.0,18000.0,14000,15,Bengaluru,Karnataka,South,Priya,Debit Card
ORD3482,2026-06-21,C0150,Meera Yadav,Laptop,Electronics,5.0,55000.0,45000,15,Hyderabad,Telangana,South,Ravi,Net Banking
ORD2663,2026-01-01,C0839,Shreya Mehta,Keyboard,Electronics,4.0,1800.0,1100,0,Ahmedabad,Gujarat,West,Karan,UPI
ORD1507,2026-06-01,C0407,Ravi Joshi,Laptop ,electronics,6.0,3500.0,2200,5,Bhubaneswar,Odisha,East,Amit,UPI
ORD5065,2026-01-09,C0902,Nisha Tiwari,Notebook,Stationery,1.0,120.0,65,20,Gorakhpur,Uttar Pradesh,North,Ravi,Debit Card
ORD4127,2026-05-22,C0193,Amit Singh,Laptop,Electronics,2.0,55000.0,45000,5,Ahmedabad,Gujarat,West,Neha,Debit Card
ORD5106,2026-07-06,C0409,Kavita Agarwal,Headphones,Electronics,7.0,3500.0,2200,15,Lucknow,Uttar Pradesh,North,Ravi,Credit Card
ORD2223,2026-02-05,C0947,Karan Joshi,Monitor,Electronics,3.0,18000.0,14000,20,Gorakhpur,Uttar Pradesh,North,Amit,UPI
ORD2114,2026-03-15,C0106,Simran Verma,Printer,Electronics,4.0,16000.0,12500,10,Bengaluru,Karnataka,South,Karan,Debit Card
ORD3146,2026-01-13,C0791,Amit Chauhan,Pen Set,Stationery,3.0,250.0,140,10,Ahmedabad,Gujarat,West,Priya,Cash
ORD4474,2026-01-13,C0344,Rohan Gupta,Laptop,Electronics,1.0,55000.0,45000,0,Mumbai,Maharashtra,West,Ravi,Cash
ORD4013,2026-01-03,C0048,Simran Sharma,Notebook,Stationery,1.0,120.0,65,5,Hyderabad,Telangana,South,Amit,Cash
ORD5700,2026-05-31,C0935,Arjun Verma,Notebook,Stationery,5.0,120.0,65,10,Delhi,Delhi,North,Sneha,Credit Card
ORD1434,2026-02-27,C0957,Arjun Chauhan,Pen Set,Stationery,1.0,250.0,140,0,Delhi,Delhi,North,Amit,Credit Card
ORD3096,2026-06-03,C0867,Anjali Agarwal,Pen Set,Stationery,7.0,250.0,140,10,Gorakhpur,Uttar Pradesh,North,Neha,Debit Card
ORD4419,2026-02-14,C0623,Manish Saxena,Notebook,Stationery,7.0,120.0,65,20,Delhi,Delhi,North,Amit,Debit Card
ORD3878,2026-02-21,C0243,Arjun Mishra,Keyboard,Electronics,7.0,1800.0,1100,0,Ahmedabad,Gujarat,West,Priya,UPI
ORD3122,2026-01-21,C0894,Shreya Tiwari,Desk,Furniture,2.0,9000.0,6200,5,Kolkata,West Bengal,East,Priya,Cash
ORD4968,2026-01-02,C0159,Varun Yadav,Keyboard,Electronics,2.0,1800.0,1100,15,Pune,Maharashtra,West,Priya,Credit Card
ORD4210,2026-07-31,C0722,Arjun Verma,Desk,Furniture,3.0,9000.0,6200,20,Delhi,Delhi,North,Ravi,UPI
ORD4725,2026-07-02,C0476,Arjun Gupta,Desk,Furniture,5.0,9000.0,6200,0,Gorakhpur,Uttar Pradesh,North,Sneha,Debit Card
ORD4850,2026-07-11,C0535,Varun Kumar,Keyboard,Electronics,7.0,1800.0,1100,0,Hyderabad,Telangana,South,Priya,Cash
ORD4182,2026-02-13,C0717,Rohan Kumar,Smartphone,Electronics,1.0,,22000,10,Chennai,Tamil Nadu,South,Karan,Net Banking
ORD2103,2026-05-28,C0760,Arjun Gupta,Printer,Electronics,2.0,16000.0,12500,15,Hyderabad,Telangana,South,Sneha,UPI
ORD2483,2026-05-03,C0697,Rahul Yadav, LAPTOP ,Electronics,6.0,55000.0,45000,20,Ahmedabad,Gujarat,West,Amit,UPI
ORD2492,2026-02-19,C0096,Rahul Yadav,laptop,Electronics,2.0,16000.0,12500,20,Gorakhpur,Uttar Pradesh,North,Priya,Debit Card
ORD3169,2026-04-13,C0795,Sneha Yadav,Keyboard,Electronics,3.0,1800.0,1100,10,Delhi,Delhi,North,Karan,Debit Card
ORD4898,2026-05-01,C0834,Aditya Verma,Laptop,Electronics,5.0,55000.0,45000,0,Pune,Maharashtra,West,Ravi,Debit Card
ORD1157,2026-05-27,C0113,,Smartphone,Electronics,4.0,28000.0,22000,10,Ahmedabad,Gujarat,West,Priya,Net Banking
ORD4023,2026-08-14,C0307,Priya Gupta,Keyboard,Electronics,1.0,1800.0,1100,5,Lucknow,Uttar Pradesh,North,Amit,Credit Card
ORD5730,2026-01-27,C0200,Manish Singh,Smartphone,Electronics,5.0,28000.0,22000,10,Ahmedabad,Gujarat,West,Ravi,Debit Card
ORD1616,2026-05-31,C0454,Kavita Mishra,Keyboard,Electronics,4.0,1800.0,1100,20,Kolkata,West Bengal,East,Priya,Credit Card
ORD1644,2026-01-11,C0507,Pooja Saxena,Office Chair,Furniture,2.0,12000.0,8500,15,Lucknow,Uttar Pradesh,North,Neha,UPI
ORD5647,2026-04-22,C0956,Amit Yadav,Smartphone,Electronics,6.0,28000.0,22000,15,Gorakhpur,Uttar Pradesh,North,Neha,Credit Card
ORD3716,2026-04-22,C0899,Kavita Joshi,Headphones,Electronics,1.0,3500.0,2200,15,Hyderabad,Telangana,South,Karan,Net Banking
ORD2069,2026-01-08,C0112,Priya Agarwal,Keyboard,Electronics,3.0,1800.0,1100,15,Kolkata,West Bengal,East,Priya,UPI
ORD4581,2026-06-19,C0762,Sneha Patel,Notebook,Stationery,2.0,120.0,65,20,Gorakhpur,Uttar Pradesh,North,Neha,Net Banking
ORD3859,2026-03-23,C0886,Rohan Mishra,Headphones,Electronics,3.0,3500.0,2200,10,Hyderabad,Telangana,South,Priya,Cash
ORD5266,2026-01-14,C0734,Meera Verma,Headphones,Electronics,2.0,3500.0,2200,0,Delhi,Delhi,North,Amit,Debit Card
ORD5472,2026-06-29,C0545,Pooja Saxena,Notebook,Stationery,5.0,120.0,65,5,Bhubaneswar,Odisha,East,Priya,Net Banking
ORD1331,2026-06-05,C0803,Kavita Mishra,Printer,Electronics,7.0,16000.0,12500,10,Bengaluru,Karnataka,South,Amit,Net Banking
ORD3814,2026-06-16,C0634,Sneha Joshi,Desk,Furniture,7.0,9000.0,6200,20,Hyderabad,Telangana,South,Priya,Net Banking
ORD3686,2026-02-15,C0398,Simran Sharma,Desk,Furniture,1.0,9000.0,6200,5,Hyderabad,Telangana,South,Ravi,Debit Card
ORD3223,2026-05-05,C0754,Kavita Sharma,Pen Set,Stationery,5.0,250.0,140,20,Mumbai,Maharashtra,West,Amit,Credit Card
ORD1623,2026-01-03,C0562,Priya Kumar,Office Chair,Furniture,5.0,12000.0,8500,5,Bhubaneswar,Odisha,East,Priya,Credit Card
ORD4810,2026-07-04,C0596,Ravi Gupta,Laptop,Electronics,3.0,55000.0,45000,15,Ahmedabad,Gujarat,West,Ravi,Net Banking
ORD3358,2026-07-24,C0746,Sneha Yadav,Keyboard,Electronics,6.0,1800.0,1100,5,Hyderabad,Telangana,South,Neha,UPI
ORD4470,2026-06-19,C0926,Pooja Patel,Laptop,Electronics,7.0,55000.0,45000,0,Hyderabad,Telangana,South,Neha,Credit Card
ORD3944,2026-08-16,C0988,Sneha Sharma,Notebook,Stationery,4.0,120.0,65,15,Kolkata,West Bengal,East,Ravi,Net Banking
ORD3100,2026-02-27,C0597,Kavita Singh,Desk,Furniture,6.0,9000.0,6200,5,Chennai,Tamil Nadu,South,Neha,UPI
ORD4883,2026-06-09,C0223,Sneha Mishra,Notebook,Stationery,3.0,120.0,65,0,Kolkata,West Bengal,East,Karan,Net Banking
ORD3750,2026-01-05,C0587,Meera Mishra,Office Chair,Furniture,1.0,12000.0,8500,15,Pune,Maharashtra,West,Sneha,Debit Card
ORD1756,2026-08-05,C0161,Manish Agarwal,Laptop,Electronics,5.0,55000.0,45000,15,Mumbai,Maharashtra,West,Amit,UPI
ORD1519,2026-07-01,C0445,Karan Saxena,Printer,Electronics,7.0,16000.0,12500,0,Gorakhpur,Uttar Pradesh,North,Priya,Net Banking
ORD4858,2026-06-15,C0489,Simran Singh,Monitor,Electronics,7.0,18000.0,14000,0,Mumbai,Maharashtra,West,Sneha,Net Banking
ORD1033,2026-03-09,C0762,Sneha Patel,Desk,Furniture,4.0,9000.0,6200,5,Lucknow,Uttar Pradesh,North,Priya,Net Banking
ORD4193,2026-07-30,C0413,Meera Joshi,Smartphone, Electronics ,2.0,28000.0,22000,20,Bhubaneswar,Odisha,East,Amit,Net Banking
ORD2158,2026-01-17,C0309,Vikas Mishra,Headphones,Electronics,7.0,3500.0,2200,10,Mumbai,Maharashtra,West,Priya,Net Banking
ORD1745,2026-08-26,C0503,Rohan Verma,Smartphone,Electronics,7.0,28000.0,22000,10,Lucknow,Uttar Pradesh,North,Neha,Credit Card
ORD2437,2026-02-17,C0480,Amit Tiwari,Headphones,Electronics,6.0,3500.0,2200,15,Gorakhpur,Uttar Pradesh,North,Ravi,Cash
ORD5992,2026-03-13,C0610,Simran Yadav,Desk,Furniture,5.0,9000.0,6200,15,Jaipur,Rajasthan,North,Ravi,UPI
ORD5601,2026-02-15,C0103,Shreya Kumar,Smartphone,Electronics,7.0,28000.0,22000,5,Mumbai,Maharashtra,West,Amit,Net Banking
ORD3630,2026-06-21,C0695,Manish Tiwari,Printer,Electronics,6.0,16000.0,12500,0,Pune,Maharashtra,West,Karan,Cash
ORD1784,2026-02-06,C0961,Neha Verma,Office Chair,Furniture,3.0,12000.0,8500,5,Bengaluru,Karnataka,South,Neha,UPI
ORD2816,2026-03-23,C0954,Anjali Singh,Headphones,Electronics,7.0,3500.0,2200,0,Hyderabad,Telangana,South,Karan,Credit Card
ORD4076,2026-01-01,C0233,Amit Sharma,Smartphone,Electronics,,28000.0,22000,20,Delhi,Delhi,North,Karan,Credit Card
ORD1230,2026-05-21,C0856,Amit Verma,Laptop,Electronics,6.0,55000.0,45000,5,Kolkata,West Bengal,East,Amit,Cash
ORD1858,2026-05-19,C0778,Shreya Verma,Printer,Electronics,3.0,16000.0,12500,20,Bhubaneswar,Odisha,East,Sneha,Credit Card
ORD2533,2026-05-16,C0980,Rohan Gupta,Monitor,Electronics,7.0,18000.0,14000,10,Bengaluru,Karnataka,South,Karan,UPI
ORD3395,2026-04-08,C0208,Sneha Verma,Printer,Electronics,4.0,16000.0,12500,5,Bhubaneswar,Odisha,East,Priya,Net Banking
ORD1409,2026-06-21,C0138,Simran Verma,Headphones,Electronics,2.0,3500.0,2200,0,Bengaluru,Karnataka,South,Sneha,Cash
ORD1171,2026-06-29,C0191,Manish Verma,Printer,Electronics,2.0,16000.0,12500,5,Chennai,Tamil Nadu,South,Ravi,UPI
ORD1541,2026-04-26,C0442,Rahul Singh,Smartphone,Electronics,7.0,28000.0,22000,15,Mumbai,Maharashtra,West,Amit,Cash
ORD4300,2026-04-30,C0906,Arjun Joshi,Desk,Furniture,6.0,9000.0,6200,5,Pune,Maharashtra,West,Karan,UPI
ORD5182,2026-01-22,C0706,Manish Mehta,Notebook,Stationery,2.0,120.0,65,5,Bengaluru,Karnataka,South,Amit,Debit Card
ORD3604,2026-04-07,C0176,Varun Sharma,Smartphone,Electronics,6.0,28000.0,22000,20,Jaipur,Rajasthan,North,Karan,Net Banking
ORD1614,2026-07-08,C0296,Shreya Agarwal,Office Chair,Furniture,7.0,12000.0,8500,0,Pune,Maharashtra,West,Ravi,Debit Card
ORD2527,2026-08-20,C0726,Meera Kumar,Desk,Furniture,6.0,9000.0,6200,0,Lucknow,Uttar Pradesh,North,Karan,UPI
ORD5875,2026-03-13,C0545,Pooja Saxena,Smartphone,Electronics,6.0,28000.0,22000,15,Kolkata,West Bengal,East,Amit,Cash
ORD4489,2026-01-30,C0877,Sneha Patel,Keyboard,Electronics,6.0,1800.0,1100,15,Jaipur,Rajasthan,North,Amit,Debit Card
ORD2162,2026-01-10,C0995,Kavita Kumar,Laptop,Electronics,1.0,55000.0,45000,15,Lucknow,Uttar Pradesh,North,Sneha,Cash
ORD5374,2026-05-31,C0155,Varun Saxena,Printer,Electronics,5.0,16000.0,12500,5,Mumbai,Maharashtra,West,Ravi,Net Banking
ORD3562,2026-02-20,C0381,Shreya Singh,Pen Set,Stationery,1.0,250.0,140,5,Kolkata,West Bengal,East,Sneha,UPI
ORD3834,2026-07-14,C0611,Neha Verma,Notebook,Stationery,5.0,120.0,65,20,Ahmedabad,Gujarat,West,Neha,Net Banking
ORD4692,2026-05-25,C0150,Meera Yadav,Desk,Furniture,1.0,9000.0,6200,5,Chennai,Tamil Nadu,South,Karan,Net Banking
ORD2490,2026-05-09,C0186,Priya Gupta,Keyboard,Electronics,4.0,1800.0,1100,0,Bhubaneswar,Odisha,East,Amit,Debit Card
ORD3230,2026-08-08,C0583,Rahul Patel,Laptop,Electronics,6.0,55000.0,45000,0,Jaipur,Rajasthan,North,Karan,Credit Card
ORD1565,2026-01-16,C0261,Nisha Yadav,Desk,Furniture,,9000.0,6200,20,Pune,Maharashtra,West,Neha,Net Banking
ORD4625,2026-05-14,C0305,Vikas Singh,Monitor,Electronics,5.0,18000.0,14000,5,Lucknow,Uttar Pradesh,North,Neha,Debit Card
ORD5274,2026-03-26,C0917,Shreya Patel,Laptop,Electronics,5.0,55000.0,45000,5,Chennai,Tamil Nadu,South,Sneha,Net Banking
ORD2840,2026-07-28,C0166,Kavita Chauhan,Desk,Furniture,5.0,9000.0,6200,5,Delhi,Delhi,North,Amit,Net Banking
ORD2508,2026-04-02,C0457,Simran Agarwal,Laptop,Electronics,6.0,55000.0,45000,5,Gorakhpur,Uttar Pradesh,North,Priya,UPI
ORD4549,2026-03-06,C0713,Ravi Mehta,Pen Set,Stationery,5.0,250.0,140,0,Bhubaneswar,Odisha,East,Amit,Cash
ORD2435,2026-06-28,C0898,Sneha Patel,Notebook,Stationery,5.0,120.0,65,5,Kolkata,West Bengal,East,Amit,Net Banking
ORD5959,2026-08-27,C0108,Amit Gupta,Pen Set,Stationery,4.0,250.0,140,15,Bengaluru,Karnataka,South,Amit,Net Banking
ORD4528,2026-03-20,C0105,Neha Agarwal,Printer,Electronics,6.0,16000.0,12500,0,Gorakhpur,Uttar Pradesh,North,Sneha,Cash
ORD5400,2026-07-11,C0006,Shreya Agarwal,Pen Set,Stationery,6.0,250.0,140,20,Hyderabad,Telangana,South,Ravi,Cash
ORD4955,2026-07-06,C0774,Amit Joshi,Office Chair,Furniture,1.0,12000.0,8500,10,Mumbai,Maharashtra,West,Neha,Net Banking
ORD3520,2026-07-31,C0924,Arjun Yadav,Office Chair,Furniture,4.0,12000.0,8500,15,Lucknow,Uttar Pradesh,North,Amit,Credit Card
ORD2420,2026-08-22,C0525,Meera Verma,Smartphone,Electronics,5.0,28000.0,22000,15,Bhubaneswar,Odisha,East,Neha,Credit Card
ORD2173,2026-03-31,C0873,Manish Saxena,Headphones,Electronics,5.0,3500.0,2200,20,Kolkata,West Bengal,East,Amit,UPI
ORD3087,2026-08-23,C0843,Manish Joshi,Pen Set,Stationery,4.0,250.0,140,0,Gorakhpur,Uttar Pradesh,North,Sneha,Credit Card
ORD1326,2026-05-12,C0206,Arjun Verma,Printer,Electronics,7.0,16000.0,12500,15,Pune,Maharashtra,West,Ravi,Credit Card
ORD2052,2026-03-10,C0838,Vikas Joshi,Smartphone,Electronics,2.0,28000.0,22000,5,Pune,Maharashtra,West,Sneha,Cash
ORD3989,2026-05-13,C0489,Simran Singh,Keyboard,Electronics,1.0,1800.0,1100,20,Pune,Maharashtra,West,Sneha,Credit Card
ORD4426,2026-03-03,C0376,Nisha Chauhan,Monitor,Electronics,2.0,18000.0,14000,10,Mumbai,Maharashtra,West,Amit,Cash
ORD3928,2026-03-13,C0732,Amit Chauhan,Laptop,Electronics,7.0,55000.0,45000,5,Lucknow,Uttar Pradesh,North,Priya,Cash
ORD2481,2026-03-03,C0267,Priya Sharma,Office Chair,Furniture,3.0,12000.0,8500,0,Bhubaneswar,Odisha,East,Ravi,UPI
ORD4197,2026-05-30,C0291,Aditya Joshi,Pen Set,Stationery,5.0,250.0,140,10,Bengaluru,Karnataka,South,Ravi,Net Banking
ORD2197,2026-05-24,C0086,Rohan Joshi,Keyboard,Electronics,7.0,1800.0,1100,0,Delhi,Delhi,North,Amit,Credit Card
ORD1621,2026-08-02,C0641,Manish Joshi,Pen Set,Stationery,5.0,250.0,140,0,Delhi,Delhi,North,Sneha,Cash
ORD2552,2026-06-19,C0706,Manish Mehta,Pen Set,Stationery,4.0,250.0,140,10,Gorakhpur,Uttar Pradesh,North,Ravi,Credit Card
ORD3922,2026-01-14,C0156,Karan Verma,Headphones,Electronics,5.0,3500.0,2200,20,Chennai,Tamil Nadu,South,Amit,Cash
ORD2190,2026-04-16,C0106,Simran Verma,Office Chair,Furniture,7.0,12000.0,8500,5,Bengaluru,Karnataka,South,Karan,Debit Card
ORD1329,2026-03-04,C0921,Sneha Saxena,Headphones,Electronics,7.0,3500.0,2200,20,Bhubaneswar,Odisha,East,Sneha,Cash
ORD1649,2026-02-24,C0554,Amit Kumar,Monitor,Electronics,7.0,18000.0,14000,15,Hyderabad,Telangana,South,Ravi,Cash
ORD1898,2026-06-30,C0969,Pooja Gupta,Notebook,Stationery,3.0,120.0,65,10,Jaipur,Rajasthan,North,Sneha,Net Banking
ORD2505,2026-08-21,C0104,Karan Agarwal,Smartphone,Electronics,5.0,28000.0,22000,20,Delhi,Delhi,North,Neha,
ORD2124,2026-01-25,C0152,Priya Mehta,Keyboard,Electronics,5.0,1800.0,1100,5,Hyderabad,Telangana,South,Priya,Credit Card
ORD4376,2026-02-17,C0141,Anjali Mishra,Printer,Electronics,6.0,16000.0,12500,5,Delhi,Delhi,North,Karan,Debit Card
ORD5671,2026-06-05,C0222,Rohan Patel,Printer,Electronics,3.0,16000.0,12500,0,Kolkata,West Bengal,East,Ravi,Debit Card
ORD3808,2026-03-11,C0214,Sneha Chauhan,Monitor,Electronics,6.0,18000.0,14000,15,Hyderabad,Telangana,South,Sneha,Debit Card
ORD2434,2026-07-06,C0895,Amit Sharma,Laptop,Electronics,4.0,55000.0,45000,15,Chennai,Tamil Nadu,South,Ravi,Debit Card
ORD2966,2026-02-05,C0203,Nisha Agarwal,Monitor,Electronics,1.0,18000.0,14000,20,Hyderabad,Telangana,South,Amit,Credit Card
ORD2790,2026-02-14,C0945,Vikas Mishra,Notebook,Stationery,3.0,120.0,65,0,Pune,Maharashtra,West,Amit,Credit Card
ORD4361,2026-06-13,C0279,Meera Gupta,Smartphone,Electronics,5.0,28000.0,22000,0,Chennai,Tamil Nadu,South,Neha,Debit Card
ORD3178,2026-04-24,C0304,Meera Singh,Monitor,Electronics,4.0,18000.0,14000,0,Gorakhpur,Uttar Pradesh,North,Ravi,Net Banking
ORD5595,2026-02-01,C0379,Anjali Agarwal,Headphones,Electronics,1.0,3500.0,2200,0,Ahmedabad,Gujarat,West,Priya,Debit Card
ORD5443,2026-04-10,C0879,Pooja Gupta,Pen Set,Stationery,7.0,250.0,140,15,Jaipur,Rajasthan,North,Neha,Net Banking
ORD2024,2026-08-28,C0787,Vikas Yadav,Pen Set,Stationery,4.0,250.0,140,20,Delhi,Delhi,North,Ravi,UPI
ORD3022,2026-03-23,C0269,Neha Verma,Monitor,Electronics,1.0,18000.0,14000,15,Gorakhpur,Uttar Pradesh,North,Neha,Net Banking
ORD3424,2026-03-24,C0832,Kavita Tiwari,Printer,Electronics,2.0,16000.0,12500,20,Gorakhpur,Uttar Pradesh,North,Sneha,Cash
ORD3504,2026-05-29,C0265,Aditya Yadav,Laptop,Electronics,5.0,55000.0,45000,0,Jaipur,Rajasthan,North,Priya,Credit Card
ORD2433,2026-03-07,C0015,Rahul Yadav,Smartphone,Electronics,6.0,28000.0,22000,10,Lucknow,Uttar Pradesh,North,Ravi,UPI
ORD2514,2026-05-06,C0911,Anjali Kumar,Headphones,Electronics,2.0,3500.0,2200,15,Chennai,Tamil Nadu,South,Sneha,Net Banking
ORD1810,2026-08-28,C0999,Shreya Yadav,Keyboard,Electronics,1.0,1800.0,1100,15,Bengaluru,Karnataka,South,Ravi,Debit Card
ORD3893,2026-03-12,C0211,Nisha Joshi,Laptop,Electronics,3.0,55000.0,45000,5,Pune,Maharashtra,West,Ravi,Net Banking
ORD1979,2026-08-21,C0530,Aditya Agarwal,Smartphone,Electronics,5.0,28000.0,22000,0,Chennai,Tamil Nadu,South,Neha,Credit Card
ORD4700,2026-06-22,C0706,Manish Mehta,Monitor,Electronics,5.0,18000.0,14000,15,Pune,Maharashtra,West,Karan,UPI
ORD5220,2026-03-03,C0610,Simran Yadav,Smartphone,Electronics,2.0,28000.0,22000,10,Bhubaneswar,Odisha,East,Priya,Cash
ORD2727,2026-08-01,C0557,Shreya Agarwal,Monitor,Electronics,2.0,18000.0,14000,5,Mumbai,Maharashtra,West,Amit,Net Banking
ORD3527,2026-01-05,C0712,Kavita Yadav,Pen Set,Stationery,3.0,250.0,140,15,Lucknow,Uttar Pradesh,North,Amit,Debit Card
ORD3268,2026-08-17,C0207,Sneha Sharma,Notebook,Stationery,2.0,120.0,65,0,Lucknow,Uttar Pradesh,North,Priya,Debit Card
ORD3437,2026-05-15,C0064,Nisha Sharma,Pen Set,Stationery,6.0,250.0,140,15,Chennai,Tamil Nadu,South,Karan,Cash
ORD2834,2026-05-22,C0043,Manish Mishra,Monitor,Electronics,5.0,18000.0,14000,20,Jaipur,Rajasthan,North,Neha,UPI
ORD3025,2026-04-12,C0845,Kavita Mishra,Laptop, Electronics ,2.0,55000.0,45000,0,Hyderabad,Telangana,South,Amit,Net Banking
ORD3198,2026-04-23,C0112,Priya Agarwal,Desk,Furniture,2.0,9000.0,6200,0,Hyderabad,Telangana,South,Amit,Debit Card
ORD1175,2026-08-01,C0608,Pooja Singh,Monitor,Electronics,1.0,18000.0,14000,15,Delhi,Delhi,North,Neha,Net Banking
ORD2593,2026-06-10,C0884,Priya Yadav,Printer,Electronics,3.0,16000.0,12500,15,Lucknow,Uttar Pradesh,North,Ravi,Debit Card
ORD4894,2026-03-19,C0249,Priya Singh,Headphones,Electronics,4.0,3500.0,2200,20,Hyderabad,Telangana,South,Neha,Net Banking
ORD5017,2026-07-18,C0287,Karan Patel,Printer,Electronics,6.0,16000.0,12500,10,Delhi,Delhi,North,Karan,Net Banking
ORD5488,2026-01-25,C0465,Ravi Mishra,Desk,Furniture,3.0,9000.0,6200,5,Bengaluru,Karnataka,South,Amit,Credit Card
ORD1218,2026-03-18,C0429,Kavita Agarwal,Pen Set,Stationery,7.0,250.0,140,5,Bhubaneswar,Odisha,East,Sneha,UPI
ORD4971,2026-01-04,C0838,Vikas Joshi,Office Chair,Furniture,7.0,12000.0,8500,15,Lucknow,Uttar Pradesh,North,Karan,Debit Card
ORD4775,2026-06-18,C0781,Sneha Kumar,Laptop,Electronics,3.0,55000.0,45000,5,Bhubaneswar,Odisha,East,Amit,Debit Card
ORD1691,2026-03-01,C0242,Amit Saxena,Headphones,Electronics,7.0,3500.0,2200,5,Gorakhpur,Uttar Pradesh,North,Karan,Cash
ORD3616,2026-04-06,C0982,Shreya Mishra,Desk,Furniture,5.0,9000.0,6200,10,Mumbai,Maharashtra,West,Priya,UPI
ORD3265,2026-06-12,C0953,Rohan Chauhan,Laptop,Electronics,999.0,55000.0,45000,10,Mumbai,Maharashtra,West,Sneha,Net Banking
ORD3270,2026-08-17,C0844,Rohan Kumar,Notebook,Stationery,3.0,120.0,65,10,Mumbai,Maharashtra,West,Sneha,UPI
ORD2107,2026-08-04,C0751,Karan Saxena,Smartphone,Electronics,,28000.0,22000,10,Hyderabad,Telangana,South,Sneha,Cash
ORD3111,2026-07-30,C0990,Nisha Mehta,Desk,Furniture,5.0,9000.0,6200,10,Hyderabad,Telangana,South,Neha,Cash
ORD3684,2026-06-13,C0841,Rahul Chauhan,Monitor,Electronics,1.0,18000.0,14000,0,Lucknow,Uttar Pradesh,North,Sneha,Cash
ORD2567,2026-06-18,C0892,Neha Kumar,Headphones,Electronics,5.0,3500.0,2200,10,Pune,Maharashtra,West,Karan,Net Banking
ORD1612,2026-05-25,C0516,Meera Tiwari,Headphones,Electronics,3.0,3500.0,2200,15,Jaipur,Rajasthan,North,Sneha,UPI
ORD4290,2026-06-04,C0917,Shreya Patel,Monitor,Electronics,5.0,18000.0,14000,10,Ahmedabad,Gujarat,West,Karan,UPI
ORD4766,2026-08-15,C0093,Varun Mishra,Laptop,Electronics,7.0,55000.0,45000,20,Jaipur,Rajasthan,North,Ravi,Credit Card
ORD1577,2026-06-25,C0060,Manish Verma,Smartphone,Electronics,7.0,28000.0,22000,10,Hyderabad,Telangana,South,Ravi,Cash
ORD3093,2026-07-02,C0880,Pooja Saxena,Printer,Electronics,3.0,16000.0,12500,10,Chennai,Tamil Nadu,South,Neha,UPI
ORD5462,2026-01-16,C0723,Karan Sharma,Headphones,Electronics,7.0,3500.0,2200,20,Jaipur,Rajasthan,North,Karan,Credit Card
ORD2181,2026-03-10,C0349,Rohan Kumar,Notebook,Stationery,4.0,120.0,65,10,Bhubaneswar,Odisha,East,Karan,Net Banking
ORD1889,2026-06-17,C0433,Ravi Joshi,Smartphone,Electronics,5.0,28000.0,22000,15,Bhubaneswar,Odisha,East,Karan,Debit Card
ORD5123,2026-05-17,C0362,Priya Kumar,Keyboard,ELECTRONICS,-3.0,1800.0,1100,5,Kolkata,West Bengal,East,Neha,Credit Card
ORD3987,2026-06-12,C0595,Amit Mishra,Smartphone,Electronics,5.0,28000.0,22000,20,Ahmedabad,Gujarat,West,Karan,Net Banking
ORD3703,2026-06-11,C0931,Aditya Singh,Smartphone,Electronics,4.0,28000.0,22000,0,Gorakhpur,Uttar Pradesh,North,Amit,Credit Card
ORD1818,2026-01-18,C0122,Shreya Kumar,Printer,Electronics,5.0,16000.0,12500,0,Bengaluru,Karnataka,South,Sneha,Net Banking
ORD5162,2026-01-23,C0451,Sneha Sharma,Desk,Furniture,2.0,9000.0,6200,5,Gorakhpur,Uttar Pradesh,North,Neha,Cash
ORD2908,2026-04-03,C0490,Karan Mehta,Laptop,Electronics,2.0,55000.0,45000,10,Bengaluru,Karnataka,South,Karan,Cash
ORD1209,2026-04-21,C0518,Varun Mehta,Monitor,Electronics,3.0,18000.0,14000,15,Delhi,Delhi,North,Neha,Net Banking
ORD1294,2026-06-16,C0950,Simran Mehta,Laptop,Electronics,3.0,55000.0,45000,20,Lucknow,Uttar Pradesh,North,Priya,UPI
ORD2120,2026-06-19,C0972,Amit Agarwal,Monitor,Electronics,4.0,18000.0,14000,5,Ahmedabad,Gujarat,West,Amit,Cash
ORD3245,2026-07-12,C0254,Priya Kumar,Smartphone,Electronics,4.0,28000.0,22000,5,Chennai,Tamil Nadu,South,Karan,UPI
ORD2651,2026-04-04,C0185,Anjali Verma,Laptop,Electronics,4.0,55000.0,45000,20,Pune,Maharashtra,West,Priya,Debit Card
ORD2265,2026-02-28,C0230,Rohan Patel,Office Chair,Furniture,1.0,12000.0,8500,0,Ahmedabad,Gujarat,West,Amit,Net Banking
ORD1991,2026-07-20,C0789,Sneha Agarwal,Pen Set,Stationery,3.0,250.0,140,15,Chennai,Tamil Nadu,South,Sneha,Debit Card
ORD3306,2026-06-02,C0498,Karan Mehta,Laptop,Electronics,4.0,55000.0,45000,0,Lucknow,Uttar Pradesh,North,Ravi,Net Banking
ORD5223,2026-03-30,C0512,Vikas Mishra,Desk,Furniture,7.0,9000.0,6200,15,Bhubaneswar,Odisha,East,Amit,Credit Card
ORD3410,2026-08-27,C0373,Rohan Saxena,Laptop,Electronics,7.0,55000.0,45000,15,Delhi,Delhi,North,Priya,Credit Card
ORD1354,2026-05-09,C0039,Vikas Kumar,Notebook,Stationery,4.0,120.0,65,15,Hyderabad,Telangana,South,Sneha,Net Banking
ORD3551,2026-08-12,C0575,Rohan Joshi,Pen Set,Stationery,1.0,250.0,140,5,Gorakhpur,Uttar Pradesh,North,Sneha,Net Banking
ORD4834,2026-02-01,C0744,Varun Mishra,Office Chair,Furniture,5.0,12000.0,8500,0,Mumbai,Maharashtra,West,Priya,Cash
ORD5325,2026-01-19,C0935,Arjun Verma,Headphones,Electronics,7.0,3500.0,2200,0,Gorakhpur,Uttar Pradesh,North,Neha,Net Banking
ORD3592,2026-07-08,C0748,Varun Mehta,Headphones,Electronics,4.0,3500.0,2200,0,Pune,Maharashtra,West,Amit,Debit Card
ORD2919,2026-02-09,C0545,Pooja Saxena,Pen Set,Stationery,1.0,250.0,140,20,Chennai,Tamil Nadu,South,Karan,Debit Card
ORD2229,2026-06-28,C0320,Neha Saxena,Keyboard,Electronics,2.0,1800.0,1100,15,Kolkata,West Bengal,East,Karan,Cash
ORD1260,2026-08-16,C0953,Rohan Chauhan,Smartphone,Electronics,2.0,28000.0,22000,0,Ahmedabad,Gujarat,West,Ravi,UPI
ORD2698,2026-06-13,C0448,Shreya Patel,Notebook,Stationery,5.0,120.0,65,20,Ahmedabad,Gujarat,West,Karan,UPI
ORD2877,2026-01-05,C0980,Rohan Gupta,Laptop,Electronics,3.0,55000.0,45000,20,Pune,Maharashtra,West,Ravi,Cash
ORD5769,2026-03-19,C0940,Vikas Mishra,Office Chair,Furniture,5.0,12000.0,8500,20,Delhi,Delhi,North,Amit,UPI
ORD2814,2026-07-30,C0236,Simran Gupta,Printer,Electronics,2.0,16000.0,12500,5,Lucknow,Uttar Pradesh,North,Priya,UPI
ORD5993,2026-08-13,C0345,Pooja Verma,Desk,Furniture,1.0,9000.0,6200,20,Jaipur,Rajasthan,North,Neha,UPI
ORD1053,2026-05-02,C0667,Nisha Verma,Desk,Furniture,1.0,9000.0,6200,0,Kolkata,West Bengal,East,Karan,UPI
ORD3228,2026-01-23,C0175,Pooja Chauhan,Keyboard,Electronics,2.0,1800.0,1100,10,Gorakhpur,Uttar Pradesh,North,Priya,Cash
ORD2889,2026-02-26,C0770,Kavita Mehta,Laptop,Electronics,4.0,55000.0,45000,10,Mumbai,Maharashtra,West,Ravi,UPI
ORD3225,2026-01-02,C0362,Priya Kumar,Laptop,Electronics,6.0,55000.0,45000,10,Kolkata,West Bengal,East,Ravi,UPI
ORD3442,2026-06-30,C0451,Sneha Sharma,Headphones,Electronics,4.0,3500.0,2200,5,Pune,Maharashtra,West,Sneha,Cash
ORD4253,2026-02-25,C0499,,Laptop,Electronics,1.0,55000.0,45000,5,Mumbai,Maharashtra,West,Priya,Cash
ORD5272,2026-07-20,C0244,Anjali Mishra,Notebook,Stationery,3.0,120.0,65,15,Kolkata,West Bengal,East,Sneha,UPI
ORD2480,2026-04-19,C0025,Ravi Saxena,Pen Set,Stationery,4.0,250.0,140,5,Mumbai,Maharashtra,West,Ravi,Debit Card
ORD2034,2026-03-21,C0951,Pooja Patel,Headphones,Electronics,4.0,3500.0,2200,5,Gorakhpur,Uttar Pradesh,North,Karan,Debit Card
ORD2098,2026-06-13,C0446,,Desk,Furniture,3.0,9000.0,6200,10,Bengaluru,Karnataka,South,Sneha,Cash
ORD2470,2026-03-17,C0317,Sneha Sharma,Monitor,Electronics,4.0,18000.0,14000,20,Bhubaneswar,Odisha,East,Priya,Credit Card
ORD1544,2026-01-01,C0072,Aditya Sharma,Smartphone,Electronics,4.0,28000.0,22000,10,Jaipur,Rajasthan,North,Priya,Cash
ORD2047,2026-02-24,C0301,Arjun Yadav,Keyboard,Electronics,2.0,1800.0,1100,0,Hyderabad,Telangana,South,Neha,Debit Card
ORD2943,2026-08-27,C0153,Aditya Gupta,Printer,Electronics,5.0,16000.0,12500,20,Lucknow,Uttar Pradesh,North,Ravi,Cash
ORD2613,2026-06-14,C0487,Aditya Mishra,Smartphone,Electronics,5.0,28000.0,22000,5,Gorakhpur,Uttar Pradesh,North,Neha,Cash
ORD1031,2026-02-18,C0208,Sneha Verma,Pen Set,Stationery,1.0,250.0,140,15,Ahmedabad,Gujarat,West,Ravi,Debit Card
ORD1726,2026-01-12,C0250,Rohan Verma,Notebook,Stationery,1.0,120.0,65,15,Delhi,Delhi,NORTH,Karan,Debit Card
ORD4201,2026-06-10,C0605,Vikas Yadav,Pen Set,Stationery,7.0,250.0,140,5,Ahmedabad,Gujarat,West,Karan,Debit Card
ORD5145,2026-07-18,C0208,,Keyboard,Electronics,1.0,1800.0,1100,20,Jaipur,Rajasthan,North,Amit,Net Banking
ORD4960,2026-05-04,C0176,Varun Sharma,Desk,Furniture,3.0,9000.0,6200,15,Jaipur,Rajasthan,North,Ravi,UPI
ORD2427,2026-05-23,C0802,Neha Singh,Desk,Furniture,6.0,9000.0,6200,10,Gorakhpur,Uttar Pradesh,North,Sneha,Net Banking
ORD4415,2026-02-27,C0200,Manish Singh,Notebook,Stationery,3.0,120.0,65,5,Chennai,Tamil Nadu,South,Ravi,Net Banking
ORD1437,2026-03-30,C0554,Amit Kumar,Notebook,Stationery,1.0,120.0,65,0,Kolkata,West Bengal,East,Amit,UPI
ORD3506,2026-08-09,C0163,Karan Sharma,Office Chair,Furniture,2.0,12000.0,8500,0,Mumbai,Maharashtra,West,Ravi,UPI
ORD1913,2026-06-28,C0925,Rahul Verma,Notebook, Electronics ,7.0,120.0,65,20,Jaipur,Rajasthan,North,Karan,Credit Card
ORD5248,2026-06-07,C0619,Aditya Kumar,Pen Set,Stationery,1.0,250.0,140,5,Hyderabad,Telangana,South,Karan,Debit Card
ORD5190,2026-06-23,C0787,Vikas Yadav,Office Chair,Furniture,5.0,12000.0,8500,10,Mumbai,Maharashtra,West,Karan,Credit Card
ORD5539,2026-08-18,C0490,Karan Mehta,Office Chair,Furniture,7.0,12000.0,8500,10,Chennai,Tamil Nadu,South,Priya,UPI
ORD4380,2026-08-17,C0055,Kavita Kumar,Headphones,Electronics,4.0,3500.0,2200,10,Chennai,Tamil Nadu,South,Ravi,Cash
ORD3320,2026-03-26,C0401,Simran Saxena,Smartphone,Electronics,4.0,28000.0,22000,5,Hyderabad,Telangana,South,Amit,UPI
ORD4008,2026-03-17,C0271,Rohan Agarwal,Pen Set,Stationery,7.0,250.0,140,5,Chennai,Tamil Nadu,South,Karan,Cash
ORD2239,2026-06-11,C0162,Varun Gupta,Smartphone,Electronics,6.0,28000.0,22000,20,Lucknow,Uttar Pradesh,North,Sneha,Debit Card
ORD1904,2026-04-27,C0007,Karan Yadav,Laptop,Electronics,4.0,55000.0,45000,0,Lucknow,Uttar Pradesh,North,Ravi,Cash
ORD4774,2026-08-18,C0316,Pooja Patel,Pen Set,Stationery,5.0,250.0,140,20,Ahmedabad,Gujarat,north,Sneha,Cash
ORD5604,2026-03-17,C0825,Unknown Customer,Pen Set,Stationery,5.0,250.0,140,5,Pune,Maharashtra,West,Amit,Credit Card
ORD2544,2026-04-24,C0670,Meera Tiwari,Laptop,Electronics,3.0,55000.0,45000,5,Ahmedabad,Gujarat,West,Neha,Cash
ORD1508,2026-07-22,C0001,Priya Gupta,Smartphone,Electronics,3.0,28000.0,22000,10,Chennai,Tamil Nadu,South,Priya,Debit Card
ORD4270,2026-06-22,C0160,Sneha Chauhan,Notebook,Stationery,6.0,120.0,65,10,Chennai,Tamil Nadu,South,Sneha,UPI
ORD1184,2026-04-17,C0934,Simran Singh,Smartphone,Electronics,3.0,28000.0,22000,0,Bhubaneswar,Odisha,East,Neha,Cash
ORD3992,2026-01-29,C0146,Shreya Mishra,Desk,Furniture,6.0,9000.0,6200,10,Pune,Maharashtra,West,Amit,Credit Card
ORD2498,2026-04-17,C0974,Amit Gupta,Pen Set,Stationery,3.0,250.0,140,20,Jaipur,Rajasthan,North,Priya,Net Banking
ORD2874,2026-01-24,C0490,Karan Mehta,Headphones,Electronics,1.0,3500.0,2200,5,Gorakhpur,Uttar Pradesh,North,Priya,Credit Card
ORD1322,2026-04-20,C0510,Karan Patel,Keyboard,Electronics,3.0,1800.0,1100,0,Lucknow,Uttar Pradesh,North,Neha,Debit Card
ORD2832,2026-03-25,C0409,Kavita Agarwal,Printer,Electronics,2.0,16000.0,12500,10,Ahmedabad,Gujarat,West,Karan,Credit Card
ORD4502,2026-03-09,C0086,Rohan Joshi,Pen Set,Stationery,5.0,250.0,140,20,Gorakhpur,Uttar Pradesh,North,Priya,Cash
ORD2804,2026-06-27,C0195,Shreya Agarwal,Smartphone,Electronics,6.0,28000.0,22000,15,Bengaluru,Karnataka,South,Ravi,Cash
ORD5802,2026-04-20,C0123,Kavita Patel,Keyboard,Electronics,7.0,1800.0,1100,15,Delhi,Delhi,North,Amit,Debit Card
ORD5416,2026-01-20,C0254,Priya Kumar,Laptop,Electronics,2.0,55000.0,45000,5,Chennai,Tamil Nadu,South,Amit,UPI
ORD4471,2026-05-30,C0101,Ravi Yadav,Keyboard,Electronics,6.0,1800.0,1100,5,Kolkata,West Bengal,East,Neha,Net Banking
ORD3145,2026-05-15,C0427,Ravi Joshi,Monitor,Electronics,2.0,18000.0,14000,10,Chennai,Tamil Nadu,South,Neha,UPI
ORD5464,2026-07-31,C0102,Ravi Agarwal,Pen Set,Stationery,7.0,250.0,140,20,Bhubaneswar,Odisha,East,Sneha,Credit Card
ORD2147,2026-01-11,C0053,Pooja Patel,Notebook,Stationery,1.0,120.0,65,20,Bhubaneswar,Odisha,East,Karan,Debit Card
ORD3099,2026-03-04,C0014,Aditya Singh,Desk,Furniture,1.0,9000.0,6200,20,Delhi,Delhi,North,Priya,Cash
ORD1045,2026-01-01,C0916,Meera Patel,Headphones,Electronics,4.0,3500.0,2200,5,Mumbai,Maharashtra,West,Sneha,Credit Card
ORD5081,2026-08-22,C0790,Pooja Sharma,Monitor,Electronics,2.0,18000.0,14000,0,Hyderabad,Telangana,South,Priya,Cash
ORD2863,2026-01-05,C0237,Simran Verma,Keyboard,Electronics,1.0,1800.0,1100,5,Lucknow,Uttar Pradesh,North,Neha,Net Banking
ORD2870,2026-03-22,C0787,Vikas Yadav,Headphones,Electronics,1.0,3500.0,2200,10,Hyderabad,Telangana,South,Neha,Credit Card
ORD2379,2026-04-07,C0098,Manish Gupta,Office Chair,Furniture,4.0,12000.0,8500,5,Lucknow,Uttar Pradesh,North,Priya,Net Banking
ORD2809,2026-03-14,C0613,Vikas Gupta,Monitor,Electronics,2.0,18000.0,14000,15,Bengaluru,Karnataka,South,Neha,Credit Card
ORD4593,2026-04-22,C0403,Anjali Singh,Smartphone,Electronics,4.0,28000.0,22000,10,Jaipur,Rajasthan,North,Ravi,Net Banking
ORD1414,2026-02-27,C0136,Manish Yadav,Laptop,Electronics,6.0,55000.0,45000,5,Pune,Maharashtra,West,Amit,Credit Card
ORD4920,2026-08-02,C0872,Sneha Mishra,Pen Set,Stationery,4.0,250.0,140,5,Ahmedabad,Gujarat,West,Karan,Credit Card
ORD2408,2026-07-10,C0990,Nisha Mehta,Headphones,Electronics,7.0,3500.0,2200,0,Jaipur,Rajasthan,North,Sneha,UPI
ORD4912,2026-01-25,C0415,Vikas Yadav,Laptop,Electronics,3.0,55000.0,45000,10,Chennai,Tamil Nadu,South,Karan,Credit Card
ORD1802,2026-04-08,C0598,Anjali Patel,Office Chair,Furniture,,12000.0,8500,5,Bhubaneswar,Odisha,East,Neha,Credit Card
ORD2289,2026-07-24,C0246,Rohan Tiwari,Pen Set,Stationery,4.0,250.0,140,20,,Maharashtra,West,Neha,Debit Card
ORD4321,2026-06-04,C0155,Varun Saxena,Monitor,Electronics,4.0,18000.0,14000,15,Delhi,Delhi,North,Neha,Cash
ORD3830,2026-02-26,C0680,Arjun Yadav,Pen Set,Stationery,5.0,250.0,140,5,Kolkata,West Bengal,East,Karan,Credit Card
ORD5545,2026-03-08,C0007,Karan Yadav,Keyboard,Electronics,2.0,1800.0,1100,10,Hyderabad,Telangana,South,Sneha,Net Banking
ORD4409,2026-04-27,C0784,Meera Gupta,Smartphone,Electronics,5.0,28000.0,22000,0,Bengaluru,Karnataka,South,Sneha,Credit Card
ORD1257,2026-05-02,C0048,Simran Sharma,Smartphone,Electronics,4.0,28000.0,22000,10,Kolkata,West Bengal,East,Ravi,Credit Card
ORD5857,2026-05-03,C0923,Karan Singh,Keyboard,Electronics,4.0,1800.0,1100,10,Delhi,Delhi,North,Neha,Credit Card
ORD4677,2026-06-25,C0708,Varun Yadav,Headphones,Electronics,5.0,3500.0,2200,0,Bengaluru,Karnataka,South,Karan,UPI
ORD2152,2026-03-31,C0061,Rahul Gupta,Monitor,Electronics,5.0,18000.0,14000,20,Mumbai,Maharashtra,West,Karan,Cash
ORD3334,2026-02-12,C0128,Aditya Verma,Pen Set,Stationery,6.0,250.0,140,5,Jaipur,Rajasthan,North,Ravi,UPI
ORD1648,2026-03-07,C0594,Rahul Joshi,Headphones,Electronics,1.0,3500.0,2200,10,Delhi,Delhi,North,Amit,Debit Card
ORD5708,2026-07-13,C0855,Nisha Gupta,Notebook,Stationery,2.0,120.0,65,15,Chennai,Tamil Nadu,South,Priya,Net Banking
ORD4430,2026-07-05,C0870,Pooja Singh,Keyboard,Electronics,6.0,1800.0,1100,10,Pune,Maharashtra,West,Amit,Credit Card
ORD5590,2026-02-20,C0974,Amit Gupta,Monitor,Electronics,1.0,18000.0,14000,10,Kolkata,West Bengal,East,Priya,Net Banking
ORD4823,2026-04-04,C0763,Rahul Sharma,Pen Set,Stationery,6.0,250.0,140,10,Ahmedabad,Gujarat,West,Priya,UPI
ORD2316,2026-08-11,C0793,Ravi Joshi,Notebook,Stationery,7.0,120.0,65,15,Bhubaneswar,Odisha,East,Neha,Net Banking
ORD2089,2026-07-31,C0580,Neha Singh,Laptop,Electronics,6.0,55000.0,45000,15,Kolkata,West Bengal,East,Neha,Cash
ORD3017,2026-02-28,C0429,Kavita Agarwal,Keyboard,Electronics,3.0,1800.0,1100,10,Pune,Maharashtra,West,Priya,UPI
ORD4520,2026-05-24,C0741,Unknown Customer,Keyboard,Electronics,6.0,1800.0,1100,5,Kolkata,West Bengal,East,Karan,Net Banking
ORD2744,2026-03-03,C0474,Simran Agarwal,Desk,Furniture,4.0,9000.0,6200,15,Hyderabad,Telangana,South,Neha,Cash
ORD2351,2026-06-08,C0830,Manish Yadav,Headphones,Electronics,1.0,3500.0,2200,5,Ahmedabad,Gujarat,West,Ravi,Debit Card
ORD3536,2026-03-03,C0579,Sneha Patel,Keyboard,Electronics,3.0,1800.0,1100,10,Ahmedabad,Gujarat,West,Karan,Cash
ORD1113,2026-04-08,C0208,Sneha Verma,Pen Set,Stationery,6.0,250.0,140,10,Ahmedabad,Gujarat,West,Priya,Cash
ORD4180,2026-04-20,C0288,Neha Chauhan,Office Chair,Furniture,7.0,12000.0,8500,10,Chennai,Tamil Nadu,South,Sneha,Credit Card
ORD1264,2026-03-01,C0682,Arjun Agarwal,Headphones,Electronics,3.0,3500.0,2200,0,Kolkata,West Bengal,East,Amit,UPI
ORD2394,2026-06-24,C1000,Meera Chauhan,Smartphone,Electronics,7.0,28000.0,22000,5,Mumbai,Maharashtra,West,Amit,Cash
ORD2927,2026-07-06,C0663,Kavita Mehta,Keyboard,Electronics,7.0,1800.0,1100,5,Ahmedabad,Gujarat,West,Amit,Net Banking
ORD2187,2026-06-26,C0019,Rahul Gupta,Headphones,Electronics,4.0,3500.0,2200,0,Gorakhpur,Uttar Pradesh,North,Neha,UPI
ORD3385,2026-06-05,C0374,Varun Gupta,Notebook,Stationery,1.0,120.0,65,15,Ahmedabad,Gujarat,West,Priya,Cash
ORD1057,2026-08-11,C0365,Nisha Saxena,Office Chair,Furniture,7.0,12000.0,8500,0,Hyderabad,Telangana,South,Ravi,Cash
ORD2310,2026-03-22,C0998,Karan Tiwari,Pen Set,Stationery,3.0,250.0,140,10,Pune,Maharashtra,West,Sneha,UPI
ORD1696,2026-04-20,C0117,Sneha Singh,Printer,Electronics,2.0,16000.0,12500,10,Bhubaneswar,Odisha,East,Ravi,UPI
ORD5229,2026-06-08,C0766,Karan Agarwal,Office Chair,electronics,1.0,12000.0,8500,20,Kolkata,West Bengal,East,Amit,Debit Card
ORD4454,2026-02-24,C0580,Neha Singh,Office Chair,Furniture,5.0,12000.0,8500,15,Bhubaneswar,Odisha,East,Sneha,Debit Card
ORD2770,2026-03-03,C0509,Manish Patel,Office Chair,Furniture,4.0,12000.0,8500,5,Mumbai,Maharashtra,West,Priya,Net Banking
ORD2963,2026-05-07,C0642,Priya Verma, Laptop,Electronics,4.0,28000.0,22000,15,Bhubaneswar,Odisha,East,Karan,Debit Card
ORD4631,2026-02-28,C0533,,Printer,Electronics,6.0,16000.0,12500,15,Mumbai,Maharashtra,West,Priya,UPI
ORD1320,2026-08-01,C0369,Aditya Mishra,Pen Set,Stationery,6.0,250.0,140,0,Bhubaneswar,Odisha,East,Neha,UPI
ORD3319,2026-01-01,C0208,Sneha Verma,Laptop,Electronics,5.0,55000.0,45000,20,Hyderabad,Telangana,South,Neha,Cash
ORD2590,2026-06-30,C0699,Varun Sharma,Office Chair,Furniture,6.0,12000.0,8500,20,Jaipur,Rajasthan,North,Neha,UPI
ORD1683,2026-07-29,C0285,Aditya Chauhan,Headphones,Electronics,2.0,3500.0,2200,10,Ahmedabad,Gujarat,West,Amit,Net Banking
ORD3348,2026-05-01,C0499,Kavita Yadav,Office Chair,Furniture,1.0,12000.0,8500,10,Delhi,Delhi,North,Karan,Credit Card
ORD5692,2026-01-24,C0471,Nisha Chauhan,Monitor,ELECTRONICS,7.0,18000.0,14000,0,Delhi,Delhi,North,Ravi,UPI
ORD1480,2026-05-02,C0439,Nisha Chauhan,Office Chair,Furniture,,12000.0,8500,0,Bhubaneswar,Odisha,East,Karan,Net Banking
ORD4560,2026-05-12,C0479,Anjali Verma,Headphones,Electronics,5.0,3500.0,2200,20,Delhi,Delhi,North,Priya,UPI
ORD3896,2026-04-09,C0330,Amit Kumar,Laptop,Electronics,3.0,55000.0,45000,15,Lucknow,Uttar Pradesh,North,Sneha,Cash
ORD1287,2026-02-06,C0327,Arjun Verma,Pen Set,Stationery,6.0,250.0,140,5,Pune,Maharashtra,West,Sneha,Credit Card
ORD4037,2026-08-26,C0744,Varun Mishra,Monitor,Electronics,3.0,18000.0,14000,0,Jaipur,Rajasthan,North,Neha,Cash
ORD3155,2026-08-19,C0223,Sneha Mishra,Laptop,Electronics,3.0,55000.0,45000,20,Pune,Maharashtra,West,Priya,UPI
ORD3448,2026-07-18,C0069,Nisha Sharma,Printer,Electronics,6.0,16000.0,12500,10,Jaipur,Rajasthan,North,Ravi,Debit Card
ORD3296,2026-03-20,C0056,Rohan Agarwal,Printer,Electronics,5.0,16000.0,12500,10,Ahmedabad,Gujarat,West,Ravi,UPI
ORD3367,2026-04-07,C0595,Amit Mishra,Office Chair,Furniture,5.0,12000.0,8500,0,Chennai,Tamil Nadu,South,Karan,Debit Card
ORD4552,2026-02-21,C0944,Pooja Agarwal,Headphones,Electronics,5.0,3500.0,2200,20,Chennai,Tamil Nadu,South,Sneha,UPI
ORD2599,2026-07-08,C0664,Priya Sharma,Headphones,Electronics,2.0,3500.0,2200,15,Gorakhpur,Uttar Pradesh,North,Sneha,Net Banking
ORD5129,2026-06-14,C0906,Arjun Joshi,Smartphone,Electronics,4.0,28000.0,22000,0,Chennai,Tamil Nadu,South,Ravi,UPI
ORD4138,2026-08-24,C0879,Pooja Gupta,Smartphone,Electronics,2.0,28000.0,22000,15,,Maharashtra,West,Amit,Debit Card
ORD1737,2026-04-18,C0075,Shreya Yadav,Desk,Furniture,5.0,9000.0,6200,5,Delhi,Delhi,North,Karan,Cash
ORD2778,2026-07-06,C0519,Meera Agarwal,Keyboard,Electronics,1.0,1800.0,1100,5,Mumbai,Maharashtra,West,Neha,Debit Card
ORD1337,2026-06-14,C0554,Amit Kumar,Headphones,Electronics,3.0,3500.0,2200,20,Mumbai,Maharashtra,West,Priya,UPI
ORD3418,2026-02-15,C0141,Anjali Mishra,Laptop,Electronics,7.0,55000.0,45000,5,Kolkata,West Bengal,East,Sneha,Credit Card
ORD5479,2026-06-24,C0860,Nisha Saxena,Notebook,Stationery,5.0,120.0,65,20,Bengaluru,Karnataka,South,Amit,Debit Card
ORD3681,2026-01-19,C0432,Simran Joshi,Office Chair,Furniture,2.0,12000.0,8500,20,Mumbai,Maharashtra,West,Sneha,Credit Card
ORD5431,2026-01-09,C0485,Priya Singh,Pen Set,Stationery,7.0,250.0,140,20,Jaipur,Rajasthan,North,Priya,Net Banking
ORD2072,2026-03-09,C0943,Neha Sharma,Notebook,Stationery,5.0,120.0,65,0,Bengaluru,Karnataka,South,Karan,UPI
ORD4811,2026-03-09,C0233,Simran Agarwal,Monitor,Electronics,5.0,18000.0,14000,5,Delhi,Delhi,North,Amit,Debit Card
ORD2715,2026-04-29,C0369,Aditya Mishra,laptop,Furniture,2.0,12000.0,8500,0,Bengaluru,Karnataka,South,Ravi,UPI
ORD3324,2026-08-22,C0064,Nisha Sharma,Notebook,Stationery,4.0,120.0,65,20,Delhi,Delhi,North,Karan,Net Banking
ORD3634,2026-04-04,C0318,Amit Tiwari,Printer,Electronics,6.0,16000.0,12500,15,Gorakhpur,Uttar Pradesh,North,Ravi,Debit Card
ORD5375,2026-02-12,C0979,Ravi Sharma,Pen Set,Stationery,3.0,250.0,140,15,Pune,Maharashtra,West,Neha,Cash
ORD5398,2026-04-20,C0119,Amit Yadav,Office Chair,Furniture,4.0,12000.0,8500,0,Lucknow,Uttar Pradesh,North,Ravi,Debit Card
ORD5231,2026-08-08,C0229,Priya Gupta,Monitor,Electronics,7.0,18000.0,14000,10,Bhubaneswar,Odisha,East,Ravi,Credit Card
ORD2489,2026-08-01,C0553,Simran Verma,Notebook,Stationery,5.0,120.0,65,10,Chennai,Tamil Nadu,South,Priya,UPI
ORD1499,2026-01-04,C0619,Aditya Kumar,Keyboard,Electronics,5.0,1800.0,1100,20,Bengaluru,Karnataka,South,Neha,
ORD5371,2026-08-14,C0243,Arjun Mishra,Pen Set,Stationery,4.0,250.0,140,0,Kolkata,West Bengal,East,Ravi,Net Banking
ORD5827,2026-06-11,C0386,Meera Singh,Headphones,Electronics,6.0,3500.0,2200,20,Mumbai,Maharashtra,West,Sneha,Cash
ORD5352,2026-03-07,C0306,Amit Yadav,Desk,Furniture,3.0,9000.0,6200,15,Jaipur,Rajasthan,North,Amit,Net Banking
ORD3373,2026-03-24,C0465,Ravi Mishra,Desk,Furniture,2.0,9000.0,6200,10,Kolkata,West Bengal,East,Karan,Cash
ORD5136,2026-04-24,C0013,Amit Mehta,Keyboard,Electronics,4.0,1800.0,1100,0,Bhubaneswar,Odisha,East,Priya,Credit Card
ORD5551,2026-02-24,C0470,Karan Chauhan,Smartphone,Electronics,1.0,28000.0,22000,5,Lucknow,Uttar Pradesh,North,Ravi,Credit Card
ORD4324,2026-08-23,C0463,Ravi Sharma,Smartphone,Electronics,3.0,28000.0,22000,5,Hyderabad,Telangana,South,Karan,Cash
ORD2611,2026-04-20,C0308,Simran Kumar,Pen Set,Stationery,6.0,250.0,140,5,Lucknow,Uttar Pradesh,North,Amit,Net Banking
ORD3187,2026-04-21,C0742,Aditya Chauhan,Desk,Furniture,2.0,9000.0,6200,20,Kolkata,West Bengal,East,Amit,Credit Card
ORD4915,2026-04-18,C0158,,Office Chair,Furniture,6.0,12000.0,8500,20,Bhubaneswar,Odisha,East,Karan,Debit Card
ORD5635,2026-06-19,C0910,Rahul Agarwal,Keyboard,Electronics,2.0,1800.0,1100,10,Kolkata,West Bengal,East,Sneha,Cash
ORD2023,2026-03-10,C0229,Priya Gupta,Notebook,Stationery,2.0,120.0,65,5,Mumbai,Maharashtra,West,Amit,Credit Card
ORD3315,2026-01-25,C0188,Ravi Tiwari,Smartphone,Electronics,4.0,28000.0,22000,0,Bhubaneswar,Odisha,East,Neha,Cash
ORD5917,2026-06-05,C0205,Kavita Kumar,Keyboard,Electronics,4.0,1800.0,1100,5,Kolkata,West Bengal,East,Karan,Debit Card
ORD3037,2026-01-03,C0296,Shreya Agarwal,Office Chair,Furniture,4.0,12000.0,8500,5,Chennai,Tamil Nadu,South,Priya,UPI
ORD5813,2026-05-30,C0976,Arjun Sharma,Laptop,Electronics,7.0,55000.0,45000,10,Gorakhpur,Uttar Pradesh,North,Ravi,Debit Card
ORD3060,2026-02-12,C0126,Varun Tiwari,Keyboard,Electronics,4.0,1800.0,1100,5,Hyderabad,Telangana,South,Sneha,Cash
ORD1666,2026-01-31,C0572,Arjun Verma,Laptop,Electronics,4.0,55000.0,45000,10,Lucknow,Uttar Pradesh,North,Priya,Cash
ORD4989,2026-01-30,C0473,Aditya Singh,Headphones,Electronics,5.0,3500.0,2200,5,Hyderabad,Telangana,South,Ravi,Net Banking
ORD3678,2026-06-23,C0842,Ravi Singh,Keyboard,Electronics,6.0,1800.0,1100,5,Pune,Maharashtra,West,Ravi,Credit Card
ORD5542,2026-02-20,C0654,Nisha Gupta,Notebook,Stationery,4.0,120.0,65,10,Hyderabad,Telangana,South,Neha,Debit Card
ORD5292,2026-05-26,C0003,Nisha Gupta,Office Chair,electronics,1.0,12000.0,8500,0,Kolkata,West Bengal,East,Sneha,UPI
ORD5580,2026-02-28,C0920,Neha Saxena,Keyboard,Electronics,3.0,1800.0,1100,20,Ahmedabad,Gujarat,West,Priya,Cash
ORD2018,2026-06-14,C0593,Arjun Verma,Monitor,electronics,3.0,18000.0,14000,0,Delhi,Delhi,North,Neha,Debit Card
ORD1558,2026-07-08,C0275,Nisha Agarwal,Notebook,Stationery,3.0,120.0,65,20,Bengaluru,Karnataka,South,Sneha,Debit Card
ORD4974,2026-02-25,C0774,Amit Joshi,Monitor,Electronics,3.0,18000.0,14000,15,Chennai,Tamil Nadu,South,Amit,UPI
ORD2208,2026-05-29,C0534,,Printer,Electronics,7.0,16000.0,12500,0,Hyderabad,Telangana,South,Karan,UPI
ORD3053,2026-02-20,C0092,Anjali Saxena,Monitor,Electronics,6.0,18000.0,14000,0,Pune,Maharashtra,West,Priya,UPI
ORD5624,2026-03-22,C0213,Rahul Sharma,Desk,Furniture,7.0,9000.0,6200,0,Pune,Maharashtra,West,Karan,Credit Card
ORD3165,2026-03-28,C0965,Anjali Gupta,Pen Set,Stationery,6.0,250.0,140,5,Hyderabad,Telangana,South,Neha,Cash
ORD2511,2026-07-22,C0752,Manish Saxena,Office Chair,Furniture,5.0,12000.0,8500,0,Hyderabad,Telangana,South,Amit,Debit Card
ORD2780,2026-03-28,C0441,Manish Patel,Desk,Furniture,1.0,9000.0,6200,0,Jaipur,Rajasthan,North,Neha,Credit Card
ORD1246,2026-06-26,C0064,Test Customer,Laptop,Electronics,6.0,55000.0,45000,15,Pune,Maharashtra,West,Neha,UPI
ORD2164,2026-01-09,C0161,Manish Agarwal,Smartphone,Electronics,1.0,28000.0,22000,0,Pune,Maharashtra,West,Ravi,Debit Card
ORD3371,2026-07-08,C0748,Varun Mehta,Printer,Electronics,5.0,16000.0,12500,0,Bengaluru,Karnataka,South,Neha,UPI
ORD1267,2026-01-25,C0330,Amit Kumar,Notebook,Stationery,2.0,120.0,65,20,Lucknow,Uttar Pradesh,North,Priya,Credit Card
ORD3715,2026-01-08,C0441,Manish Patel,Smartphone,Electronics,6.0,28000.0,22000,5,Mumbai,Maharashtra,West,Amit,Net Banking
ORD2115,2026-03-01,C0409,Kavita Agarwal,Printer,Electronics,7.0,16000.0,12500,0,Bengaluru,Karnataka,South,Ravi,UPI
ORD1064,2026-02-20,C0863,Manish Joshi,Pen Set,Stationery,6.0,250.0,140,10,Kolkata,West Bengal,East,Karan,Debit Card
ORD3631,2026-05-12,C0384,Rohan Agarwal,Printer,Electronics,6.0,16000.0,12500,5,Bhubaneswar,Odisha,East,Amit,Cash
ORD4413,2026-07-21,C0610,Simran Yadav,Printer,Electronics,4.0,16000.0,12500,0,Kolkata,West Bengal,East,Priya,Cash
ORD5329,2026-04-21,C0764,Amit Agarwal,Keyboard,Electronics,7.0,1800.0,1100,10,Mumbai,Maharashtra,West,Sneha,UPI
ORD4056,2026-05-28,C0023,Priya Saxena,Notebook,Stationery,4.0,120.0,65,15,Delhi,Delhi,North,Sneha,UPI
ORD4122,2026-08-01,C0096,Rahul Yadav,Keyboard,Electronics,5.0,1800.0,1100,15,Pune,Maharashtra,West,Amit,UPI
ORD3643,2026-06-23,C0427,Ravi Joshi,Headphones,Electronics,2.0,3500.0,2200,15,Bengaluru,Karnataka,South,Sneha,Credit Card
ORD3857,2026-02-02,C0936,Priya Verma,Office Chair,Furniture,,12000.0,8500,0,Ahmedabad,Gujarat,West,Amit,Credit Card
ORD3291,2026-05-04,C0934,Simran Singh,Desk,Furniture,6.0,9000.0,6200,0,Ahmedabad,Gujarat,West,Priya,Cash
ORD5996,2026-08-11,C0894,Shreya Tiwari,Headphones,Electronics,5.0,3500.0,2200,0,Chennai,Tamil Nadu,South,Priya,UPI
ORD2704,2026-03-07,C0454,Kavita Mishra,Office Chair,Furniture,3.0,12000.0,8500,0,Delhi,Delhi,North,Neha,UPI
ORD2238,2026-05-21,C0906,Arjun Joshi,Monitor,Electronics,7.0,18000.0,14000,10,Hyderabad,Telangana,South,Sneha,Cash
ORD1104,2026-04-14,C0759,Karan Joshi,Printer,Electronics,3.0,16000.0,12500,15,Ahmedabad,Gujarat,West,Priya,Credit Card
ORD4592,2026-05-30,C0971,Rahul Joshi,Pen Set,Stationery,7.0,250.0,140,15,Lucknow,Uttar Pradesh,North,Sneha,UPI
ORD1273,2026-04-02,C0930,Sneha Verma,Monitor,Electronics,6.0,18000.0,14000,5,Mumbai,Maharashtra,West,Karan,Debit Card
ORD1509,2026-06-24,C0919,Rohan Saxena,Keyboard,Electronics,6.0,1800.0,1100,5,Hyderabad,Telangana,South,Amit,Debit Card
ORD4456,2026-05-02,C0253,Aditya Sharma,Office Chair,Furniture,6.0,12000.0,8500,15,Lucknow,Uttar Pradesh,North,Amit,Net Banking
ORD5964,2026-03-09,C0714,Simran Kumar,Laptop,Electronics,3.0,55000.0,45000,15,Mumbai,Maharashtra,West,Priya,Cash
ORD4320,2026-03-08,C0797,Meera Verma,Headphones,Electronics,4.0,3500.0,2200,20,Kolkata,West Bengal,East,Amit,Net Banking
ORD1866,2026-07-28,C0834,Aditya Verma,Smartphone,Electronics,7.0,28000.0,22000,10,Pune,Maharashtra,West,Priya,Cash
ORD3874,2026-01-21,C0027,Meera Joshi, LAPTOP ,Electronics,1.0,3500.0,2200,5,Pune,Maharashtra,West,Neha,UPI
ORD1909,2026-06-09,C0351,Sneha Tiwari,Desk,Furniture,4.0,9000.0,6200,15,Bhubaneswar,Odisha,East,Neha,UPI
ORD5013,2026-07-23,C0556,Anjali Singh,Laptop,Electronics,5.0,55000.0,45000,10,Lucknow,Uttar Pradesh,North,Priya,UPI
ORD3900,2026-02-21,C0443,Priya Chauhan,Printer,Electronics,3.0,16000.0,12500,5,Kolkata,West Bengal,East,Ravi,Credit Card
ORD5771,2026-05-23,C0614,Varun Agarwal,Smartphone,Electronics,5.0,,22000,0,Chennai,Tamil Nadu,South,Neha,Debit Card
ORD2628,2026-07-27,C0468,Arjun Kumar,Desk,Furniture,7.0,9000.0,6200,20,Kolkata,West Bengal,East,Sneha,Debit Card
ORD3916,2026-08-17,C0633,Sneha Patel,Pen Set,Stationery,4.0,250.0,140,5,Mumbai,Maharashtra,West,Amit,UPI
ORD2523,2026-05-05,C0622,Karan Verma,Smartphone,Electronics,6.0,28000.0,22000,20,Delhi,Delhi,North,Ravi,UPI
ORD1836,2026-08-01,C0828,Anjali Verma,Desk,Furniture,3.0,9000.0,6200,20,Jaipur,Rajasthan,North,Sneha,Debit Card
ORD1359,2026-02-14,C0194,Manish Mehta,Laptop,Electronics,3.0,55000.0,45000,0,Hyderabad,Telangana,South,Amit,Credit Card
ORD1139,2026-05-16,C0060,Manish Verma,Office Chair,ELECTRONICS,6.0,12000.0,8500,15,Ahmedabad,Gujarat,West,Ravi,Net Banking
ORD1300,2026-03-01,C0178,Aditya Verma,Desk,Furniture,5.0,9000.0,6200,15,Kolkata,West Bengal,East,Amit,Debit Card
ORD2557,2026-02-05,C0354,Aditya Mehta,Office Chair,Furniture,5.0,12000.0,8500,10,Gorakhpur,Uttar Pradesh,North,Ravi,Cash
ORD2004,2026-08-28,C0744,Varun Mishra,Desk,Furniture,2.0,9000.0,6200,0,Ahmedabad,Gujarat,West,Priya,Net Banking
ORD1383,2026-03-25,C0215,Nisha Chauhan,Laptop,Electronics,4.0,55000.0,45000,15,Chennai,Tamil Nadu,South,Amit,Cash
ORD1942,2026-06-13,C0892,Neha Kumar,Smartphone,Electronics,5.0,28000.0,22000,0,Kolkata,West Bengal,East,Neha,Debit Card
ORD2962,2026-08-26,C0023,Priya Saxena,Laptop,Electronics,7.0,55000.0,45000,0,Jaipur,Rajasthan,North,Sneha,Cash
ORD4803,2026-06-14,C0205,Kavita Kumar,Printer,Electronics,6.0,16000.0,12500,5,Delhi,Delhi,North,Karan,Net Banking
ORD1762,2026-07-04,C0304,Meera Singh,Desk,Furniture,1.0,9000.0,6200,15,Mumbai,Maharashtra,West,Priya,Debit Card
ORD4787,2026-02-21,C0812,,Pen Set,Stationery,5.0,250.0,140,0,Chennai,Tamil Nadu,South,Karan,Net Banking
ORD2922,2026-01-22,C0138,Simran Verma,Laptop,Electronics,5.0,55000.0,45000,5,Ahmedabad,Gujarat,West,Karan,Debit Card
ORD3587,2026-02-20,C0148,Pooja Singh,Smartphone,Electronics,3.0,28000.0,22000,15,Ahmedabad,Gujarat,West,Ravi,Net Banking
ORD3116,2026-05-26,C0270,Pooja Verma,Keyboard,Electronics,1.0,1800.0,1100,20,Bhubaneswar,Odisha,East,Priya,Cash
ORD3229,2026-06-04,C0587,Meera Mishra,Headphones,Electronics,7.0,3500.0,2200,10,Ahmedabad,Gujarat,West,Neha,UPI
ORD1899,2026-08-01,C0384,Rohan Agarwal,Pen Set,Stationery,7.0,250.0,140,15,Mumbai,Maharashtra,West,Priya,Credit Card
ORD5057,2026-08-27,C0730,Aditya Mishra,Notebook,Stationery,7.0,120.0,65,20,Mumbai,Maharashtra,West,Karan,Net Banking
ORD5215,2026-02-21,C0824,Pooja Agarwal,Smartphone,Electronics,7.0,28000.0,22000,10,Bengaluru,Karnataka,South,Amit,Credit Card
ORD2403,2026-08-11,C0519,Meera Agarwal,Monitor,Electronics,4.0,18000.0,14000,0,Mumbai,Maharashtra,West,Priya,Cash
ORD3081,2026-05-19,C0644,,Headphones,Electronics,3.0,3500.0,2200,5,Jaipur,Rajasthan,North,Neha,Net Banking
ORD4840,2026-03-02,C0914,Rahul Mishra,Laptop,Electronics,4.0,55000.0,45000,5,Hyderabad,Telangana,South,Karan,Debit Card
ORD5413,2026-05-12,C0580,Neha Singh,Monitor,Electronics,4.0,18000.0,14000,10,Bengaluru,Karnataka,South,Karan,Debit Card
ORD3999,2026-06-09,C0476,Arjun Gupta,Laptop,Electronics,5.0,55000.0,45000,20,Mumbai,Maharashtra,West,Ravi,UPI
ORD2513,2026-08-14,C0215,Nisha Chauhan,Desk,Furniture,6.0,9000.0,6200,15,Hyderabad,Telangana,South,Karan,Debit Card
ORD2189,2026-03-14,C0273,Meera Saxena,Printer,Electronics,2.0,16000.0,12500,5,Jaipur,Rajasthan,North,Amit,UPI
ORD5695,2026-07-09,C0861,Priya Gupta,Desk,Furniture,6.0,9000.0,6200,20,Lucknow,Uttar Pradesh,North,Sneha,UPI
ORD3599,2026-06-15,C0245,Rohan Patel,Pen Set,Stationery,4.0,250.0,140,15,Bengaluru,Karnataka,South,Ravi,Net Banking
ORD4933,2026-08-12,C0089,Rohan Agarwal,Smartphone,Electronics,3.0,28000.0,22000,15,Delhi,Delhi,North,Priya,Cash
ORD4707,2026-07-30,C0627,Aditya Kumar,Office Chair,Furniture,4.0,12000.0,8500,5,Ahmedabad,Gujarat,West,Ravi,Debit Card
ORD1109,2026-04-24,C0598,Anjali Patel,Laptop,Electronics,4.0,55000.0,45000,15,Ahmedabad,Gujarat,West,Amit,Cash
ORD3908,2026-06-08,C0869,Karan Kumar,Smartphone,Electronics,1.0,28000.0,22000,20,Gorakhpur,Uttar Pradesh,North,Priya,Net Banking
ORD4170,2026-01-08,C0450,Karan Joshi,Desk,Furniture,2.0,9000.0,6200,5,Hyderabad,Telangana,South,Ravi,UPI
ORD4948,2026-04-05,C0777,Manish Mehta,Desk,Furniture,4.0,9000.0,6200,5,Kolkata,West Bengal,East,Amit,Net Banking
ORD1059,2026-07-24,C0801,Priya Tiwari,Laptop,Electronics,2.0,55000.0,45000,10,Ahmedabad,Gujarat,West,Ravi,UPI
ORD1077,2026-02-26,C0656,Rohan Singh,Laptop,Electronics,5.0,55000.0,45000,5,Chennai,Tamil Nadu,South,Ravi,Net Banking
ORD1797,2026-08-03,C0776,Amit Kumar,Laptop,Electronics,5.0,55000.0,45000,0,Delhi,Delhi,North,Sneha,UPI
ORD1369,2026-03-07,C0471,Nisha Chauhan,Notebook,Stationery,2.0,120.0,65,20,Gorakhpur,Uttar Pradesh,North,Sneha,Net Banking
ORD5936,2026-08-03,C0076,Nisha Yadav,Desk,Furniture,4.0,9000.0,6200,10,Gorakhpur,Uttar Pradesh,North,Sneha,Net Banking
ORD1786,2026-06-09,C0406,,Desk,Furniture,7.0,9000.0,6200,5,Bengaluru,Karnataka,South,Neha,Debit Card
ORD3078,2026-04-15,C0161,Manish Agarwal,Desk,Furniture,3.0,9000.0,6200,10,Lucknow,Uttar Pradesh,North,Neha,UPI
ORD3118,2026-03-17,C0782,Amit Tiwari,Laptop,Electronics,3.0,55000.0,45000,0,Bengaluru,Karnataka, North ,Priya,Net Banking
ORD3006,2026-08-21,C0893,Anjali Saxena,Smartphone,Electronics,4.0,28000.0,22000,5,Kolkata,West Bengal,East,Ravi,Debit Card
ORD3054,2026-04-18,C0239,Neha Agarwal,Printer,Electronics,6.0,16000.0,12500,5,Jaipur,Rajasthan,North,Neha,Credit Card
ORD3930,2026-05-15,C0185,Anjali Verma,Desk,Furniture,3.0,9000.0,6200,10,Hyderabad,Telangana,South,Sneha,Cash
ORD4586,2026-04-25,C0024,Pooja Yadav,Desk,Furniture,2.0,9000.0,6200,15,Ahmedabad,Gujarat,West,Ravi,Credit Card
ORD4941,2026-01-18,C0144,Ravi Gupta,Laptop,Electronics,5.0,55000.0,45000,0,Ahmedabad,Gujarat,West,Amit,Net Banking
ORD2747,2026-02-01,C0837,Shreya Chauhan,Desk,Furniture,7.0,9000.0,6200,5,Hyderabad,Telangana,South,Sneha,Debit Card
ORD1122,2026-07-06,C0025,Ravi Saxena,Laptop,Electronics,7.0,55000.0,45000,20,Kolkata,West Bengal,East,Sneha,UPI
ORD2892,2026-05-13,C0785,Neha Verma,Smartphone,Electronics,6.0,28000.0,22000,15,Delhi,Delhi,North,Priya,Credit Card
ORD5402,2026-01-04,C0223,Sneha Mishra,Printer,Electronics,5.0,16000.0,12500,5,Delhi,Delhi,North,Neha,Credit Card
ORD5869,2026-05-21,C0850,Sneha Singh,Printer,Electronics,4.0,16000.0,12500,0,Hyderabad,Telangana,South,Neha,UPI
ORD1911,2026-07-30,C0937,Ravi Saxena,Notebook,Stationery,5.0,120.0,65,15,Chennai,Tamil Nadu,South,Priya,UPI
ORD1125,2026-02-21,C0648,Ravi Kumar,Notebook,Stationery,2.0,120.0,65,15,Lucknow,Uttar Pradesh,North,Priya,Debit Card
ORD5620,2026-07-03,C0651,Aditya Agarwal,Smartphone,Electronics,7.0,28000.0,22000,20,Kolkata,West Bengal,East,Karan,Cash
ORD2587,2026-08-02,C0084,Ravi Mishra,Keyboard,Electronics,7.0,1800.0,1100,5,Chennai,Tamil Nadu,South,Ravi,Credit Card
ORD2258,2026-08-20,C0649,Anjali Joshi,Printer,Electronics,1.0,16000.0,12500,10,Hyderabad,Telangana,north,Karan,Net Banking
ORD4492,2026-08-16,C0780,Sneha Verma,Office Chair,Furniture,2.0,12000.0,8500,5,Ahmedabad,Gujarat,West,Ravi,Cash
ORD4533,2026-03-22,C0645,Vikas Kumar,Monitor,Electronics,5.0,18000.0,14000,20,Kolkata,West Bengal,East,Ravi,Credit Card
ORD4434,2026-03-27,C0207,Sneha Sharma,Notebook,Stationery,4.0,120.0,65,20,Bhubaneswar,Odisha,East,Ravi,Net Banking
ORD2179,2026-05-04,C0754,Kavita Sharma,Keyboard,Electronics,4.0,1800.0,1100,10,Hyderabad,Telangana,South,Neha,Credit Card
ORD3760,2026-08-10,C0117,Sneha Singh,Pen Set,Stationery,1.0,250.0,140,10,Jaipur,Rajasthan,North,Ravi,
ORD4718,2026-03-04,C0449,Varun Chauhan,Printer,Electronics,1.0,16000.0,12500,10,,Odisha,East,Priya,Debit Card
ORD3368,2026-03-05,C0483,Nisha Patel,Desk,Furniture,1.0,9000.0,6200,5,Delhi,Delhi,North,Karan,Net Banking
ORD4959,2026-07-07,C0549,Karan Mehta,Laptop,Electronics,1.0,55000.0,45000,20,Kolkata,West Bengal,East,Sneha,Cash
ORD1443,2026-08-19,C0434,Manish Verma,Desk,Furniture,2.0,9000.0,6200,0,Gorakhpur,Uttar Pradesh,North,Neha,Net Banking
ORD4312,2026-01-17,C0739,Aditya Mishra,Printer,Electronics,5.0,16000.0,12500,15,Bengaluru,Karnataka,South,Priya,Net Banking
ORD4198,2026-04-15,C0451,Sneha Sharma,Headphones,Electronics,1.0,3500.0,2200,5,Pune,Maharashtra,West,Amit,Credit Card
ORD1926,2026-03-22,C0270,Pooja Verma,Desk,Furniture,6.0,9000.0,6200,0,Lucknow,Uttar Pradesh,North,Neha,Net Banking
ORD3365,2026-01-28,C0061,Rahul Gupta,Keyboard,Electronics,1.0,1800.0,1100,15,Jaipur,Rajasthan,North,Karan,UPI
ORD3175,2026-05-09,C0535,Varun Kumar,Laptop,Electronics,7.0,55000.0,45000,20,Hyderabad,Telangana,South,Ravi,Debit Card
ORD5800,2026-07-14,C0668,Neha Agarwal,Smartphone,Electronics,3.0,28000.0,22000,15,Jaipur,Rajasthan,North,Neha,Cash
ORD2412,2026-06-14,C0799,Kavita Sharma,Monitor,Electronics,3.0,18000.0,14000,15,Pune,Maharashtra,West,Amit,Net Banking
ORD4519,2026-04-03,C0718,Nisha Chauhan,Laptop,Electronics,3.0,55000.0,45000,20,Delhi,Delhi,North,Sneha,Credit Card
ORD2879,2026-07-17,C0757,Amit Kumar,Headphones,Electronics,1.0,3500.0,2200,20,Pune,Maharashtra,West,Neha,Credit Card
ORD2510,2026-03-26,C0898,Sneha Patel,Office Chair,Furniture,5.0,12000.0,8500,15,Chennai,Tamil Nadu,South,Karan,Net Banking
ORD2228,2026-07-27,C0183,Priya Mehta,Pen Set,Stationery,4.0,250.0,140,5,Hyderabad,Telangana,South,Amit,UPI
ORD4655,2026-03-17,C0918,Pooja Tiwari,Office Chair,Furniture,3.0,12000.0,8500,0,Bhubaneswar,Odisha,East,Neha,Credit Card
ORD3388,2026-08-21,C0166,Kavita Chauhan,Monitor,Electronics,6.0,18000.0,14000,15,Delhi,Delhi,North,Priya,Cash
ORD4639,2026-04-22,C0575,Rohan Joshi,Monitor,Electronics,3.0,18000.0,14000,15,Mumbai,Maharashtra,West,Amit,Cash
ORD4131,2026-08-15,C0497,Pooja Kumar,laptop,Electronics,5.0,3500.0,2200,5,Ahmedabad,Gujarat,West,Ravi,Cash
ORD5424,2026-03-09,C0028,Ravi Mehta,Laptop,Electronics,1.0,55000.0,45000,0,Chennai,Tamil Nadu,South,Sneha,Credit Card
ORD1325,2026-07-06,C0324,Anjali Tiwari,Desk,Furniture,6.0,9000.0,6200,5,Lucknow,Uttar Pradesh,North,Neha,Credit Card
ORD5686,2026-06-30,C0105,Neha Agarwal,Headphones,Electronics,5.0,3500.0,2200,5,Mumbai,Maharashtra,West,Amit,UPI
ORD5196,2026-03-10,C0820,Manish Joshi,Keyboard,Electronics,6.0,1800.0,1100,0,Mumbai,Maharashtra,West,Priya,Credit Card
ORD5877,2026-01-25,C0684,Arjun Sharma,Laptop,Electronics,6.0,55000.0,45000,0,Bhubaneswar,Odisha,East,Ravi,Cash
ORD4347,2026-05-11,C0050,Aditya Agarwal,Notebook,Stationery,4.0,120.0,65,10,Hyderabad,Telangana,South,Karan,Debit Card
ORD5035,2026-04-03,C0722,Arjun Verma,Smartphone,Electronics,3.0,28000.0,22000,15,Jaipur,Rajasthan,North,Amit,Net Banking
ORD2499,2026-05-28,C0553,Simran Verma,Pen Set,Stationery,2.0,250.0,140,5,Chennai,Tamil Nadu,South,Priya,Net Banking
ORD2503,2026-06-30,C0753,Neha Sharma,Monitor,Electronics,3.0,18000.0,14000,5,Hyderabad,Telangana,South,Neha,UPI
ORD2007,2026-03-29,C0765,Arjun Patel,Notebook,Stationery,3.0,120.0,65,15,Bhubaneswar,Odisha,East,Ravi,Debit Card
ORD3224,2026-05-01,C0075,Shreya Yadav,Keyboard,Electronics,4.0,1800.0,1100,0,Hyderabad,Telangana,South,Ravi,Cash
ORD4978,2026-03-24,C0040,,Keyboard,Electronics,5.0,1800.0,1100,10,Lucknow,Uttar Pradesh,North,Sneha,Credit Card
ORD4569,2026-02-22,C0652,Kavita Sharma,Smartphone,Electronics,4.0,28000.0,22000,0,Bengaluru,Karnataka,South,Sneha,Net Banking
ORD2468,2026-04-06,C0434,Manish Verma,Keyboard,Electronics,6.0,1800.0,1100,0,Mumbai,Maharashtra,West,Sneha,Cash
ORD2226,2026-03-05,C0104,Karan Agarwal,Laptop,Electronics,7.0,55000.0,45000,20,Ahmedabad,Gujarat,West,Sneha,Net Banking
ORD5945,2026-01-18,C0405,Sneha Mehta,Printer,Electronics,4.0,16000.0,12500,0,Chennai,Tamil Nadu,South,Sneha,Cash
ORD3299,2026-01-07,C0945,Vikas Mishra,Headphones,Electronics,7.0,3500.0,2200,20,Gorakhpur,Uttar Pradesh,North,Priya,Debit Card
ORD4662,2026-08-01,C0461,Priya Singh,Desk,Furniture,3.0,9000.0,6200,20,Pune,Maharashtra,West,Priya,Debit Card
ORD2217,2026-02-25,C0309,Vikas Mishra,Desk,Furniture,-3.0,9000.0,6200,10,Gorakhpur,Uttar Pradesh,North,Ravi,Cash
ORD5202,2026-07-10,C0576,Varun Chauhan,Printer,Electronics,1.0,16000.0,12500,20,Gorakhpur,Uttar Pradesh,North,Neha,Net Banking
ORD4551,2026-04-17,C0327,Arjun Verma,Headphones,Electronics,7.0,3500.0,2200,15,Chennai,Tamil Nadu,South,Karan,Credit Card
ORD1421,2026-05-20,C0512,Vikas Mishra,Monitor,Electronics,4.0,18000.0,14000,20,Pune,Maharashtra,West,Priya,Net Banking
ORD4890,2026-07-25,C0690,Rohan Verma,Laptop,Electronics,6.0,55000.0,45000,0,Delhi,Delhi,North,Priya,Credit Card
ORD1007,2026-04-22,C0501,Priya Mehta,Notebook,Stationery,2.0,120.0,65,15,Gorakhpur,Uttar Pradesh,North,Karan,Net Banking
ORD1933,2026-08-05,C0662,Manish Agarwal,Monitor,Electronics,7.0,18000.0,14000,5,Ahmedabad,Gujarat,West,Ravi,Net Banking
ORD2692,2026-02-13,C0188,Ravi Tiwari,Monitor,Electronics,3.0,18000.0,14000,10,Hyderabad,Telangana,South,Amit,Credit Card
ORD1440,2026-03-24,C0261,Nisha Yadav,Desk,Furniture,6.0,9000.0,6200,0,Chennai,Tamil Nadu,South,Ravi,Cash
ORD2314,2026-03-04,C0529,Amit Mehta,Office Chair,Furniture,3.0,12000.0,8500,20,Mumbai,Maharashtra,West,Priya,Cash
ORD1679,2026-03-30,C0559,Sneha Joshi,Notebook,Stationery,4.0,120.0,65,5,Bhubaneswar,Odisha,East,Priya,Debit Card
ORD3522,2026-08-18,C0064,Nisha Sharma,Laptop,Electronics,5.0,55000.0,45000,0,Pune,Maharashtra,West,Neha,Credit Card
ORD5638,2026-01-18,C0455,Rahul Yadav,Keyboard,Electronics,6.0,1800.0,1100,5,Delhi,Delhi,North,Karan,Cash
ORD2872,2026-04-19,C0062,Simran Joshi,Desk,Furniture,999.0,9000.0,6200,5,Hyderabad,Telangana,South,Ravi,Debit Card
ORD3300,2026-01-29,C0430,Rahul Patel,Pen Set,Stationery,4.0,250.0,140,5,Kolkata,West Bengal,East,Neha,Credit Card
ORD5661,2026-08-27,C0517,Karan Mishra,Laptop,Electronics,5.0,55000.0,45000,5,Lucknow,Uttar Pradesh,North,Karan,Cash
ORD5199,2026-04-20,C0478,Neha Yadav,Office Chair,Furniture,1.0,12000.0,8500,20,Pune,Maharashtra,West,Karan,UPI
ORD4884,2026-06-27,C0875,Pooja Agarwal,Smartphone,Electronics,2.0,28000.0,22000,15,Ahmedabad,Gujarat,West,Karan,UPI
ORD3836,2026-04-04,C0707,Pooja Verma,Monitor,Electronics,2.0,18000.0,14000,10,Pune,Maharashtra,West,Amit,UPI
ORD5095,2026-06-21,C0200,Manish Singh,Monitor,Electronics,3.0,18000.0,14000,5,Mumbai,Maharashtra,West,Amit,UPI
ORD2942,2026-07-17,C0111,Vikas Mishra,Laptop,Electronics,4.0,55000.0,45000,0,Bhubaneswar,Odisha,East,Sneha,UPI
ORD5271,2026-05-27,C0461,Priya Singh,Laptop,Electronics,6.0,55000.0,45000,15,Bengaluru,Karnataka,South,Sneha,Credit Card
ORD3818,2026-05-01,C0022,Kavita Tiwari,Printer,Electronics,7.0,16000.0,12500,20,Gorakhpur,Uttar Pradesh,North,Ravi,Debit Card
ORD4949,2026-08-05,C0123,Kavita Patel,Monitor,Electronics,5.0,18000.0,14000,10,Hyderabad,Telangana,South,Karan,Debit Card
ORD1195,2026-07-11,C0494,Karan Sharma,Laptop,Electronics,6.0,55000.0,45000,20,Bhubaneswar,Odisha,East,Ravi,Net Banking
ORD2475,2026-02-12,C0039,Vikas Kumar,Office Chair,Furniture,6.0,12000.0,8500,0,Delhi,Delhi,North,Priya,Net Banking
ORD3171,2026-05-16,C0539,Manish Gupta,Headphones,Electronics,6.0,3500.0,2200,5,Bhubaneswar,Odisha,East,Sneha,Credit Card
ORD2212,2026-05-16,C0142,Priya Tiwari,Printer,Electronics,6.0,16000.0,12500,15,Chennai,Tamil Nadu,South,Sneha,
ORD3471,2026-02-14,C0591,Vikas Verma,Pen Set,Stationery,5.0,250.0,140,20,Gorakhpur,Uttar Pradesh,North,Ravi,UPI
ORD2658,2026-06-13,C0387,Manish Joshi,Smartphone,Electronics,3.0,28000.0,22000,15,Bhubaneswar,Odisha,East,Priya,Net Banking
ORD5305,2026-01-17,C0543,Arjun Mehta,Headphones,Electronics,2.0,3500.0,2200,0,Pune,Maharashtra,West,Neha,UPI
ORD4064,2026-07-24,C0179,Amit Tiwari,Monitor,Electronics,2.0,18000.0,14000,10,Bhubaneswar,Odisha,East,Karan,Cash
ORD5649,2026-06-30,C0209,Amit Mishra,Office Chair,Furniture,4.0,12000.0,8500,15,Ahmedabad,Gujarat,West,Ravi,Net Banking
ORD3586,2026-07-04,C0842,Ravi Singh,Headphones,Electronics,1.0,3500.0,2200,5,Hyderabad,Telangana,South,Karan,UPI
ORD2894,2026-03-16,C0494,Karan Sharma,Keyboard,Electronics,6.0,1800.0,1100,15,Gorakhpur,Uttar Pradesh,North,Amit,UPI
ORD5753,2026-01-26,C0749,Priya Kumar,Office Chair,Furniture,1.0,12000.0,8500,20,Pune,Maharashtra,West,Ravi,Debit Card
ORD2131,2026-06-06,C0608,Pooja Singh,Headphones,Electronics,4.0,3500.0,2200,5,Hyderabad,Telangana,South,Priya,Cash
ORD2462,2026-01-28,C0631,Nisha Joshi,Laptop,Electronics,6.0,55000.0,45000,10,Kolkata,West Bengal,East,Priya,Net Banking
ORD1277,2026-06-02,C0551,Priya Singh,Notebook,Stationery,1.0,120.0,65,0,Mumbai,Maharashtra,West,Sneha,Net Banking
ORD5773,2026-03-18,C0321,Manish Tiwari,Laptop,Electronics,6.0,55000.0,45000,5,Chennai,Tamil Nadu,South,Priya,Cash
ORD5014,2026-07-26,C0856,Amit Verma,Headphones,Electronics,2.0,3500.0,2200,10,Kolkata,West Bengal,East,Karan,Debit Card
ORD5990,2026-01-16,C0879,Pooja Gupta,Keyboard,Electronics,5.0,1800.0,1100,20,,Uttar Pradesh,North,Sneha,Cash
ORD3329,2026-05-22,C0154,Neha Patel,Smartphone,Electronics,1.0,28000.0,22000,5,Delhi,Delhi,North,Amit,Debit Card
ORD2303,2026-08-21,C0567,Meera Patel,Headphones,Electronics,4.0,3500.0,2200,10,Bengaluru,Karnataka,South,Karan,Credit Card
ORD3553,2026-06-22,C0757,Amit Kumar,Laptop,Electronics,1.0,55000.0,45000,0,Ahmedabad,Gujarat,West,Neha,UPI
ORD1223,2026-04-04,C0759,Karan Joshi,Office Chair,Furniture,4.0,12000.0,8500,0,Hyderabad,Telangana,South,Amit,UPI
ORD5668,2026-02-02,C0615,Amit Singh,Laptop,Electronics,4.0,55000.0,45000,10,Chennai,Tamil Nadu,South,Amit,Cash
ORD2973,2026-01-31,C0120,Shreya Agarwal,Monitor,Electronics,6.0,18000.0,14000,15,Jaipur,Rajasthan,North,Priya,Cash
ORD1574,2026-05-04,C0462,Shreya Kumar,Printer,Electronics,4.0,16000.0,12500,20,Lucknow,Uttar Pradesh,North,Amit,UPI
ORD2237,2026-03-28,C0542,Arjun Gupta,Monitor,Electronics,6.0,18000.0,14000,10,Kolkata,West Bengal,East,Priya,Net Banking
ORD5318,2026-07-26,C0165,Rahul Mishra,Printer,Electronics,6.0,16000.0,12500,15,Hyderabad,Telangana,South,Priya,Credit Card
ORD4554,2026-07-25,C0174,Ravi Mehta,Keyboard,Electronics,6.0,1800.0,1100,5,Hyderabad,Telangana,South,Sneha,Debit Card
ORD3312,2026-01-24,C0496,Pooja Yadav,Desk,Furniture,7.0,9000.0,6200,5,Pune,Maharashtra,West,Ravi,Debit Card
ORD2335,2026-06-29,C0513,Pooja Singh,Office Chair,Furniture,6.0,12000.0,8500,0,Lucknow,Uttar Pradesh,North,Sneha,UPI
ORD3493,2026-03-31,C0762,Sneha Patel, Laptop,Electronics,2.0,16000.0,12500,20,Kolkata,West Bengal,East,Priya,UPI
ORD1419,2026-07-01,C0505,Kavita Agarwal,Headphones,Electronics,1.0,3500.0,2200,20,Bhubaneswar,Odisha,East,Priya,Net Banking
ORD1268,2026-04-18,C0658,Manish Joshi,Notebook,Stationery,4.0,120.0,65,5,Bhubaneswar,Odisha,East,Neha,Credit Card
ORD2105,2026-02-15,C0304,,Office Chair,Furniture,2.0,12000.0,8500,0,Bhubaneswar,Odisha,East,Neha,Debit Card
ORD1258,2026-04-10,C0049,Simran Verma,Notebook,Stationery,1.0,120.0,65,10,Chennai,Tamil Nadu,South,Sneha,Debit Card
ORD1296,2026-07-02,C0995,Kavita Kumar,Office Chair,Furniture,5.0,12000.0,8500,10,Bengaluru,Karnataka,South,Sneha,Net Banking
ORD5354,2026-07-11,C0894,Unknown Customer,Printer,Electronics,2.0,16000.0,12500,20,Chennai,Tamil Nadu,South,Neha,Credit Card
ORD1387,2026-07-31,C0344,Rohan Gupta,Smartphone,Electronics,5.0,28000.0,22000,10,Chennai,Tamil Nadu,South,Ravi,Net Banking
ORD4432,2026-04-06,C0462,Shreya Kumar,Headphones,Electronics,3.0,3500.0,2200,5,Bhubaneswar,Odisha,East,Neha,Debit Card
ORD4136,2026-01-19,C0092,Anjali Saxena,Desk,Furniture,7.0,9000.0,6200,5,Gorakhpur,Uttar Pradesh,North,Priya,Credit Card
ORD5086,2026-03-30,C0359,Manish Sharma,Office Chair,Furniture,-3.0,12000.0,8500,20,Bengaluru,Karnataka,South,Karan,UPI
ORD3452,2026-04-23,C0538,Rohan Kumar,Monitor,Electronics,7.0,18000.0,14000,5,Ahmedabad,Gujarat,West,Ravi,Credit Card
ORD5362,2026-07-28,C0156,Karan Verma,Smartphone,Electronics,1.0,28000.0,22000,5,Chennai,Tamil Nadu,South,Ravi,Net Banking
ORD4568,2026-02-22,C0672,Simran Tiwari,Notebook,Stationery,6.0,120.0,65,5,Jaipur,Rajasthan,North,Priya,Net Banking
ORD2887,2026-04-12,C0552,Sneha Sharma,Smartphone,Electronics,5.0,28000.0,22000,10,Lucknow,Uttar Pradesh,North,Amit,Cash
ORD5411,2026-03-27,C0015,Rahul Yadav,Smartphone,Electronics,7.0,28000.0,22000,5,Ahmedabad,Gujarat,West,Ravi,Debit Card
ORD2564,2026-04-04,C0350,Priya Agarwal,Laptop ,Electronics,3.0,16000.0,12500,5,Mumbai,Maharashtra,West,Amit,Cash
ORD4683,2026-05-04,C0889,Manish Tiwari,Notebook,Stationery,7.0,120.0,65,10,Kolkata,West Bengal,East,Karan,Cash
ORD2401,2026-08-08,C0065,Neha Mehta,Keyboard,Electronics,3.0,1800.0,1100,5,Jaipur,Rajasthan,North,Amit,Cash
ORD1713,2026-04-10,C0002,Amit Saxena,Office Chair,Furniture,6.0,12000.0,8500,20,Pune,Maharashtra,West,Sneha,Credit Card
ORD5490,2026-02-14,C0726,Meera Kumar,Laptop,Electronics,6.0,55000.0,45000,0,Kolkata,West Bengal,East,Sneha,Debit Card
ORD5749,2026-01-11,C0583,Rahul Patel,Desk,Furniture,1.0,9000.0,6200,20,Hyderabad,Telangana,South,Ravi,Credit Card
ORD1210,2026-06-08,C0135,Priya Yadav,Notebook,Stationery,6.0,120.0,65,20,Hyderabad,Telangana,South,Sneha,Net Banking
ORD5000,2026-02-01,C0532,Manish Chauhan,Office Chair,Furniture,7.0,12000.0,8500,10,Chennai,Tamil Nadu,South,Ravi,Cash
ORD2290,2026-07-22,C0579,Sneha Patel,Smartphone,Electronics,4.0,28000.0,22000,15,Ahmedabad,Gujarat,West,Priya,Debit Card
ORD3764,2026-05-12,C0763,Rahul Sharma,Pen Set,Stationery,2.0,250.0,140,15,Delhi,Delhi,North,Amit,Net Banking
ORD3032,2026-05-27,C0161,Manish Agarwal,Keyboard,Electronics,5.0,1800.0,1100,20,Chennai,Tamil Nadu,South,Ravi,Net Banking
ORD1450,2026-01-21,C0243,Arjun Mishra,Keyboard,Electronics,6.0,1800.0,1100,5,Lucknow,Uttar Pradesh,North,Neha,Cash
ORD5119,2026-07-17,C0480,Amit Tiwari,Desk,Furniture,3.0,9000.0,6200,5,Pune,Maharashtra,West,Ravi,Credit Card
ORD3606,2026-07-04,C0476,Arjun Gupta,Office Chair,Furniture,2.0,12000.0,8500,5,Kolkata,West Bengal,East,Neha,UPI
ORD2821,2026-01-20,C0804,Arjun Agarwal,Smartphone,Electronics,2.0,28000.0,22000,10,Mumbai,Maharashtra,West,Neha,UPI
ORD1959,2026-01-30,C0363,Ravi Singh,Pen Set,Stationery,6.0,250.0,140,10,Delhi,Delhi,North,Amit,Net Banking
ORD2794,2026-02-28,C0355,Nisha Chauhan,Keyboard,Electronics,7.0,1800.0,1100,0,Gorakhpur,Uttar Pradesh,North,Amit,Net Banking
ORD3079,2026-08-07,C0974,Amit Gupta,Office Chair,Furniture,3.0,"₹55,000",8500,10,Bhubaneswar,Odisha,East,Amit,Cash
ORD1655,2026-03-11,C0548,Anjali Kumar,Desk,Furniture,5.0,9000.0,6200,10,Bengaluru,Karnataka,South,Ravi,Debit Card
ORD3440,2026-07-28,C0014,Aditya Singh,Pen Set,Stationery,4.0,250.0,140,10,Pune,Maharashtra,West,Priya,Debit Card
ORD4909,2026-02-22,C0213,Rahul Sharma,Keyboard,Electronics,1.0,1800.0,1100,20,Hyderabad,Telangana,South,Karan,Net Banking
ORD3046,2026-05-12,C0940,Vikas Mishra,Pen Set,Stationery,5.0,250.0,140,20,Kolkata,West Bengal,East,Priya,UPI
ORD2761,2026-02-10,C0516,Meera Tiwari,Smartphone,Electronics,3.0,28000.0,22000,5,Kolkata,West Bengal,East,Priya,Net Banking
ORD5526,2026-05-26,C0970,Pooja Mishra,Headphones,Electronics,6.0,3500.0,2200,15,Pune,Maharashtra,West,Ravi,Credit Card
ORD4365,2026-05-19,C0051,Ravi Chauhan,Laptop,Electronics,1.0,55000.0,45000,5,Lucknow,Uttar Pradesh,North,Sneha,Debit Card
ORD3143,2026-07-27,C0965,Anjali Gupta,Notebook,Stationery,4.0,120.0,65,20,Pune,Maharashtra,West,Priya,Cash
ORD1412,2026-03-16,C0084,Ravi Mishra,Printer,Electronics,4.0,16000.0,12500,20,Chennai,Tamil Nadu,South,Ravi,UPI
ORD2775,2026-01-23,C0079,Amit Chauhan,Headphones,Electronics,5.0,3500.0,2200,5,Bengaluru,Karnataka,South,Neha,Cash
ORD2936,2026-03-13,C0136,Manish Yadav,Office Chair,Furniture,7.0,12000.0,8500,10,Hyderabad,Telangana,South,Amit,Cash
ORD4889,2026-01-04,C0102,Ravi Agarwal,Notebook,Stationery,7.0,120.0,65,15,Delhi,Delhi,North,Sneha,UPI
ORD3969,2026-01-13,C0093,Varun Mishra,Monitor,Electronics,4.0,18000.0,14000,5,Lucknow,Uttar Pradesh,North,Sneha,Cash
ORD3803,2026-02-10,C0019,Rahul Gupta,Notebook,Stationery,7.0,120.0,65,10,Delhi,Delhi,North,Priya,Debit Card
ORD5338,2026-06-25,C0645,Vikas Kumar,Laptop,Electronics,4.0,55000.0,45000,0,Mumbai,Maharashtra,West,Karan,Debit Card
ORD5804,2026-03-11,C0502,Kavita Tiwari,Pen Set,Stationery,4.0,250.0,140,20,Bhubaneswar,Odisha,East,Neha,Cash
ORD5170,2026-01-01,C0676,Ravi Agarwal,Office Chair,Furniture,7.0,12000.0,8500,15,Lucknow,Uttar Pradesh,North,Amit,Cash
ORD5363,2026-05-06,C0950,Simran Mehta,Smartphone,Electronics,5.0,28000.0,22000,0,Ahmedabad,Gujarat,West,Neha,Debit Card
ORD3706,2026-08-27,C0641,Manish Joshi,Keyboard,Electronics,2.0,,1100,0,Kolkata,West Bengal,East,Priya,UPI
ORD4611,2026-01-12,C0928,Meera Tiwari,Notebook,Stationery,5.0,120.0,65,5,Gorakhpur,Uttar Pradesh,North,Ravi,Net Banking
ORD2979,2026-08-16,C0018,Rohan Kumar,Keyboard,Electronics,5.0,1800.0,1100,20,Jaipur,Rajasthan,North,Ravi,Credit Card
ORD5130,2026-05-17,C0901,Simran Kumar,Notebook,Stationery,3.0,120.0,65,20,Bengaluru,Karnataka,South,Sneha,Debit Card
ORD4405,2026-01-25,C0942,Anjali Mehta,Desk,Furniture,6.0,9000.0,6200,5,Bhubaneswar,Odisha,East,Ravi,Net Banking
ORD4623,2026-01-14,C0400,Kavita Saxena,Smartphone,Electronics,1.0,28000.0,22000,5,Jaipur,Rajasthan,North,Neha,Credit Card
ORD1431,2026-07-04,C0873,Manish Saxena,Printer,Electronics,5.0,16000.0,12500,10,Bengaluru,Karnataka,South,Amit,Debit Card
ORD5226,2026-08-20,C0504,Karan Verma,Pen Set,Stationery,5.0,250.0,140,5,Bengaluru,Karnataka,South,Neha,UPI
ORD4092,2026-03-26,C0332,Nisha Kumar,Headphones,Electronics,3.0,3500.0,2200,5,Ahmedabad,Gujarat,West,Amit,Net Banking
ORD2367,2026-07-29,C0399,Varun Singh,Office Chair,Furniture,1.0,12000.0,8500,5,Pune,Maharashtra,West,Karan,
ORD3043,2026-03-29,C0373,,Printer,Electronics,2.0,16000.0,12500,0,Chennai,Tamil Nadu,South,Karan,UPI
ORD3894,2026-03-19,C0584,Aditya Verma,Office Chair,Furniture,2.0,12000.0,8500,20,Kolkata,West Bengal,East,Amit,Cash
ORD2177,2026-08-20,C0718,Nisha Chauhan,Keyboard,Electronics,5.0,1800.0,1100,20,Pune,Maharashtra,West,Priya,Credit Card
ORD4382,2026-08-05,C0727,Vikas Verma,Monitor,Electronics,1.0,18000.0,14000,10,Hyderabad,Telangana,South,Sneha,Cash
ORD2477,2026-01-17,C0274,Shreya Gupta,Smartphone,Electronics,2.0,28000.0,22000,0,Jaipur,Rajasthan,North,Karan,Debit Card
ORD4200,2026-07-20,C0777,Manish Mehta,laptop,Electronics,4.0,28000.0,22000,0,Ahmedabad,Gujarat,West,Priya,Cash
ORD4308,2026-04-18,C0621,Anjali Joshi,Laptop,Electronics,7.0,55000.0,45000,20,Mumbai,Maharashtra,West,Karan,Credit Card
ORD1103,2026-04-09,C0337,Vikas Mehta,Monitor,Electronics,3.0,18000.0,14000,10,Lucknow,Uttar Pradesh,North,Sneha,Debit Card
ORD3996,2026-06-16,C0710,Varun Chauhan,Notebook,Stationery,7.0,120.0,65,5,Pune,Maharashtra,West,Amit,UPI
ORD5066,2026-08-16,C0141,Anjali Mishra,Keyboard,Electronics,6.0,1800.0,1100,15,Kolkata,West Bengal,East,Priya,Debit Card
ORD2264,2026-07-29,C0154,Neha Patel,Monitor,Electronics,3.0,18000.0,14000,20,Bengaluru,Karnataka,South,Amit,UPI
ORD5511,2026-03-08,C0187,Ravi Kumar,Laptop,Electronics,1.0,55000.0,45000,0,Hyderabad,Telangana,South,Sneha,Net Banking
ORD4185,2026-05-24,C0708,Varun Yadav,Headphones,Electronics,1.0,3500.0,2200,20,Chennai,Tamil Nadu,South,Priya,Cash
ORD4510,2026-04-12,C0630,Aditya Agarwal,Pen Set,Stationery,3.0,250.0,140,15,Bengaluru,Karnataka,South,Priya,Cash
ORD4107,2026-08-01,C0695,Manish Tiwari,Laptop,Electronics,4.0,55000.0,45000,15,Hyderabad,Telangana,South,Karan,Cash
ORD4209,2026-06-18,C0894,Shreya Tiwari,Pen Set,Stationery,3.0,250.0,140,20,Pune,Maharashtra,West,Karan,Cash
ORD4348,2026-06-22,C0314,Shreya Singh,Pen Set,Stationery,4.0,250.0,140,5,Jaipur,Rajasthan,North,Sneha,Net Banking
ORD4244,2026-08-03,C0862,Sneha Gupta,Office Chair,Furniture,3.0,12000.0,8500,15,Lucknow,Uttar Pradesh,North,Sneha,UPI
ORD4017,2026-02-03,C0540,Meera Verma,Desk,Furniture,7.0,9000.0,6200,0,Hyderabad,Telangana,South,Priya,Cash
ORD2644,2026-02-20,C0920,Neha Saxena,Notebook,Stationery,7.0,120.0,65,10,Chennai,Tamil Nadu,South,Amit,Debit Card
ORD5532,2026-05-02,C0670,Meera Tiwari,Office Chair,Furniture,1.0,12000.0,8500,0,Gorakhpur,Uttar Pradesh,North,Priya,Credit Card
ORD1001,2026-04-20,C0119,Amit Yadav,Laptop,Electronics,7.0,55000.0,45000,10,Kolkata,West Bengal,East,Sneha,Net Banking
ORD2581,2026-07-16,C0594,Rahul Joshi,Headphones,Electronics,1.0,3500.0,2200,20,Bhubaneswar,Odisha,East,Neha,Net Banking
ORD5449,2026-07-10,C0253,Aditya Sharma,Smartphone,Electronics,7.0,28000.0,22000,5,Delhi,Delhi,North,Neha,Credit Card
ORD5142,2026-05-10,C0382,Rahul Mehta,Keyboard,Electronics,5.0,1800.0,1100,20,Mumbai,Maharashtra,West,Ravi,Credit Card
ORD2357,2026-03-11,C0865,Manish Singh,Smartphone,Electronics,5.0,28000.0,22000,10,Jaipur,Rajasthan,North,Karan,Net Banking
ORD4442,2026-03-22,C0161,Manish Agarwal,Office Chair,Furniture,2.0,12000.0,8500,10,Mumbai,Maharashtra,West,Priya,Cash
ORD3112,2026-08-11,C0038,Amit Patel,Monitor,Electronics,7.0,18000.0,14000,10,Bengaluru,Karnataka,South,Karan,Net Banking
ORD4633,2026-05-08,C0756,Priya Mishra,Headphones,Electronics,3.0,3500.0,2200,15,Kolkata,West Bengal,East,Priya,Cash
ORD4555,2026-08-08,C0053,Pooja Patel,Laptop,Electronics,4.0,55000.0,45000,0,,Telangana,South,Amit,Debit Card
ORD3423,2026-01-12,C0718,Nisha Chauhan,Laptop,Electronics,3.0,55000.0,45000,0,Mumbai,Maharashtra,West,Karan,Credit Card
ORD1397,2026-05-26,C0666,Manish Saxena,Office Chair,Furniture,4.0,12000.0,8500,15,Gorakhpur,Uttar Pradesh,North,Ravi,Debit Card
ORD4693,2026-07-27,C0834,Aditya Verma,Office Chair,Furniture,4.0,12000.0,8500,10,Hyderabad,Telangana,South,Priya,Cash
ORD2065,2026-05-08,C0936,Priya Verma,Monitor,Electronics,1.0,18000.0,14000,0,Bengaluru,Karnataka,South,Amit,Credit Card
ORD5901,2026-06-04,C0457,Simran Agarwal,Pen Set,Stationery,1.0,250.0,140,10,Ahmedabad,Gujarat,West,Amit,UPI
ORD3466,2026-08-28,C0876,Meera Sharma,Printer,Electronics,4.0,16000.0,12500,10,Bengaluru,Karnataka,South,Amit,Cash
ORD1819,2026-01-14,C0510,Karan Patel,Monitor,Electronics,5.0,18000.0,14000,10,Bengaluru,Karnataka,South,Amit,Debit Card
ORD2813,2026-05-20,C0395,Varun Mehta,Desk,Furniture,,9000.0,6200,15,Lucknow,Uttar Pradesh,North,Sneha,UPI
ORD3589,2026-02-11,C0324,Anjali Tiwari,Monitor,Electronics,2.0,18000.0,14000,20,Delhi,Delhi,North,Karan,Net Banking
ORD2553,2026-01-04,C0189,Arjun Gupta,Monitor,Electronics,2.0,18000.0,14000,15,Chennai,Tamil Nadu,South,Amit,Cash
ORD4167,2026-03-19,C0491,Anjali Singh,Smartphone,Electronics,7.0,28000.0,22000,15,Jaipur,Rajasthan,North,Sneha,UPI
ORD1817,2026-05-20,C0128,Aditya Verma,Headphones,Electronics,1.0,3500.0,2200,15,Delhi,Delhi,North,Ravi,Debit Card
ORD2573,2026-08-27,C0926,Pooja Patel,Keyboard,Electronics,1.0,1800.0,1100,5,Pune,Maharashtra,West,Amit,Credit Card
ORD4011,2026-01-07,C0240,Neha Mehta,Laptop,Electronics,5.0,55000.0,45000,0,Kolkata,West Bengal,East,Sneha,Credit Card
ORD2801,2026-01-15,C0843,Manish Joshi,Notebook,Stationery,7.0,120.0,65,15,Chennai,Tamil Nadu,South,Ravi,UPI
ORD5314,2026-04-20,C0684,Arjun Sharma,Smartphone,Electronics,5.0,28000.0,22000,20,Bhubaneswar,Odisha,East,Sneha,Debit Card
ORD1382,2026-03-21,C0803,Kavita Mishra,Laptop,Electronics,2.0,55000.0,45000,0,Bhubaneswar,Odisha,East,Priya,Debit Card
ORD3917,2026-03-25,C0178,Aditya Verma,Office Chair,Furniture,2.0,12000.0,8500,0,Lucknow,Uttar Pradesh,North,Ravi,UPI
ORD4879,2026-08-23,C0189,Arjun Gupta,Pen Set,Stationery,7.0,250.0,140,5,Bhubaneswar,Odisha,East,Amit,UPI
ORD5568,2026-03-21,C0043,Amit Sharma,Office Chair,Furniture,2.0,12000.0,8500,15,Pune,Maharashtra,West,Karan,Net Banking
ORD4556,2026-04-19,C0972,Amit Agarwal,Monitor,Electronics,4.0,18000.0,14000,0,Lucknow,Uttar Pradesh,North,Sneha,UPI
ORD4831,2026-08-05,C0076,Nisha Yadav,Desk,Furniture,5.0,9000.0,6200,15,Hyderabad,Telangana,South,Amit,Debit Card
ORD2781,2026-07-18,C0017,Priya Singh,Printer,Electronics,5.0,16000.0,12500,20,Delhi,Delhi,North,Amit,Debit Card
ORD5340,2026-08-15,C0557,Shreya Agarwal,Laptop,Electronics,7.0,55000.0,45000,5,Bhubaneswar,Odisha,East,Priya,UPI
ORD4526,2026-01-29,C0963,Simran Mehta,Monitor,Electronics,4.0,18000.0,14000,20,Jaipur,Rajasthan,North,Neha,Net Banking
ORD4166,2026-06-08,C0524,Meera Gupta,Monitor,Electronics,5.0,18000.0,14000,5,Jaipur,Rajasthan,North,Amit,Debit Card
ORD1865,2026-08-19,C0773,Neha Patel,Smartphone,Electronics,3.0,28000.0,22000,5,Bengaluru,Karnataka,South,Sneha,UPI
ORD4065,2026-01-26,C0767,Rohan Chauhan,Desk,Furniture,3.0,9000.0,6200,15,Kolkata,West Bengal,East,Neha,Cash
ORD4800,2026-07-12,C0116,Vikas Mehta,Headphones,Electronics,3.0,3500.0,2200,20,Ahmedabad,Gujarat,West,Neha,Debit Card
ORD1555,2026-05-31,C0386,Meera Singh,Smartphone,Electronics,-3.0,28000.0,22000,5,Kolkata,West Bengal,East,Ravi,Credit Card
ORD2160,2026-08-22,C0274,Shreya Gupta,Keyboard,Electronics,4.0,1800.0,1100,10,Delhi,Delhi,North,Karan,Credit Card
ORD2214,2026-07-12,C0739,Aditya Mishra,Notebook,Stationery,2.0,120.0,65,20,Gorakhpur,Uttar Pradesh,North,Ravi,UPI
ORD4743,2026-08-24,C0146,Shreya Mishra,Desk,Furniture,1.0,9000.0,6200,20,Lucknow,Uttar Pradesh,North,Priya,UPI
ORD4653,2026-05-11,C0823,Meera Mehta,Pen Set,Stationery,5.0,250.0,140,20,Lucknow,Uttar Pradesh,North,Neha,Cash
ORD1049,2026-05-16,C0550,Anjali Yadav,Monitor,Electronics,7.0,18000.0,14000,0,Lucknow,Uttar Pradesh,North,Ravi,Debit Card
ORD3400,2026-02-03,C0945,Vikas Mishra,Printer,Electronics,2.0,16000.0,12500,5,,Karnataka,South,Neha,Cash
ORD1701,2026-07-01,C0798,Shreya Mishra,Pen Set,Stationery,7.0,250.0,140,15,Hyderabad,Telangana,South,Sneha,Credit Card
ORD1653,2026-06-08,C0801,Priya Tiwari,Smartphone,Electronics,7.0,28000.0,22000,5,Jaipur,Rajasthan,North,Priya,Cash
ORD4204,2026-01-05,C0066,Amit Agarwal,Desk,Furniture,,9000.0,6200,20,Jaipur,Rajasthan,North,Sneha,UPI
ORD4114,2026-07-07,C0956,Amit Yadav,Office Chair,Furniture,4.0,12000.0,8500,0,Lucknow,Uttar Pradesh,North,Ravi,UPI
ORD4779,2026-05-01,C0955,Nisha Joshi,Pen Set,Stationery,6.0,250.0,140,20,Lucknow,Uttar Pradesh,North,Neha,Credit Card
ORD1749,2026-06-27,C0072,Aditya Sharma,Printer,Electronics,1.0,16000.0,12500,15,Pune,Maharashtra,West,Neha,Net Banking
ORD2456,2026-06-12,C0506,Sneha Tiwari,Office Chair,Furniture,3.0,12000.0,8500,10,Pune,Maharashtra,West,Neha,Credit Card
ORD5221,2026-02-02,C0520,Rohan Verma,Monitor,Electronics,7.0,18000.0,14000,0,Pune,Maharashtra,West,Ravi,UPI
ORD3115,2026-04-11,C0406,Aditya Kumar,Keyboard,Electronics,6.0,1800.0,1100,15,Mumbai,Maharashtra,West,Sneha,Credit Card
ORD4610,2026-07-25,C0378,Nisha Tiwari,Monitor,Electronics,6.0,18000.0,14000,15,Ahmedabad,Gujarat,West,Ravi,Credit Card
ORD1867,2026-07-01,C0742,Aditya Chauhan,Printer,Electronics,3.0,16000.0,12500,10,Pune,Maharashtra,West,Neha,Credit Card
ORD1753,2026-04-03,C0547,Manish Sharma,Desk,Furniture,5.0,9000.0,6200,0,Chennai,Tamil Nadu,South,Priya,Debit Card
ORD2645,2026-02-09,C0042,Amit Chauhan,Headphones, Electronics ,3.0,3500.0,2200,10,Bhubaneswar,Odisha,East,Neha,Net Banking
ORD1093,2026-08-04,C0632,Rahul Chauhan,Keyboard,Electronics,1.0,1800.0,1100,5,Delhi,Delhi,North,Karan,Debit Card
ORD3866,2026-04-12,C0625,,Headphones,Electronics,4.0,3500.0,2200,15,Kolkata,West Bengal,East,Amit,Credit Card
ORD5587,2026-06-16,C0508,Anjali Verma,Headphones,Electronics,4.0,3500.0,2200,20,Mumbai,Maharashtra,West,Amit,Credit Card
ORD3465,2026-08-15,C0265,Aditya Yadav,Monitor, Electronics ,5.0,18000.0,14000,0,Bengaluru,Karnataka,South,Sneha,Net Banking
ORD3848,2026-07-21,C0263,Rahul Gupta,Monitor,Electronics,5.0,18000.0,14000,0,Kolkata,West Bengal,East,Neha,UPI
ORD2491,2026-08-03,C0200,Manish Singh,Smartphone,Electronics,4.0,28000.0,22000,10,Jaipur,Rajasthan,North,Neha,Net Banking
ORD3938,2026-02-10,C0627,Aditya Kumar,Keyboard,Electronics,2.0,1800.0,1100,10,Bhubaneswar,Odisha,East,Priya,Debit Card
ORD3659,2026-08-21,C0421,Priya Kumar,Laptop,Electronics,6.0,55000.0,45000,0,Lucknow,Uttar Pradesh,North,Neha,Cash
ORD1730,2026-02-11,C0188,Ravi Tiwari,Smartphone,Electronics,6.0,28000.0,22000,20,Ahmedabad,Gujarat,West,Neha,Debit Card
ORD3758,2026-03-21,C0745,Anjali Yadav,Monitor,Electronics,6.0,18000.0,14000,10,Bengaluru,Karnataka,South,Sneha,Cash
ORD3858,2026-05-18,C0553,Simran Verma,Desk,Furniture,3.0,9000.0,6200,0,Jaipur,Rajasthan,North,Neha,Cash
ORD4648,2026-04-15,C0643,Rahul Gupta,Printer,Electronics,6.0,16000.0,12500,20,Kolkata,West Bengal,East,Sneha,Net Banking
ORD2937,2026-04-05,C0357,Amit Tiwari,Office Chair,Furniture,1.0,12000.0,8500,10,Ahmedabad,Gujarat,West,Sneha,Net Banking
ORD2746,2026-05-01,C0607,Manish Tiwari,Desk,Furniture,4.0,9000.0,6200,0,Bhubaneswar,Odisha,East,Amit,Net Banking
ORD3521,2026-04-18,C0422,Rohan Saxena,Monitor,Electronics,1.0,18000.0,14000,5,Bhubaneswar,Odisha,East,Sneha,Credit Card
ORD4327,2026-06-18,C0839,Shreya Mehta,Pen Set,Stationery,7.0,250.0,140,5,Mumbai,Maharashtra,West,Karan,UPI
ORD4544,2026-06-23,C0468,Arjun Kumar,Pen Set,Stationery,3.0,250.0,140,5,Gorakhpur,Uttar Pradesh,North,Priya,Net Banking
ORD2958,2026-08-25,C0208,Sneha Verma,Headphones,Electronics,6.0,3500.0,2200,20,Hyderabad,Telangana,South,Neha,UPI
ORD2111,2026-05-09,C0897,Priya Singh,Laptop,Electronics,6.0,55000.0,45000,15,Bhubaneswar,Odisha,East,Neha,Credit Card
ORD4566,2026-03-04,C0994,Priya Verma,Notebook,Stationery,3.0,120.0,65,5,Hyderabad,Telangana,South,Priya,Cash
ORD5090,2026-07-22,C0435,Amit Mishra,Office Chair,Furniture,6.0,12000.0,8500,20,Bengaluru,Karnataka,South,Ravi,Cash
ORD5498,2026-02-24,C0827,Varun Gupta,Smartphone,Electronics,4.0,28000.0,22000,5,Ahmedabad,Gujarat,West,Priya,UPI
ORD5183,2026-05-21,C0988,Sneha Sharma,Keyboard,Electronics,4.0,1800.0,1100,20,Gorakhpur,Uttar Pradesh,North,Amit,Cash
ORD1347,2026-06-12,C0829,Sneha Saxena,Smartphone,Electronics,5.0,28000.0,22000,10,Ahmedabad,Gujarat,West,Ravi,Net Banking
ORD2186,2026-04-08,C0166,Kavita Chauhan,Notebook,Stationery,1.0,120.0,65,5,Jaipur,Rajasthan,North,Priya,Credit Card
ORD5890,2026-08-10,C0194,Manish Mehta,Office Chair,Furniture,7.0,12000.0,8500,10,Pune,Maharashtra,West,Sneha,Net Banking
ORD5064,2026-08-12,C0410,Sneha Joshi,Printer,Electronics,3.0,16000.0,12500,20,Jaipur,Rajasthan,North,Karan,UPI
ORD2516,2026-02-19,C0616,Rahul Joshi,Laptop,Electronics,6.0,55000.0,45000,0,Bhubaneswar,Odisha,East,Priya,Debit Card
ORD5697,2026-08-19,C0822,Meera Agarwal,Smartphone,Electronics,4.0,28000.0,22000,15,Bhubaneswar,Odisha,East,Neha,Debit Card
ORD1579,2026-07-10,C0794,Ravi Mishra,Desk,Furniture,2.0,9000.0,6200,10,Pune,Maharashtra,West,Ravi,Debit Card
ORD2965,2026-03-17,C0826,Kavita Joshi,Keyboard,Electronics,4.0,1800.0,1100,15,Kolkata,West Bengal,East,Ravi,Net Banking
ORD1076,2026-05-13,C0345,Pooja Verma,Office Chair,Furniture,6.0,12000.0,8500,0,Hyderabad,Telangana,South,Amit,UPI
ORD2430,2026-04-21,C0827,Varun Gupta,Laptop,Electronics,7.0,55000.0,45000,20,Jaipur,Rajasthan,North,Amit,Net Banking
ORD5343,2026-06-26,C0748,Varun Mehta,Office Chair,Furniture,5.0,12000.0,8500,5,Ahmedabad,Gujarat,West,Priya,Credit Card
ORD5457,2026-03-20,C0396,Karan Verma,Notebook, Electronics ,6.0,120.0,65,0,Kolkata,West Bengal,East,Priya,Cash
ORD4910,2026-01-07,C0686,Pooja Gupta,Laptop,Electronics,4.0,55000.0,45000,0,Pune,Maharashtra,West,Priya,UPI
ORD5983,2026-08-20,C0925,Rahul Verma,Monitor,Electronics,4.0,18000.0,14000,10,Ahmedabad,Gujarat,West,Ravi,Net Banking
ORD2847,2026-03-12,C0025,Ravi Saxena,Laptop,Electronics,6.0,55000.0,45000,20,Hyderabad,Telangana,South,Neha,Cash
ORD1132,2026-06-08,C0628,Vikas Mehta,Notebook,Stationery,4.0,120.0,65,5,Ahmedabad,Gujarat,West,Neha,UPI
ORD1179,2026-05-25,C0697,Rahul Yadav,Monitor,Electronics,7.0,18000.0,14000,15,Ahmedabad,Gujarat,West,Sneha,Net Banking
ORD4719,2026-03-05,C0362,Priya Kumar,Keyboard,Electronics,4.0,1800.0,1100,10,Jaipur,Rajasthan,North,Karan,Debit Card
ORD5562,2026-05-04,C0054,Sneha Agarwal,Office Chair,Furniture,6.0,12000.0,8500,0,Kolkata,West Bengal,East,Karan,Net Banking
ORD3883,2026-03-21,C0821,Rohan Saxena,Notebook,Stationery,4.0,120.0,65,0,Mumbai,Maharashtra,West,Priya,Net Banking
ORD3620,2026-02-16,C0430,Rahul Patel,Notebook,Stationery,6.0,120.0,65,20,Mumbai,Maharashtra,West,Ravi,Credit Card
ORD2843,2026-03-27,C0904,Rahul Tiwari,Desk,Furniture,3.0,9000.0,6200,5,Pune,Maharashtra,West,Priya,Credit Card
ORD3128,2026-07-07,C0768,,Pen Set,Stationery,7.0,250.0,140,20,Kolkata,West Bengal,East,Ravi,Cash
ORD3575,2026-01-20,C0508,Anjali Verma,Laptop,Electronics,5.0,55000.0,45000,5,Gorakhpur,Uttar Pradesh,North,Amit,Net Banking
ORD3406,2026-03-01,C0938,Ravi Chauhan,Pen Set,Stationery,6.0,250.0,140,0,Gorakhpur,Uttar Pradesh,North,Neha,Credit Card
ORD1605,2026-08-19,C0403,Anjali Singh,Office Chair,Furniture,4.0,12000.0,8500,5,Delhi,Delhi,North,Amit,UPI
ORD3963,2026-01-10,C0610,Simran Yadav,Headphones,Electronics,2.0,3500.0,2200,10,Jaipur,Rajasthan,North,Sneha,Net Banking
ORD1026,2026-02-13,C0788,Simran Singh,Desk,Furniture,3.0,9000.0,6200,5,Jaipur,Rajasthan,North,Neha,Net Banking
ORD1659,2026-06-07,C0771,Meera Verma,Keyboard,Electronics,7.0,1800.0,1100,10,Bengaluru,Karnataka,South,Sneha,Debit Card
ORD2897,2026-05-29,C0403,Anjali Singh,Headphones, Electronics ,7.0,3500.0,2200,10,Hyderabad,Telangana,South,Ravi,Credit Card
ORD4367,2026-04-23,C0725,Sneha Kumar,Pen Set,Stationery,7.0,250.0,140,20,Bengaluru,Karnataka,South,Priya,Net Banking
ORD5510,2026-01-13,C0541,Meera Tiwari,Office Chair,Furniture,1.0,12000.0,8500,20,Gorakhpur,Uttar Pradesh,North,Amit,Credit Card
ORD1174,2026-03-02,C0134,Varun Singh,Keyboard,Electronics,4.0,1800.0,1100,15,Lucknow,Uttar Pradesh,North,Priya,Debit Card
ORD2612,2026-03-06,C0308,Simran Kumar,Desk,Furniture,6.0,9000.0,6200,0,Gorakhpur,Uttar Pradesh,North,Amit,Credit Card
ORD1438,2026-04-30,C0899,Kavita Joshi,Keyboard,Electronics,4.0,1800.0,1100,15,Chennai,Tamil Nadu,South,Karan,Credit Card
ORD1332,2026-06-30,C0199,Aditya Mishra,Notebook,Stationery,2.0,120.0,65,0,Mumbai,Maharashtra,West,Ravi,Debit Card
ORD4146,2026-03-30,C0738,Karan Verma,Office Chair,Furniture,4.0,12000.0,8500,20,Jaipur,Rajasthan,North,Sneha,Net Banking
ORD2455,2026-07-19,C0731,Arjun Sharma,Monitor,Electronics,,18000.0,14000,10,Delhi,Delhi,North,Amit,Debit Card
ORD1343,2026-02-07,C0743,Anjali Tiwari,Smartphone,Electronics,4.0,28000.0,22000,0,Ahmedabad,Gujarat,West,Sneha,Net Banking
ORD5289,2026-03-06,C0132,Meera Mehta,Laptop,Electronics,4.0,55000.0,45000,5,Jaipur,Rajasthan,North,Karan,
ORD1728,2026-08-02,C0837,Shreya Chauhan,Desk,Furniture,3.0,9000.0,6200,0,Bengaluru,Karnataka,South,Amit,Cash
ORD4838,2026-07-31,C0886,Rohan Mishra,Keyboard,Electronics,1.0,1800.0,1100,0,Gorakhpur,Uttar Pradesh,North,Ravi,Debit Card
ORD1977,2026-05-17,C0190,Kavita Tiwari,Printer,Electronics,2.0,16000.0,12500,15,Mumbai,Maharashtra,West,Sneha,UPI
ORD3068,2026-07-31,C0706,Manish Mehta,Laptop,Electronics,3.0,55000.0,45000,10,Pune,Maharashtra,West,Amit,Debit Card
ORD4564,2026-02-05,C0528,Nisha Saxena, Laptop,Electronics,3.0,3500.0,2200,20,Pune,Maharashtra,West,Priya,Credit Card
ORD2929,2026-01-06,C0418,Priya Chauhan,Laptop,electronics,6.0,55000.0,45000,20,Delhi,Delhi,North,Priya,Net Banking
ORD3652,2026-03-25,C0811,Varun Joshi,Printer,Electronics,1.0,16000.0,12500,10,Kolkata,West Bengal,East,Amit,Debit Card
ORD5481,2026-04-28,C0802,Neha Singh,Smartphone,Electronics,5.0,28000.0,22000,0,Bengaluru,Karnataka,South,Priya,Credit Card
ORD2300,2026-05-07,C0815,Amit Gupta,Notebook,Stationery,4.0,120.0,65,0,Gorakhpur,Uttar Pradesh,North,Priya,Debit Card
ORD4035,2026-05-30,C0900,Ravi Agarwal,Office Chair,Furniture,3.0,12000.0,8500,0,Jaipur,Rajasthan,North,Karan,Debit Card
ORD5627,2026-05-08,C0176,Varun Sharma,Desk,Furniture,5.0,9000.0,6200,20,Bengaluru,Karnataka,South,Amit,UPI
ORD1661,2026-02-01,C0763,Rahul Sharma,Pen Set,Stationery,4.0,250.0,140,0,Pune,Maharashtra,north,Karan,Debit Card
ORD5027,2026-05-18,C0139,Manish Yadav,Smartphone,Electronics,7.0,28000.0,22000,5,Delhi,Delhi,North,Ravi,Cash
ORD3427,2026-04-07,C0945,Vikas Mishra,Headphones,Electronics,4.0,3500.0,2200,5,Mumbai,Maharashtra,West,Ravi,Credit Card
ORD5244,2026-07-15,C0146,Shreya Mishra,Notebook,Stationery,7.0,120.0,65,5,Ahmedabad,Gujarat,West,Neha,Cash
ORD4128,2026-03-28,C0351,Sneha Tiwari,Keyboard,Electronics,5.0,1800.0,1100,5,Pune,Maharashtra,West,Karan,UPI
ORD3222,2026-06-17,C0660,Simran Kumar,Office Chair,Furniture,1.0,12000.0,8500,10,Mumbai,Maharashtra,West,Neha,UPI
ORD4096,2026-04-24,C0220,Ravi Sharma,Pen Set,Stationery,4.0,250.0,140,0,Mumbai,Maharashtra,West,Neha,UPI
ORD3743,2026-06-09,C0930,Sneha Verma,Laptop,Electronics,3.0,55000.0,45000,0,Jaipur,Rajasthan, North ,Karan,Credit Card
ORD4650,2026-05-22,C0406,Aditya Kumar,Notebook,Stationery,4.0,120.0,65,20,Lucknow,Uttar Pradesh,North,Priya,Cash
ORD4239,2026-02-11,C0762,Sneha Patel,Laptop,Electronics,3.0,55000.0,45000,10,Ahmedabad,Gujarat,West,Sneha,Credit Card
ORD2279,2026-04-09,C0080,Rohan Yadav,Printer,Electronics,3.0,16000.0,12500,5,Hyderabad,Telangana,South,Karan,UPI
ORD4809,2026-01-23,C0433,Ravi Joshi,Headphones,Electronics,1.0,3500.0,2200,0,Delhi,Delhi,North,Sneha,Net Banking
ORD2622,2026-04-28,C0361,Rahul Verma,Desk,Furniture,4.0,9000.0,6200,15,Hyderabad,Telangana,South,Ravi,UPI
ORD4059,2026-05-09,C0863,Manish Joshi,Pen Set,Stationery,7.0,250.0,140,15,Pune,Maharashtra,West,Ravi,Credit Card
ORD5126,2026-05-26,C0326,Rahul Mishra,Desk,Furniture,6.0,9000.0,6200,0,Chennai,Tamil Nadu,South,Priya,Net Banking
ORD1068,2026-07-29,C0070,Shreya Mishra,Laptop,Electronics,7.0,55000.0,45000,15,Delhi,Delhi,North,Neha,Credit Card
ORD4537,2026-05-27,C0077,Rahul Joshi,Smartphone,Electronics,4.0,28000.0,22000,0,Hyderabad,Telangana,South,Sneha,Net Banking
ORD5639,2026-08-21,C0209,Amit Mishra,Pen Set,Stationery,6.0,250.0,140,20,Pune,Maharashtra,West,Ravi,Credit Card
ORD4845,2026-05-09,C0902,Nisha Tiwari,Office Chair,Furniture,4.0,12000.0,8500,5,Jaipur,Rajasthan,North,Sneha,Credit Card
ORD1821,2026-02-06,C0101,Ravi Yadav,Notebook,Stationery,6.0,120.0,65,20,Pune,Maharashtra,West,Sneha,Credit Card
ORD2227,2026-05-15,C0509,Manish Patel,Notebook,Stationery,2.0,120.0,65,0,Kolkata,West Bengal,East,Sneha,Cash
ORD4036,2026-06-03,C0533,Rohan Kumar,Pen Set,Stationery,3.0,250.0,140,20,Ahmedabad,Gujarat,West,Neha,Net Banking
ORD3464,2026-05-19,C0574,Manish Agarwal,Office Chair,Furniture,7.0,12000.0,8500,0,Mumbai,Maharashtra,West,Neha,Net Banking
ORD5679,2026-02-07,C0067,Simran Chauhan,Printer,Electronics,2.0,16000.0,12500,15,Gorakhpur,Uttar Pradesh,North,Neha,Credit Card
ORD5484,2026-04-20,C0868,Pooja Kumar,Printer,Electronics,5.0,16000.0,12500,20,Lucknow,Uttar Pradesh,North,Neha,Net Banking
ORD5296,2026-07-16,C0437,Karan Sharma,Printer,Electronics,7.0,16000.0,12500,15,Chennai,Tamil Nadu,South,Amit,Net Banking
ORD4400,2026-01-31,C0701,Karan Joshi,Desk,Furniture,2.0,9000.0,6200,15,Bhubaneswar,Odisha,East,Sneha,Cash
ORD2144,2026-03-11,C0731,Arjun Sharma,Smartphone,Electronics,6.0,28000.0,22000,5,Bhubaneswar,Odisha,East,Ravi,Debit Card
ORD1398,2026-06-22,C0101,Ravi Yadav,Keyboard,Electronics,3.0,1800.0,1100,15,Hyderabad,Telangana,South,Karan,UPI
ORD3949,2026-04-18,C0329,Nisha Kumar,Monitor,Electronics,3.0,18000.0,14000,0,Pune,Maharashtra,West,Amit,Debit Card
ORD5328,2026-08-03,C0182,Simran Mishra,Desk,Furniture,7.0,9000.0,6200,20,Chennai,Tamil Nadu,South,Amit,UPI
ORD5141,2026-03-27,C0917,Shreya Patel,Monitor,Electronics,2.0,18000.0,14000,0,Bengaluru,Karnataka,South,Ravi,UPI
ORD2399,2026-06-15,C0807,Arjun Yadav,Headphones,Electronics,5.0,3500.0,2200,20,Kolkata,West Bengal,East,Ravi,Debit Card
ORD2660,2026-04-05,C0770,Kavita Mehta,Monitor, Electronics ,1.0,18000.0,14000,10,Kolkata,West Bengal,East,Ravi,Cash
ORD1980,2026-02-11,C0026,Kavita Verma,Headphones,Electronics,4.0,,2200,0,Delhi,Delhi,North,Amit,Debit Card
ORD2299,2026-03-14,C0154,Neha Patel,Printer,Electronics,4.0,16000.0,12500,15,Bengaluru,Karnataka,South,Priya,Cash
ORD5654,2026-07-28,C0149,Vikas Agarwal,Laptop,Electronics,1.0,55000.0,45000,15,Chennai,Tamil Nadu,South,Amit,UPI
ORD1083,2026-01-24,C0179,Amit Tiwari,Laptop,Electronics,4.0,55000.0,45000,10,Bengaluru,Karnataka,South,Amit,Cash
ORD3214,2026-06-09,C0952,Kavita Mishra,Pen Set,Stationery,6.0,250.0,140,10,Bengaluru,Karnataka,South,Sneha,Debit Card
ORD3802,2026-04-12,C0486,Pooja Agarwal,Office Chair,Furniture,7.0,12000.0,8500,0,Hyderabad,Telangana,South,Neha,Net Banking
ORD4794,2026-04-01,C0119,Amit Yadav,Pen Set,Stationery,3.0,250.0,140,0,Chennai,Tamil Nadu,South,Sneha,Debit Card
ORD4836,2026-07-14,C0527,Ravi Verma,Printer,Electronics,3.0,16000.0,12500,15,Kolkata,West Bengal,East,Priya,Debit Card
ORD3417,2026-05-12,C0263,Rahul Gupta,Keyboard,Electronics,4.0,1800.0,1100,15,Ahmedabad,Gujarat,West,Karan,Debit Card
ORD1424,2026-01-03,C0066,Amit Agarwal,Desk,Furniture,1.0,9000.0,6200,5,Chennai,Tamil Nadu,South,Ravi,Debit Card
ORD5366,2026-06-02,C0740,Shreya Singh,Pen Set,Stationery,1.0,250.0,140,15,Kolkata,West Bengal,East,Priya,UPI
ORD2905,2026-03-11,C0225,Nisha Mishra,Monitor,Electronics,1.0,18000.0,14000,5,Gorakhpur,Uttar Pradesh,North,Sneha,Net Banking
ORD5565,2026-03-09,C0512,Vikas Mishra,Office Chair,Furniture,2.0,12000.0,8500,15,Gorakhpur,Uttar Pradesh,North,Amit,Credit Card
ORD4403,2026-05-25,C0009,Rohan Yadav,Desk,Furniture,2.0,9000.0,6200,5,Chennai,Tamil Nadu,South,Ravi,UPI
ORD5653,2026-06-30,C0806,Rahul Agarwal,Printer,Electronics,7.0,16000.0,12500,0,Bengaluru,Karnataka,South,Neha,Credit Card
ORD2566,2026-03-15,C0057,Manish Mishra,Smartphone,Electronics,6.0,28000.0,22000,15,Kolkata,West Bengal,East,Karan,Credit Card
ORD4406,2026-05-15,C0280,Simran Yadav,Keyboard,Electronics,6.0,1800.0,1100,15,Gorakhpur,Uttar Pradesh,North,Neha,Cash
ORD1840,2026-04-09,C0606,Rohan Patel,Monitor,Electronics,5.0,18000.0,14000,5,Chennai,Tamil Nadu,South,Amit,Debit Card
ORD1501,2026-05-19,C0348,Nisha Singh,Printer,Electronics,4.0,16000.0,12500,10,Pune,Maharashtra,West,Priya,Debit Card
ORD1142,2026-03-11,C0255,Neha Patel,Pen Set,Stationery,2.0,250.0,140,0,Delhi,Delhi,North,Priya,Debit Card
ORD2378,2026-08-05,C0469,Simran Verma,Office Chair,Furniture,3.0,12000.0,8500,5,Bengaluru,Karnataka,South,Ravi,Credit Card
ORD4752,2026-06-19,C0604,Rahul Kumar,Printer,Electronics,6.0,16000.0,12500,15,Mumbai,Maharashtra,West,Sneha,Credit Card
ORD3174,2026-01-11,C0168,Shreya Sharma,Desk,Furniture,3.0,9000.0,6200,5,Hyderabad,Telangana,South,Sneha,Debit Card
ORD2139,2026-05-07,C0674,Sneha Sharma,Laptop,Electronics,4.0,55000.0,45000,15,Mumbai,Maharashtra,West,Karan,Cash
ORD3582,2026-04-09,C0126,Varun Tiwari,Monitor,Electronics,7.0,18000.0,14000,10,Ahmedabad,Gujarat,West,Amit,Credit Card
ORD2788,2026-07-05,C0114,Ravi Verma,Desk,Furniture,4.0,9000.0,6200,20,Ahmedabad,Gujarat,West,Amit,Debit Card
ORD3603,2026-01-03,C0652,Kavita Sharma,Pen Set,Stationery,4.0,250.0,140,5,Delhi,Delhi,North,Karan,Credit Card
ORD1551,2026-04-02,C0869,Karan Kumar,Smartphone,Electronics,1.0,28000.0,22000,10,Pune,Maharashtra,West,Ravi,Credit Card
ORD4280,2026-01-13,C0653,Aditya Mehta,Keyboard,Electronics,6.0,1800.0,1100,0,Pune,Maharashtra,West,Karan,Credit Card
ORD3020,2026-03-25,C0505,Kavita Agarwal,Keyboard,Electronics,,1800.0,1100,20,Bhubaneswar,Odisha,East,Priya,Credit Card
ORD1949,2026-05-20,C0673,Rohan Verma,Monitor,Electronics,7.0,18000.0,14000,5,Lucknow,Uttar Pradesh,North,Karan,Net Banking
ORD3292,2026-02-26,C0503,Rohan Verma,Notebook,Stationery,3.0,120.0,65,0,Bengaluru,Karnataka,South,Amit,Debit Card
ORD1533,2026-03-25,C0765,Arjun Patel,Laptop,Electronics,5.0,55000.0,45000,15,Delhi,Delhi,North,Neha,Net Banking
ORD2830,2026-02-19,C0781,Sneha Kumar,Notebook,Stationery,7.0,120.0,65,10,Chennai,Tamil Nadu,South,Amit,Credit Card
ORD5641,2026-05-22,C0470,Karan Chauhan,Pen Set, Electronics ,5.0,250.0,140,15,Chennai,Tamil Nadu,South,Ravi,Credit Card
ORD5445,2026-05-21,C0501,Priya Mehta,Pen Set,Stationery,4.0,250.0,140,15,Delhi,Delhi,North,Karan,UPI
ORD4928,2026-03-23,C0813,Vikas Singh,Laptop,Electronics,7.0,55000.0,45000,15,Chennai,Tamil Nadu,South,Karan,UPI
ORD2603,2026-04-18,C0614,Varun Agarwal,Smartphone,Electronics,7.0,28000.0,22000,5,Jaipur,Rajasthan,North,Sneha,Cash
ORD1640,2026-01-14,C0466,Aditya Chauhan,Notebook,Stationery,7.0,120.0,65,5,Ahmedabad,Gujarat,West,Neha,Cash
ORD5862,2026-04-05,C0316,Pooja Patel,Pen Set,Stationery,6.0,250.0,140,0,Ahmedabad,Gujarat,West,Sneha,UPI
ORD1968,2026-03-09,C0463,Ravi Sharma,Headphones,Electronics,7.0,3500.0,2200,20,Bengaluru,Karnataka,South,Neha,Credit Card
ORD5264,2026-08-22,C0666,Manish Saxena,Notebook,Stationery,6.0,120.0,65,5,Bengaluru,Karnataka,South,Neha,Credit Card
ORD3665,2026-06-23,C0940,Vikas Mishra,Notebook,Stationery,1.0,120.0,65,5,Delhi,Delhi,North,Neha,Credit Card
ORD2684,2026-03-07,C0612,Simran Chauhan,Headphones,Electronics,3.0,3500.0,2200,20,Hyderabad,Telangana,South,Karan,UPI
ORD5777,2026-02-17,C0612,Simran Chauhan,Notebook,Stationery,7.0,120.0,65,15,Bhubaneswar,Odisha,East,Karan,Credit Card
ORD3375,2026-01-23,C0644,Rohan Saxena,Keyboard,Electronics,5.0,1800.0,1100,20,Kolkata,West Bengal,East,Amit,Net Banking
ORD1156,2026-02-19,C0712,Kavita Yadav,Printer,Electronics,2.0,16000.0,12500,0,Delhi,Delhi,North,Neha,Debit Card
ORD3523,2026-04-28,C0879,Pooja Gupta,Desk,Furniture,3.0,9000.0,6200,10,Kolkata,West Bengal,East,Ravi,UPI
ORD3881,2026-01-06,C0332,Nisha Kumar,Smartphone,Electronics,2.0,28000.0,22000,20,Ahmedabad,Gujarat,West,Ravi,Cash
ORD2090,2026-04-15,C0798,Shreya Mishra,Laptop,Electronics,7.0,55000.0,45000,5,Kolkata,West Bengal,East,Sneha,Net Banking
ORD3695,2026-03-13,C0992,Karan Gupta,Laptop,Electronics,7.0,55000.0,45000,20,Ahmedabad,Gujarat,West,Sneha,Cash
ORD5267,2026-04-23,C0428,Anjali Saxena,Office Chair,Furniture,7.0,12000.0,8500,5,Ahmedabad,Gujarat,West,Karan,Net Banking
ORD1289,2026-05-18,C0873,Manish Saxena,Office Chair,Furniture,4.0,12000.0,8500,0,Delhi,Delhi,North,Amit,UPI
ORD1931,2026-06-14,C0969,Pooja Gupta,Pen Set,Stationery,3.0,250.0,140,15,Hyderabad,Telangana,South,Karan,Credit Card
ORD4464,2026-03-02,C0476,Arjun Gupta,Laptop,Electronics,6.0,55000.0,45000,20,Mumbai,Maharashtra,West,Neha,Debit Card
ORD3645,2026-02-12,C0965,Anjali Gupta,Keyboard,Electronics,5.0,1800.0,1100,5,Gorakhpur,Uttar Pradesh,North,Karan,UPI
ORD5290,2026-07-25,C0711,Vikas Joshi,Pen Set,Stationery,6.0,250.0,140,10,Gorakhpur,Uttar Pradesh,North,Ravi,UPI
ORD4538,2026-02-27,C0242,Amit Saxena,Monitor,Electronics,4.0,18000.0,14000,15,Bengaluru,Karnataka,South,Ravi,Cash
ORD4340,2026-03-22,C0629,Simran Tiwari,Desk,Furniture,7.0,9000.0,6200,20,Bengaluru,Karnataka,South,Karan,Credit Card
ORD1943,2026-02-20,C0769,Kavita Chauhan,Desk,Furniture,4.0,9000.0,6200,0,Pune,Maharashtra,West,Sneha,Credit Card
ORD4916,2026-05-13,C0167,,Desk,Furniture,5.0,9000.0,6200,15,Chennai,Tamil Nadu,South,Sneha,UPI
ORD5690,2026-07-03,C0334,Pooja Singh,Notebook,Stationery,4.0,120.0,65,5,Gorakhpur,Uttar Pradesh,North,Amit,UPI
ORD2699,2026-04-07,C0386,Meera Singh,Smartphone,Electronics,2.0,28000.0,22000,15,Ahmedabad,Gujarat,West,Amit,Net Banking
ORD5824,2026-06-12,C0145,Anjali Tiwari,Desk,Furniture,3.0,9000.0,6200,0,Kolkata,West Bengal,East,Priya,Debit Card
ORD5868,2026-03-21,C0505,Kavita Agarwal,Smartphone,Electronics,,28000.0,22000,0,Bengaluru,Karnataka,South,Karan,Net Banking
ORD3943,2026-01-18,C0010,Shreya Yadav,Smartphone,Electronics,5.0,28000.0,22000,0,Chennai,Tamil Nadu,South,Karan,Net Banking
ORD3875,2026-08-17,C0456,Rohan Gupta,Pen Set,Stationery,6.0,250.0,140,5,Kolkata,West Bengal,East,Neha,Credit Card
ORD1986,2026-03-19,C0163,Karan Sharma,Office Chair,Furniture,2.0,,8500,20,Kolkata,West Bengal,East,Neha,Debit Card
ORD3813,2026-08-08,C0270,Pooja Verma,Notebook,Stationery,3.0,120.0,65,10,Bhubaneswar,Odisha,East,Priya,Net Banking
ORD5252,2026-06-16,C0959,Rahul Mishra,Office Chair,Furniture,3.0,12000.0,8500,20,Mumbai,Maharashtra,West,Amit,Credit Card
ORD4389,2026-01-02,C0178,Aditya Verma,Desk,Furniture,6.0,9000.0,6200,20,Jaipur,Rajasthan,North,Ravi,Net Banking
ORD5807,2026-02-17,C0104,Karan Agarwal,Monitor,Electronics,4.0,18000.0,14000,0,Chennai,Tamil Nadu,South,Sneha,UPI
ORD1982,2026-06-25,C0886,,Notebook,Stationery,3.0,"₹55,000",65,15,Lucknow,Uttar Pradesh,North,Sneha,Net Banking
ORD3528,2026-07-23,C0579,Sneha Patel,Smartphone,Electronics,5.0,28000.0,22000,10,Chennai,Tamil Nadu,South,Sneha,Credit Card
ORD3463,2026-02-08,C0720,Simran Mishra,Monitor,Electronics,5.0,18000.0,14000,10,Mumbai,Maharashtra,West,Amit,UPI
ORD4208,2026-01-09,C0869,Karan Kumar,Headphones,Electronics,2.0,3500.0,2200,15,Chennai,Tamil Nadu,South,Amit,Debit Card
ORD3985,2026-01-26,C0404,Meera Singh,Notebook,Stationery,6.0,120.0,65,5,Bengaluru,Karnataka,South,Karan,Debit Card
ORD5608,2026-08-13,C0486,Pooja Agarwal,Monitor,Electronics,6.0,18000.0,14000,20,Delhi,Delhi,North,Karan,Debit Card
ORD5356,2026-08-23,C0198,Amit Joshi,Printer,Electronics,1.0,16000.0,12500,15,Mumbai,Maharashtra,West,Amit,Cash
ORD2458,2026-01-04,C0332,Nisha Kumar,Smartphone,Electronics,4.0,28000.0,22000,20,Chennai,Tamil Nadu,South,Karan,Credit Card
ORD2396,2026-07-19,C0765,Arjun Patel,Headphones,Electronics,7.0,3500.0,2200,15,Chennai,Tamil Nadu,South,Sneha,Cash
ORD1265,2026-01-14,C0372,Rohan Joshi,Monitor,Electronics,6.0,18000.0,14000,5,Lucknow,Uttar Pradesh,North,Ravi,Cash
ORD5303,2026-01-01,C0872,Sneha Mishra,Office Chair,Furniture,4.0,12000.0,8500,15,Mumbai,Maharashtra,West,Priya,Credit Card
ORD1930,2026-06-28,C0849,Vikas Kumar,Headphones,Electronics,1.0,3500.0,2200,20,Delhi,Delhi,North,Sneha,Debit Card
ORD4106,2026-05-23,C0205,Kavita Kumar,Headphones,Electronics,7.0,3500.0,2200,5,Chennai,Tamil Nadu,South,Sneha,UPI
ORD3179,2026-05-23,C0353,Varun Verma,Headphones,Electronics,5.0,3500.0,2200,10,Hyderabad,Telangana,South,Ravi,Net Banking
ORD5929,2026-04-02,C0619,Aditya Kumar,Keyboard,Electronics,7.0,1800.0,1100,10,Hyderabad,Telangana,South,Neha,Net Banking
ORD1247,2026-08-21,C0489,Simran Singh,Desk,Furniture,2.0,9000.0,6200,0,Pune,Maharashtra,West,Priya,Debit Card
ORD5225,2026-03-02,C0350,Priya Agarwal,Notebook,Stationery,4.0,120.0,65,5,Jaipur,Rajasthan,North,Priya,Credit Card
ORD2759,2026-04-01,C0821,Rohan Saxena,Keyboard,Electronics,5.0,1800.0,1100,0,Lucknow,Uttar Pradesh,North,Neha,Cash
ORD5895,2026-06-18,C0376,Nisha Chauhan,Notebook,Stationery,6.0,120.0,65,10,Lucknow,Uttar Pradesh,North,Karan,Credit Card
ORD3852,2026-05-09,C0468,Arjun Kumar,Notebook,Stationery,1.0,120.0,65,0,Bengaluru,Karnataka,South,Priya,UPI
ORD1924,2026-04-09,C0855,Nisha Gupta,Desk,Furniture,2.0,9000.0,6200,10,Gorakhpur,Uttar Pradesh,North,Amit,Credit Card
ORD3378,2026-08-10,C0226,Shreya Verma,Office Chair,Furniture,5.0,12000.0,8500,5,Jaipur,Rajasthan,North,Priya,Cash
ORD1269,2026-02-26,C0166,Kavita Chauhan,Pen Set,Stationery,2.0,250.0,140,5,Delhi,Delhi,North,Karan,UPI
ORD1670,2026-02-10,C0855,Nisha Gupta,Pen Set,Stationery,6.0,250.0,140,10,Hyderabad,Telangana,South,Amit,Net Banking
ORD3776,2026-05-18,C0678,Shreya Joshi,Monitor,Electronics,3.0,18000.0,14000,0,Ahmedabad,Gujarat,West,Ravi,Debit Card
ORD2911,2026-03-16,C0902,Nisha Tiwari,Monitor,Electronics,1.0,18000.0,14000,20,Lucknow,Uttar Pradesh,North,Neha,Net Banking
ORD4728,2026-06-22,C0530,Aditya Agarwal,Printer,Electronics,1.0,16000.0,12500,20,Hyderabad,Telangana,South,Neha,Cash
ORD2153,2026-04-22,C0126,Varun Tiwari,Smartphone,Electronics,7.0,28000.0,22000,5,Lucknow,Uttar Pradesh,North,Ravi,Cash
ORD5847,2026-08-14,C0091,Neha Joshi,Headphones,Electronics,2.0,3500.0,2200,0,Pune,Maharashtra,West,Ravi,Cash
ORD4506,2026-07-19,C0532,Manish Chauhan,Office Chair,Furniture,3.0,12000.0,8500,15,Bengaluru,Karnataka,South,Priya,UPI
ORD5268,2026-01-17,C0639,Rahul Joshi,Pen Set,Stationery,7.0,250.0,140,0,Mumbai,Maharashtra,West,Karan,Net Banking
ORD4934,2026-06-18,C0300,Anjali Saxena,Monitor,Electronics,2.0,18000.0,14000,10,Mumbai,Maharashtra,West,Sneha,Credit Card
ORD3657,2026-05-20,C0109,Ravi Verma,Smartphone,Electronics,6.0,28000.0,22000,15,Delhi,Delhi,North,Karan,Debit Card
ORD4027,2026-03-25,C0145,Anjali Tiwari,Monitor,Electronics,1.0,18000.0,14000,5,Bhubaneswar,Odisha,East,Priya,Debit Card
ORD2916,2026-05-10,C0152,Priya Mehta,Keyboard,Electronics,7.0,1800.0,1100,5,Gorakhpur,Uttar Pradesh,North,Priya,Debit Card
ORD1613,2026-01-31,C0056,Rohan Agarwal,Pen Set,Stationery,1.0,250.0,140,15,Bengaluru,Karnataka,South,Ravi,Credit Card
ORD3439,2026-08-14,C0366,Kavita Mehta,Notebook,Stationery,3.0,120.0,65,0,Chennai,Tamil Nadu,South,Karan,Credit Card
ORD5846,2026-03-24,C0374,Varun Gupta,Laptop,Electronics,5.0,55000.0,45000,5,Lucknow,Uttar Pradesh,North,Karan,Debit Card
ORD2899,2026-05-19,C0637,Simran Patel,Monitor,Electronics,4.0,18000.0,14000,0,Hyderabad,Telangana,South,Ravi,UPI
ORD2650,2026-05-01,C0817,Vikas Mishra,Printer,Electronics,7.0,16000.0,12500,0,Bengaluru,Karnataka,South,Karan,Net Banking
ORD3487,2026-03-25,C0447,Shreya Chauhan,Monitor,Electronics,3.0,18000.0,14000,15,Bhubaneswar,Odisha,East,Sneha,Credit Card
ORD1259,2026-01-15,C0286,Anjali Mehta,Laptop,Electronics,1.0,55000.0,45000,15,Lucknow,Uttar Pradesh,North,Priya,Credit Card
ORD1848,2026-03-18,C0355,Nisha Chauhan,Desk,Furniture,2.0,9000.0,6200,20,Mumbai,Maharashtra,West,Karan,Credit Card
ORD5278,2026-01-27,C0516,Meera Tiwari,Notebook,Stationery,1.0,120.0,65,5,Bengaluru,Karnataka,South,Ravi,
ORD2234,2026-05-17,C0041,Shreya Mishra,Notebook,Stationery,6.0,120.0,65,0,Jaipur,Rajasthan,North,Karan,Credit Card
ORD2128,2026-06-20,C0870,Pooja Singh,Printer,Electronics,4.0,16000.0,12500,20,Chennai,Tamil Nadu,South,Sneha,Credit Card
ORD2968,2026-01-19,C0993,Ravi Chauhan,Laptop,Electronics,5.0,55000.0,45000,5,Hyderabad,Telangana,South,Priya,Debit Card
ORD1559,2026-07-16,C0932,Varun Agarwal,Laptop,Electronics,2.0,55000.0,45000,5,Delhi,Delhi,North,Amit,Credit Card
ORD4962,2026-02-18,C0341,Pooja Mehta,Desk,Furniture,2.0,9000.0,6200,10,Bengaluru,Karnataka,South,Karan,Debit Card
ORD1485,2026-07-10,C0083,Priya Saxena,Smartphone,Electronics,4.0,28000.0,22000,15,Lucknow,Uttar Pradesh,North,Ravi,Cash
ORD3212,2026-04-26,C0166,Kavita Chauhan,Pen Set,Stationery,1.0,250.0,140,0,Delhi,Delhi,North,Karan,Credit Card
ORD2321,2026-04-28,C0951,Pooja Patel,Pen Set,Stationery,1.0,250.0,140,5,Pune,Maharashtra,West,Priya,Cash
ORD3635,2026-04-21,C0701,Karan Joshi,Laptop,Electronics,4.0,55000.0,45000,5,Bhubaneswar,Odisha,East,Neha,UPI
ORD1008,2026-03-20,C0919,Rohan Saxena,Smartphone,Electronics,6.0,28000.0,22000,20,Ahmedabad,Gujarat,West,Karan,Credit Card
ORD5734,2026-02-27,C0508,Anjali Verma,Printer,Electronics,6.0,16000.0,12500,0,Bhubaneswar,Odisha,East,Neha,Cash
ORD5527,2026-03-17,C0069,Nisha Sharma,Notebook,Stationery,5.0,120.0,65,0,Ahmedabad,Gujarat,West,Amit,Cash
ORD2451,2026-04-03,C0735,Anjali Verma,Laptop,Electronics,7.0,55000.0,45000,0,Bhubaneswar,Odisha,East,Neha,Cash
ORD5038,2026-07-02,C0601,Shreya Gupta,Laptop,Electronics,4.0,55000.0,45000,20,Pune,Maharashtra,West,Ravi,Cash
ORD2815,2026-06-04,C0774,Amit Joshi,Notebook,Stationery,4.0,120.0,65,10,Bengaluru,Karnataka,South,Amit,Net Banking
ORD1774,2026-02-22,C0818,Manish Yadav,Pen Set,Stationery,1.0,250.0,140,20,Chennai,Tamil Nadu,South,Karan,UPI
ORD2012,2026-01-17,C0189,Arjun Gupta,Printer,Electronics,4.0,16000.0,12500,15,Pune,Maharashtra,West,Karan,Net Banking
ORD3860,2026-05-26,C0166,Kavita Chauhan,Monitor,Electronics,2.0,18000.0,14000,5,Hyderabad,Telangana,South,Amit,Cash
ORD5085,2026-06-14,C0329,Nisha Kumar,Smartphone,Electronics,7.0,28000.0,22000,20,Hyderabad,Telangana,South,Priya,Net Banking
ORD2992,2026-06-08,C0554,Amit Kumar,Desk,Furniture,3.0,9000.0,6200,0,Delhi,Delhi,North,Ravi,Debit Card
ORD2278,2026-02-01,C0926,Pooja Patel,Printer,Electronics,2.0,16000.0,12500,20,Bhubaneswar,Odisha,East,Ravi,Debit Card
ORD2784,2026-06-27,C0848,Neha Tiwari,Smartphone,Electronics,1.0,28000.0,22000,5,Ahmedabad,Gujarat,West,Amit,Net Banking
ORD4151,2026-03-14,C0733,Varun Chauhan,Printer,Electronics,5.0,16000.0,12500,15,Jaipur,Rajasthan,North,Ravi,Net Banking
ORD1447,2026-04-21,C0567,Meera Patel,Headphones,Electronics,6.0,3500.0,2200,20,Gorakhpur,Uttar Pradesh,North,Neha,Debit Card
ORD1881,2026-05-27,C0593,Arjun Verma,Notebook,Stationery,6.0,120.0,65,15,Kolkata,West Bengal,East,Amit,Net Banking
ORD5486,2026-04-23,C0857,Varun Chauhan,Office Chair,Furniture,6.0,12000.0,8500,10,Gorakhpur,Uttar Pradesh,North,Sneha,Cash
ORD1782,2026-04-29,C0844,Rohan Kumar,Laptop,Electronics,2.0,55000.0,45000,10,Gorakhpur,Uttar Pradesh,North,Sneha,Net Banking
ORD2750,2026-08-01,C0128,Aditya Verma,Laptop,Electronics,7.0,55000.0,45000,15,,West Bengal,East,Ravi,Credit Card
ORD4439,2026-07-31,C0398,Simran Sharma,Headphones,Electronics,7.0,3500.0,2200,5,Ahmedabad,Gujarat,West,Karan,Cash
ORD5963,2026-05-05,C0739,Aditya Mishra,Keyboard,Electronics,1.0,1800.0,1100,20,Kolkata,West Bengal,East,Ravi,Cash
ORD1884,2026-06-25,C0394,Shreya Saxena,Office Chair,Furniture,4.0,12000.0,8500,15,Hyderabad,Telangana,South,Sneha,Cash
ORD3408,2026-01-19,C0124,Aditya Saxena,Desk,Furniture,5.0,9000.0,6200,15,Kolkata,West Bengal,East,Amit,UPI
ORD2092,2026-07-12,C0846,Rohan Joshi,Printer,Electronics,2.0,16000.0,12500,0,Pune,Maharashtra,West,Sneha,Cash
ORD3981,2026-05-26,C0195,Shreya Agarwal,Pen Set,Stationery,3.0,250.0,140,0,Bengaluru,Karnataka,South,Amit,Net Banking
ORD1532,2026-05-22,C0181,Anjali Mishra,Laptop,Electronics,5.0,55000.0,45000,5,Hyderabad,Telangana,South,Sneha,UPI
ORD5576,2026-07-16,C0639,Rahul Joshi,Pen Set,Stationery,7.0,250.0,140,5,Kolkata,West Bengal,East,Priya,Net Banking
ORD5605,2026-03-23,C0363,Ravi Singh,Smartphone,Electronics,5.0,28000.0,22000,15,Ahmedabad,Gujarat,West,Amit,Credit Card
ORD5335,2026-06-22,C0909,Ravi Mehta,Pen Set,Stationery,1.0,250.0,140,5,Kolkata,West Bengal,East,Neha,Credit Card
ORD2728,2026-04-29,C0733,Varun Chauhan,Monitor,Electronics,,18000.0,14000,5,Gorakhpur,Uttar Pradesh,North,Ravi,Credit Card
ORD1611,2026-08-18,C0426,Shreya Verma,Monitor,Electronics,3.0,18000.0,14000,0,Lucknow,Uttar Pradesh,North,Ravi,UPI
ORD1571,2026-02-09,C0013,Amit Mehta,Desk,Furniture,2.0,9000.0,6200,5,Bengaluru,Karnataka,South,Sneha,Debit Card
ORD3711,2026-04-01,C0006,Shreya Agarwal,Desk,Furniture,4.0,9000.0,6200,10,Delhi,Delhi,North,Amit,Debit Card
ORD4098,2026-03-11,C0598,Anjali Patel,Laptop,Electronics,2.0,55000.0,45000,20,Gorakhpur,Uttar Pradesh,North,Karan,Credit Card
ORD1344,2026-01-10,C0419,Ravi Chauhan, LAPTOP ,Electronics,4.0,18000.0,14000,0,Delhi,Delhi,North,Amit,UPI
ORD4045,2026-04-11,C0373,Rohan Saxena,Laptop,Electronics,7.0,55000.0,45000,0,Bengaluru,Karnataka,South,Amit,Net Banking
ORD4186,2026-07-19,C0341,Pooja Mehta,Notebook,Stationery,7.0,120.0,65,10,Hyderabad,Telangana,South,Karan,UPI
ORD1435,2026-08-02,C0953,Rohan Chauhan,Headphones,Electronics,1.0,3500.0,2200,5,Hyderabad,Telangana,South,Priya,Cash
ORD2904,2026-07-11,C0849,Vikas Kumar,Smartphone,Electronics,3.0,28000.0,22000,20,Chennai,Tamil Nadu,South,Ravi,Credit Card
ORD4859,2026-02-02,C0087,Amit Sharma,Notebook,Stationery,999.0,120.0,65,5,Hyderabad,Telangana,South,Neha,Cash
ORD3419,2026-08-28,C0035,Nisha Yadav,Laptop,Electronics,6.0,55000.0,45000,10,Bengaluru,Karnataka,South,Neha,Cash
ORD3070,2026-03-30,C0091,Neha Joshi,Office Chair,Furniture,4.0,12000.0,8500,0,Delhi,Delhi,North,Amit,Debit Card
ORD2538,2026-03-25,C0406,Aditya Kumar,Desk,Furniture,4.0,9000.0,6200,5,Bhubaneswar,Odisha,East,Ravi,UPI
ORD3499,2026-03-27,C0790,Pooja Sharma,Smartphone,Electronics,2.0,28000.0,22000,10,Hyderabad,Telangana,South,Neha,Cash
ORD3379,2026-04-23,C0306,Amit Yadav,Smartphone,Electronics,5.0,28000.0,22000,0,Gorakhpur,Uttar Pradesh,North,Ravi,Net Banking
ORD2518,2026-05-13,C0661,Nisha Gupta,Keyboard,Electronics,4.0,1800.0,1100,0,Jaipur,Rajasthan,North,Neha,Net Banking
ORD1966,2026-06-10,C0527,Ravi Verma,Desk,Furniture,2.0,9000.0,6200,5,Chennai,Tamil Nadu,South,Neha,Debit Card
ORD5433,2026-07-22,C0457,Simran Agarwal,Notebook,Stationery,4.0,120.0,65,20,Hyderabad,Telangana,South,Karan,Net Banking
ORD1529,2026-06-23,C0656,Rohan Singh,Printer,Electronics,3.0,16000.0,12500,20,Hyderabad,Telangana,South,Priya,Credit Card
ORD1177,2026-08-20,C0743,Anjali Tiwari,Laptop,Electronics,5.0,55000.0,45000,10,Hyderabad,Telangana,South,Ravi,UPI
ORD4535,2026-03-31,C0111,Vikas Mishra,Keyboard,Electronics,1.0,1800.0,1100,15,Kolkata,West Bengal,East,Ravi,Debit Card
ORD4207,2026-08-01,C0454,,Office Chair,Furniture,4.0,12000.0,8500,0,Kolkata,West Bengal,East,Ravi,Net Banking
ORD5324,2026-06-02,C0407,,Headphones,Electronics,,3500.0,2200,10,Lucknow,Uttar Pradesh,North,Sneha,Cash
ORD1573,2026-03-14,C0603,Manish Joshi,Desk,Furniture,2.0,9000.0,6200,5,Jaipur,Rajasthan,North,Neha,UPI
ORD3332,2026-04-01,C0831,Amit Singh,Laptop,Electronics,5.0,,45000,0,Bengaluru,Karnataka,South,Sneha,Debit Card
ORD4561,2026-08-13,C0973,Priya Yadav,Office Chair,Furniture,3.0,12000.0,8500,0,Pune,Maharashtra,West,Ravi,Net Banking
ORD5469,2026-04-12,C0414,Nisha Saxena,Laptop,Electronics,7.0,55000.0,45000,20,Pune,Maharashtra,West,Ravi,Cash
ORD4260,2026-06-06,C0940,Vikas Mishra,Notebook,Stationery,1.0,120.0,65,15,Delhi,Delhi,North,Sneha,Net Banking
ORD3621,2026-02-03,C0106,Simran Verma,Laptop,Electronics,2.0,55000.0,45000,5,Pune,Maharashtra,West,Sneha,Net Banking
ORD3209,2026-01-06,C0252,Arjun Joshi, Laptop,Electronics,7.0,28000.0,22000,5,Chennai,Tamil Nadu,South,Ravi,Net Banking
ORD3608,2026-06-02,C0326,Rahul Mishra,Printer,Electronics,7.0,16000.0,12500,15,Pune,Maharashtra,West,Sneha,Net Banking
ORD4412,2026-05-25,C0150,Meera Yadav,Office Chair,Furniture,7.0,12000.0,8500,10,Jaipur,Rajasthan,North,Ravi,Cash
ORD1384,2026-01-08,C0646,Kavita Kumar,Office Chair,Furniture,1.0,12000.0,8500,15,Lucknow,Uttar Pradesh,North,Amit,Cash
ORD1853,2026-06-23,C0808,Rohan Kumar,Notebook,Stationery,1.0,120.0,65,15,,Uttar Pradesh,North,Amit,Credit Card
ORD2881,2026-03-22,C0561,Rohan Verma,Monitor,Electronics,5.0,18000.0,14000,15,Bhubaneswar,Odisha,East,Amit,Net Banking
ORD1371,2026-02-09,C0936,Priya Verma,Smartphone,Electronics,7.0,28000.0,22000,0,Kolkata,West Bengal,East,Neha,UPI
ORD4514,2026-07-24,C0691,Rohan Singh,Printer,Electronics,5.0,16000.0,12500,15,Delhi,Delhi,North,Karan,Cash
ORD5350,2026-02-09,C0907,Aditya Mehta,Office Chair,Furniture,6.0,12000.0,8500,0,Bhubaneswar,Odisha,East,Priya,Net Banking
ORD2106,2026-06-24,C0936,Priya Verma,Office Chair,Furniture,,12000.0,8500,15,Lucknow,Uttar Pradesh,North,Neha,UPI
ORD5245,2026-06-24,C0813,Vikas Singh,Pen Set,Stationery,1.0,250.0,140,0,Pune,Maharashtra,West,Neha,Debit Card
ORD5003,2026-08-11,C0733,Varun Chauhan,Smartphone,Electronics,7.0,28000.0,22000,15,Mumbai,Maharashtra,West,Karan,Net Banking
ORD2337,2026-08-27,C0821,Rohan Saxena,Printer,Electronics,4.0,16000.0,12500,0,Chennai,Tamil Nadu,South,Amit,Net Banking
ORD3190,2026-01-30,C0562,Pooja Kumar,Laptop,Electronics,4.0,55000.0,45000,20,Jaipur,Rajasthan,North,Ravi,UPI
ORD5621,2026-04-08,C0778,Shreya Verma,Headphones,Electronics,5.0,3500.0,2200,0,Mumbai,Maharashtra,West,Sneha,Cash
ORD3352,2026-03-20,C0983,Vikas Mehta,Printer,Electronics,6.0,16000.0,12500,5,Hyderabad,Telangana,South,Neha,Net Banking
ORD5077,2026-04-21,C0517,Karan Mishra,Smartphone,Electronics,3.0,28000.0,22000,15,Lucknow,Uttar Pradesh,North,Amit,Cash
ORD5052,2026-05-28,C0412,Karan Yadav,Office Chair,Furniture,5.0,12000.0,8500,10,Pune,Maharashtra,West,Priya,UPI
ORD5878,2026-03-22,C0463,Ravi Sharma,Desk,Furniture,4.0,9000.0,6200,5,Mumbai,Maharashtra,West,Karan,Debit Card
ORD2172,2026-01-28,C0331,Shreya Gupta,Notebook,Stationery,5.0,120.0,65,15,Bhubaneswar,Odisha,East,Sneha,Net Banking
ORD3898,2026-07-02,C0023,Priya Saxena,Pen Set,Stationery,3.0,250.0,140,5,Jaipur,Rajasthan,North,Sneha,Net Banking
ORD5727,2026-06-21,C0632,Rahul Chauhan,Headphones,Electronics,4.0,3500.0,2200,5,Gorakhpur,Uttar Pradesh,North,Amit,Debit Card
ORD2423,2026-08-22,C0402,Nisha Joshi,Printer,Electronics,6.0,16000.0,12500,0,Ahmedabad,Gujarat,West,Ravi,Debit Card
ORD3374,2026-07-19,C0024,Pooja Yadav,Monitor,Electronics,5.0,18000.0,14000,20,,Delhi,North,Ravi,Credit Card
ORD5926,2026-06-04,C0972,Amit Agarwal,Headphones,Electronics,1.0,3500.0,2200,0,Mumbai,Maharashtra,West,Sneha,Net Banking
ORD5181,2026-03-11,C0637,Simran Patel,Laptop,Electronics,1.0,55000.0,45000,0,Pune,Maharashtra,West,Sneha,Net Banking
ORD2465,2026-04-02,C0079,Amit Chauhan,Desk,Furniture,6.0,9000.0,6200,20,Hyderabad,Telangana,South,Sneha,Net Banking
ORD1875,2026-04-05,C0870,Pooja Singh,Notebook,Stationery,1.0,120.0,65,0,Gorakhpur,Uttar Pradesh,North,Amit,Cash
ORD3298,2026-08-22,C0866,Arjun Verma,Keyboard,Electronics,5.0,1800.0,1100,5,Kolkata,West Bengal,East,Priya,UPI
ORD4540,2026-01-17,C0267,Priya Sharma,Keyboard,Electronics,2.0,1800.0,1100,0,Lucknow,Uttar Pradesh,North,Priya,Debit Card
ORD5367,2026-02-11,C0367,Aditya Yadav,Headphones,Electronics,4.0,3500.0,2200,20,Bhubaneswar,Odisha,East,Sneha,Debit Card
ORD2252,2026-07-11,C0877,Sneha Patel,Laptop,Electronics,1.0,55000.0,45000,0,Jaipur,Rajasthan,North,Ravi,Credit Card
ORD3381,2026-06-15,C0441,Manish Patel,Office Chair,Furniture,4.0,12000.0,8500,20,Chennai,Tamil Nadu,South,Karan,Debit Card
ORD1841,2026-06-22,C0172,Meera Tiwari,Smartphone,Electronics,2.0,28000.0,22000,20,Delhi,Delhi,North,Neha,Credit Card
ORD4115,2026-02-28,C0741,Shreya Gupta,Printer,Electronics,2.0,16000.0,12500,5,Bhubaneswar,Odisha,East,Neha,Net Banking
ORD1582,2026-04-17,C0243,Arjun Mishra,Desk,Furniture,4.0,9000.0,6200,0,Ahmedabad,Gujarat,West,Amit,UPI
ORD1205,2026-03-22,C0738,Karan Verma,Headphones,Electronics,6.0,3500.0,2200,0,Delhi,Delhi,North,Karan,Cash
ORD2642,2026-04-16,C0695,Manish Tiwari,Laptop,Electronics,6.0,55000.0,45000,15,Mumbai,Maharashtra,West,Sneha,Credit Card
ORD3015,2026-07-13,C0413,Meera Joshi,Smartphone,Electronics,1.0,28000.0,22000,15,Ahmedabad,Gujarat,West,Ravi,Net Banking
ORD1906,2026-08-19,C0773,Neha Patel,Printer,Electronics,3.0,16000.0,12500,15,Pune,Maharashtra,West,Ravi,UPI
ORD1632,2026-08-14,C0979,Ravi Sharma,Monitor,Electronics,3.0,18000.0,14000,10,Hyderabad,Telangana,South,Neha,Net Banking
ORD4139,2026-07-06,C0894,Shreya Tiwari,Desk,Furniture,3.0,9000.0,6200,0,Chennai,Tamil Nadu, North ,Amit,Cash
ORD2975,2026-01-24,C0482,Manish Chauhan,Monitor,Electronics,7.0,18000.0,14000,0,Hyderabad,Telangana,South,Priya,UPI
ORD1163,2026-04-06,C0453,Manish Verma,Headphones,Electronics,7.0,3500.0,2200,0,Lucknow,Uttar Pradesh,North,Sneha,Debit Card
ORD4847,2026-05-09,C0159,Varun Yadav,Keyboard,Electronics,3.0,1800.0,1100,10,Gorakhpur,Uttar Pradesh,North,Karan,Credit Card
ORD3907,2026-07-20,C0394,Shreya Saxena,Laptop,Electronics,7.0,55000.0,45000,15,Bengaluru,Karnataka,South,Priya,Credit Card
ORD5522,2026-08-08,C0964,Vikas Mehta,Monitor,Electronics,7.0,18000.0,14000,0,Chennai,Tamil Nadu,South,Karan,Net Banking
ORD1618,2026-02-26,C0853,Karan Kumar,Desk,Furniture,4.0,9000.0,6200,10,Mumbai,Maharashtra,West,Amit,Net Banking
ORD1876,2026-01-21,C0555,Manish Mishra,Office Chair,Furniture,2.0,12000.0,8500,10,Gorakhpur,Uttar Pradesh,North,Neha,Net Banking
ORD2432,2026-01-08,C0456,Rohan Gupta,Headphones,Electronics,7.0,3500.0,2200,0,Bengaluru,Karnataka,South,Sneha,UPI
ORD1548,2026-05-24,C0134,Varun Singh,Notebook,Stationery,7.0,120.0,65,5,Pune,Maharashtra,West,Amit,Net Banking
ORD4385,2026-04-10,C0600,Amit Mishra,Printer,Electronics,6.0,16000.0,12500,10,Gorakhpur,Uttar Pradesh,North,Neha,Debit Card
ORD5573,2026-02-09,C0445,Karan Saxena,Monitor,Electronics,1.0,18000.0,14000,15,Delhi,Delhi,North,Ravi,Cash
ORD5249,2026-05-07,C0856,Amit Verma,Office Chair,Furniture,1.0,12000.0,8500,20,Bengaluru,Karnataka,South,Neha,UPI
ORD4756,2026-05-29,C0348,Nisha Singh,Headphones,Electronics,2.0,3500.0,2200,20,Ahmedabad,Gujarat,West,Amit,Credit Card
ORD3705,2026-08-08,C0909,Ravi Mehta,Pen Set,Stationery,2.0,250.0,140,10,Mumbai,Maharashtra,West,Amit,UPI
ORD3513,2026-03-04,C0090,Karan Agarwal,Monitor,Electronics,7.0,18000.0,14000,5,Delhi,Delhi,North,Ravi,Credit Card
ORD5163,2026-03-30,C0940,Vikas Mishra,Headphones,Electronics,2.0,3500.0,2200,0,Gorakhpur,Uttar Pradesh,North,Karan,Net Banking
ORD2862,2026-02-10,C0569,Nisha Chauhan,Headphones,Electronics,2.0,3500.0,2200,10,Kolkata,West Bengal,East,Priya,UPI
ORD1641,2026-07-06,C0532,Manish Chauhan,Printer,Electronics,3.0,16000.0,12500,10,Pune,Maharashtra,West,Priya,Debit Card
ORD5380,2026-01-12,C0810,Meera Tiwari,Keyboard,Electronics,4.0,1800.0,1100,15,Mumbai,Maharashtra,West,Karan,Credit Card
ORD1638,2026-08-14,C0694,Neha Mehta,Notebook,Stationery,7.0,120.0,65,0,Bhubaneswar,Odisha,East,Amit,Net Banking
ORD4820,2026-04-14,C0139,Manish Yadav,Keyboard,Electronics,1.0,1800.0,1100,5,Hyderabad,Telangana,South,Amit,Net Banking
ORD4967,2026-03-25,C0512,Vikas Mishra,Laptop,Electronics,1.0,55000.0,45000,10,Bhubaneswar,Odisha,East,Neha,Debit Card
ORD4735,2026-04-05,C0236,Simran Gupta,Office Chair,Furniture,5.0,12000.0,8500,15,Delhi,Delhi,North,Priya,UPI
ORD3097,2026-01-20,C0990,Nisha Mehta,Pen Set,Stationery,5.0,250.0,140,15,Mumbai,Maharashtra,West,Priya,Net Banking
ORD3588,2026-02-22,C0030,Aditya Saxena,Office Chair,Furniture,2.0,12000.0,8500,5,Kolkata,West Bengal,East,Sneha,
ORD5102,2026-02-25,C0188,Ravi Tiwari,Office Chair,Furniture,4.0,12000.0,8500,0,Lucknow,Uttar Pradesh,North,Neha,Cash
ORD4729,2026-01-14,C0380,Ravi Tiwari,Notebook,Stationery,7.0,120.0,65,10,Kolkata,West Bengal,East,Sneha,Net Banking
ORD3884,2026-03-14,C0992,Karan Gupta,Laptop,Electronics,3.0,55000.0,45000,20,Delhi,Delhi,North,Ravi,Cash
ORD1922,2026-05-03,C0298,Rahul Gupta,Monitor,Electronics,1.0,18000.0,14000,0,Delhi,Delhi,North,Karan,UPI
ORD1547,2026-05-31,C0197,Arjun Agarwal,Headphones,Electronics,1.0,3500.0,2200,10,Ahmedabad,Gujarat,West,Ravi,Credit Card
ORD4721,2026-07-18,C0905,Meera Gupta,Office Chair,Furniture,5.0,12000.0,8500,15,Mumbai,Maharashtra,West,Amit,Cash
ORD2901,2026-01-26,C0468,Arjun Kumar,Monitor,Electronics,6.0,18000.0,14000,5,Hyderabad,Telangana,South,Karan,Cash
ORD3029,2026-06-29,C0254,Priya Kumar,Desk,Furniture,2.0,9000.0,6200,10,Bengaluru,Karnataka,South,Priya,Cash
ORD3302,2026-03-27,C0244,Anjali Mishra,Office Chair,Furniture,2.0,12000.0,8500,20,Bengaluru,Karnataka,South,Neha,Net Banking
ORD2886,2026-07-07,C0890,Anjali Sharma,Keyboard,Electronics,7.0,1800.0,1100,20,Hyderabad,Telangana,South,Neha,UPI
ORD2643,2026-04-22,C0018,Rohan Kumar,Pen Set,Stationery,1.0,250.0,140,10,Bengaluru,Karnataka,South,Priya,Credit Card
ORD4614,2026-04-21,C0467,Kavita Singh,Laptop,Electronics,7.0,55000.0,45000,5,Kolkata,West Bengal,East,Karan,Cash
ORD5839,2026-02-03,C0808,Rohan Kumar,Laptop,Electronics,4.0,55000.0,45000,0,Chennai,Tamil Nadu,NORTH,Priya,UPI
ORD3098,2026-01-05,C0528,Nisha Saxena,Printer,Electronics,2.0,16000.0,12500,10,Chennai,Tamil Nadu,South,Ravi,Credit Card
ORD5384,2026-03-20,C0960,Anjali Mehta,Monitor,Electronics,5.0,18000.0,14000,20,Chennai,Tamil Nadu,South,Sneha,Debit Card
ORD4616,2026-05-06,C0416,Kavita Kumar,Desk,Furniture,1.0,9000.0,6200,5,Ahmedabad,Gujarat,West,Amit,UPI
ORD5521,2026-04-22,C0981,Vikas Yadav,Pen Set,Stationery,4.0,250.0,140,20,Lucknow,Uttar Pradesh,North,Sneha,Debit Card
ORD5998,2026-04-23,C0096,Rahul Yadav,Desk,Furniture,7.0,9000.0,6200,15,Kolkata,West Bengal,East,Sneha,Cash
ORD1837,2026-06-26,C0660,Simran Kumar,Keyboard,Electronics,1.0,1800.0,1100,0,Ahmedabad,Gujarat,West,Amit,UPI
ORD1602,2026-08-04,C0322,Aditya Tiwari,Headphones,Electronics,6.0,3500.0,2200,0,Mumbai,Maharashtra,West,Sneha,Credit Card
ORD3185,2026-08-22,C0237,Simran Verma,Laptop,Electronics,4.0,55000.0,45000,5,Ahmedabad,Gujarat,West,Priya,Cash
ORD4922,2026-07-28,C0564,Rohan Mehta,Keyboard,Electronics,2.0,1800.0,1100,15,Lucknow,Uttar Pradesh,North,Ravi,Cash
ORD5790,2026-03-18,C0664,Priya Sharma,Notebook,Stationery,1.0,120.0,65,10,Gorakhpur,Uttar Pradesh,North,Amit,Debit Card
ORD5334,2026-03-27,C0448,Shreya Patel,Smartphone,Electronics,6.0,28000.0,22000,5,Pune,Maharashtra,West,Neha,Cash
ORD2583,2026-01-25,C0978,Meera Patel,Office Chair,Furniture,5.0,12000.0,8500,10,Chennai,Tamil Nadu,South,Priya,Net Banking
ORD5293,2026-02-21,C0977,Shreya Agarwal,Office Chair,Furniture,1.0,,8500,5,Delhi,Delhi,North,Priya,Credit Card
ORD3570,2026-08-09,C0996,Simran Chauhan,Smartphone,Electronics,4.0,28000.0,22000,10,Lucknow,Uttar Pradesh,North,Sneha,Cash
ORD3766,2026-01-09,C0795,Sneha Yadav,Printer,Electronics,4.0,16000.0,12500,20,Delhi,Delhi,North,Priya,Debit Card
ORD2071,2026-04-29,C0833,Sneha Patel,Monitor,Electronics,1.0,18000.0,14000,10,Chennai,Tamil Nadu,South,Priya,Net Banking
ORD2776,2026-05-29,C0015,Rahul Yadav,Notebook,Stationery,5.0,120.0,65,10,Mumbai,Maharashtra,NORTH,Amit,Debit Card
ORD5838,2026-04-14,C0852,Varun Gupta,Printer,Electronics,3.0,16000.0,12500,0,Chennai,Tamil Nadu,South,Karan,Net Banking
ORD2284,2026-07-03,C0744,Varun Mishra,Printer,Electronics,4.0,16000.0,12500,15,Ahmedabad,Gujarat,West,Sneha,Credit Card
ORD4095,2026-07-05,C0165,Rahul Mishra,Office Chair,Furniture,1.0,12000.0,8500,20,Lucknow,Uttar Pradesh,North,Priya,Debit Card
ORD5783,2026-07-24,C0786,Sneha Sharma,Headphones,Electronics,4.0,3500.0,2200,20,Jaipur,Rajasthan,North,Neha,UPI
ORD2837,2026-05-17,C0409,Kavita Agarwal,Desk,Furniture,2.0,9000.0,6200,10,Jaipur,Rajasthan,North,Priya,Net Banking
ORD5504,2026-07-27,C0210,Rahul Sharma,Keyboard,Electronics,1.0,1800.0,1100,20,Ahmedabad,Gujarat,West,Sneha,UPI
ORD2020,2026-03-28,C0089,Rohan Agarwal,Printer,Electronics,5.0,16000.0,12500,0,Jaipur,Rajasthan,North,Ravi,Debit Card
ORD4254,2026-06-03,C0549,Karan Mehta,Office Chair,Furniture,2.0,12000.0,8500,0,Mumbai,Maharashtra,West,Karan,Debit Card
ORD2327,2026-01-13,C0479,Anjali Verma,Smartphone,Electronics,3.0,28000.0,22000,20,Mumbai,Maharashtra,West,Priya,Debit Card
ORD1476,2026-04-01,C0663,Kavita Mehta,Keyboard,Electronics,3.0,1800.0,1100,10,Lucknow,Uttar Pradesh,North,Amit,Debit Card
ORD5611,2026-08-20,C0491,Anjali Singh,Laptop,Electronics,2.0,55000.0,45000,10,Gorakhpur,Uttar Pradesh,North,Amit,UPI
ORD2652,2026-04-16,C0545,Pooja Saxena,Pen Set,Stationery,1.0,250.0,140,15,Chennai,Tamil Nadu,South,Sneha,UPI
ORD5056,2026-05-17,C0926,Pooja Patel,Desk,Furniture,4.0,9000.0,6200,0,Bhubaneswar,Odisha,East,Karan,Credit Card
ORD5312,2026-07-10,C0475,Aditya Singh,Office Chair,Furniture,3.0,12000.0,8500,20,Mumbai,Maharashtra,West,Neha,Credit Card
ORD3649,2026-05-20,C0320,Neha Saxena,Monitor,Electronics,2.0,18000.0,14000,20,Kolkata,West Bengal,East,Amit,Net Banking
ORD5840,2026-08-19,C0402,Nisha Joshi,Smartphone,Electronics,5.0,28000.0,22000,10,Mumbai,Maharashtra, North ,Sneha,Cash
ORD5218,2026-04-20,C0342,Shreya Saxena,Laptop,Electronics,2.0,55000.0,45000,15,,Maharashtra,West,Karan,Cash
ORD2374,2026-08-02,C0331,Shreya Gupta,Notebook,Stationery,5.0,120.0,65,10,Delhi,Delhi,North,Karan,Net Banking
ORD1740,2026-03-15,C0530,Aditya Agarwal,Notebook,Stationery,1.0,120.0,65,15,Bengaluru,Karnataka,South,Karan,Debit Card
ORD5874,2026-05-22,C0729,Varun Agarwal,Keyboard,Electronics,6.0,1800.0,1100,5,Pune,Maharashtra, North ,Priya,Cash
ORD3474,2026-01-25,C0109,Ravi Verma,Notebook,Stationery,7.0,120.0,65,5,Ahmedabad,Gujarat,West,Priya,Net Banking
ORD1868,2026-07-07,C0967,Ravi Patel,Keyboard,Electronics,4.0,1800.0,1100,10,Delhi,Delhi,North,Sneha,Credit Card
ORD2141,2026-03-17,C0404,Meera Singh,Pen Set,Stationery,4.0,250.0,140,15,Chennai,Tamil Nadu,South,Ravi,Cash
ORD1998,2026-07-10,C0537,Pooja Mishra,Laptop,electronics,-3.0,55000.0,45000,15,Hyderabad,Telangana,South,Ravi,Cash
ORD2338,2026-05-02,C0762,Sneha Patel,Pen Set,Stationery,2.0,250.0,140,5,Pune,Maharashtra,West,Karan,UPI
ORD1542,2026-01-20,C0536,Rohan Saxena,Headphones,Electronics,2.0,3500.0,2200,5,Pune,Maharashtra,West,Sneha,Credit Card
ORD2100,2026-02-19,C0757,Amit Kumar,laptop,Electronics,4.0,55000.0,45000,10,Delhi,Delhi,North,Sneha,UPI
ORD2133,2026-02-14,C0065,Neha Mehta,Pen Set,Stationery,3.0,250.0,140,20,Bhubaneswar,Odisha,East,Amit,UPI
ORD5882,2026-07-01,C0861,Priya Gupta,Smartphone,Electronics,6.0,28000.0,22000,20,Lucknow,Uttar Pradesh,North,Sneha,Net Banking
ORD3756,2026-08-20,C0914,Rahul Mishra,Notebook,Stationery,3.0,120.0,65,10,Gorakhpur,Uttar Pradesh,North,Sneha,Net Banking
ORD3259,2026-06-30,C0371,Priya Verma,Pen Set,Stationery,2.0,250.0,140,5,Mumbai,Maharashtra,West,Amit,Cash
ORD5045,2026-06-15,C0882,Sneha Patel,Pen Set,Stationery,1.0,250.0,140,5,Hyderabad,Telangana,South,Neha,Credit Card
ORD1060,2026-05-04,C0685,Unknown Customer,Monitor,Electronics,2.0,18000.0,14000,20,Mumbai,Maharashtra,West,Priya,Credit Card
ORD3926,2026-07-23,C0616,Rahul Joshi,Printer,Electronics,6.0,16000.0,12500,15,Bhubaneswar,Odisha,East,Sneha,Debit Card
ORD2939,2026-08-15,C0856,Amit Verma,Smartphone,Electronics,7.0,28000.0,22000,5,Kolkata,West Bengal,East,Sneha,Cash
ORD3615,2026-06-04,C0932,Varun Agarwal,Monitor,Electronics,5.0,18000.0,14000,0,Ahmedabad,Gujarat,West,Priya,UPI
ORD5967,2026-01-06,C0772,Neha Mishra,Smartphone,Electronics,3.0,28000.0,22000,0,Pune,Maharashtra,West,Karan,Debit Card
ORD2079,2026-02-14,C0066,Amit Agarwal,Smartphone,Electronics,4.0,28000.0,22000,20,Kolkata,West Bengal,East,Sneha,Debit Card
ORD3961,2026-02-08,C0631,Nisha Joshi,Monitor,Electronics,3.0,18000.0,14000,10,Bengaluru,Karnataka,South,Ravi,Net Banking
ORD4174,2026-04-25,C0459,Amit Yadav,Pen Set,Stationery,3.0,250.0,140,20,Bhubaneswar,Odisha,East,Ravi,UPI
ORD5096,2026-03-31,C0737,Kavita Yadav,Smartphone,Electronics,3.0,28000.0,22000,5,Pune,Maharashtra,West,Priya,Net Banking
ORD1941,2026-04-27,C0716,Ravi Singh,Notebook,Stationery,1.0,120.0,65,0,Jaipur,Rajasthan,North,Sneha,Cash
ORD2081,2026-06-10,C0347,Kavita Sharma,Desk,Furniture,5.0,9000.0,6200,5,Gorakhpur,Uttar Pradesh,North,Karan,Net Banking
ORD1188,2026-07-21,C0024,Pooja Yadav,Headphones,Electronics,7.0,3500.0,2200,20,Chennai,Tamil Nadu,South,Sneha,Credit Card
ORD3674,2026-03-09,C0899,Kavita Joshi,Headphones,Electronics,5.0,3500.0,2200,0,Pune,Maharashtra,West,Neha,UPI
ORD3086,2026-04-18,C0984,Anjali Agarwal,Printer,Electronics,3.0,16000.0,12500,0,Bhubaneswar,Odisha,East,Amit,Credit Card
ORD3250,2026-05-16,C1000,Meera Chauhan,Printer,Electronics,6.0,16000.0,12500,20,Bhubaneswar,Odisha,East,Neha,Credit Card
ORD5921,2026-04-08,C0691,Rohan Singh,Pen Set,Stationery,2.0,250.0,140,15,Lucknow,Uttar Pradesh,North,Priya,UPI
ORD3024,2026-03-11,C0810,Meera Tiwari,Keyboard,Electronics,3.0,1800.0,1100,0,Bengaluru,Karnataka,South,Ravi,Cash
ORD3722,2026-06-01,C0755,Meera Chauhan,Smartphone,Electronics,1.0,28000.0,22000,15,Ahmedabad,Gujarat,West,Neha,Cash
ORD2493,2026-06-21,C0397,Anjali Sharma,Smartphone,Electronics,5.0,28000.0,22000,0,Bhubaneswar,Odisha,East,Ravi,Cash
ORD4661,2026-01-30,C0110,Arjun Yadav,Monitor,Electronics,6.0,18000.0,14000,0,Gorakhpur,Uttar Pradesh,North,Priya,Debit Card
ORD1227,2026-03-24,C0856,Amit Verma,Keyboard,Electronics,6.0,1800.0,1100,15,Kolkata,West Bengal,East,Ravi,Debit Card
ORD4353,2026-04-10,C0980,Rohan Gupta,Laptop,Electronics,5.0,55000.0,45000,0,Pune,Maharashtra,West,Karan,Cash
ORD2930,2026-07-22,C0502,Kavita Tiwari,Headphones,Electronics,6.0,3500.0,2200,20,Jaipur,Rajasthan,North,Priya,Net Banking
ORD4101,2026-03-29,C0256,Amit Kumar,Smartphone,Electronics,5.0,28000.0,22000,10,Jaipur,Rajasthan,North,Priya,Net Banking
ORD5516,2026-06-30,C0994,Priya Verma,Printer,Electronics,1.0,16000.0,12500,0,Mumbai,Maharashtra,West,Amit,UPI
ORD2405,2026-03-19,C0883,Sneha Sharma,Office Chair,Furniture,3.0,12000.0,8500,20,Gorakhpur,Uttar Pradesh,North,Neha,Net Banking
ORD3180,2026-02-11,C0166,Kavita Chauhan,Smartphone,Electronics,2.0,28000.0,22000,15,Bengaluru,Karnataka,South,Sneha,UPI
ORD1698,2026-06-29,C0982,Shreya Mishra,Headphones,Electronics,4.0,3500.0,2200,5,Jaipur,Rajasthan,North,Sneha,Cash
ORD2125,2026-07-23,C0800,Amit Saxena,Office Chair,Furniture,1.0,12000.0,8500,5,Bengaluru,Karnataka,South,Ravi,Cash
ORD3837,2026-06-21,C0585,Shreya Joshi,Laptop,Electronics,5.0,55000.0,45000,5,Jaipur,Rajasthan,North,Sneha,UPI
ORD4397,2026-07-11,C0589,Vikas Gupta,Printer,Electronics,1.0,16000.0,12500,0,Lucknow,Uttar Pradesh,North,Sneha,Debit Card
ORD2779,2026-06-06,C0739,Aditya Mishra,Office Chair,Furniture,5.0,12000.0,8500,0,Bengaluru,Karnataka,South,Ravi,UPI
ORD3901,2026-01-11,C0189,Arjun Gupta,Monitor,Electronics,6.0,18000.0,14000,15,Bhubaneswar,Odisha,East,Karan,Net Banking
ORD2038,2026-01-09,C0786,Sneha Sharma,Pen Set,Stationery,2.0,250.0,140,0,Pune,Maharashtra,West,Sneha,Net Banking
ORD5201,2026-03-28,C0865,Manish Singh,Headphones,Electronics,6.0,3500.0,2200,20,Lucknow,Uttar Pradesh,North,Priya,Credit Card
ORD3257,2026-07-08,C0141,Anjali Mishra,Notebook,Stationery,5.0,120.0,65,5,Lucknow,Uttar Pradesh,North,Ravi,Credit Card
ORD1314,2026-07-24,C0016,Manish Singh,laptop,Electronics,4.0,16000.0,12500,15,Bengaluru,Karnataka,South,Ravi,Cash
ORD3282,2026-04-20,C0450,Karan Joshi,Printer,Electronics,5.0,16000.0,12500,10,Pune,Maharashtra,West,Amit,Credit Card
ORD2417,2026-07-22,C0987,Manish Mishra,Notebook,Stationery,3.0,120.0,65,15,Pune,Maharashtra,West,Priya,Cash
ORD2037,2026-04-17,C0140,Arjun Tiwari,Pen Set,electronics,2.0,250.0,140,5,Bhubaneswar,Odisha,East,Amit,Credit Card
ORD3160,2026-04-17,C0935,Arjun Verma,Monitor,Electronics,6.0,18000.0,14000,5,Jaipur,Rajasthan,North,Neha,Cash
ORD5558,2026-01-27,C0132,Meera Mehta,Laptop,Electronics,3.0,55000.0,45000,15,Kolkata,West Bengal,East,Neha,Cash
ORD2755,2026-01-05,C0744,Varun Mishra,Headphones,Electronics,1.0,3500.0,2200,0,,Telangana,South,Priya,UPI
ORD4159,2026-07-09,C0590,Shreya Gupta,Notebook,Stationery,6.0,120.0,65,20,Bhubaneswar,Odisha,East,Priya,UPI
ORD4863,2026-06-14,C0115,Rahul Verma,Monitor,Electronics,3.0,18000.0,14000,5,Ahmedabad,Gujarat,West,Sneha,Credit Card
ORD4612,2026-02-07,C0487,Aditya Mishra,Desk,Furniture,5.0,9000.0,6200,10,Bhubaneswar,Odisha,East,Karan,Cash
ORD5855,2026-03-17,C0499,Kavita Yadav,Smartphone,Electronics,1.0,28000.0,22000,5,Jaipur,Rajasthan,North,Karan,Cash
ORD4468,2026-02-07,C0201,Priya Mehta,Notebook,Stationery,4.0,120.0,65,0,Chennai,Tamil Nadu,South,Sneha,UPI
ORD4482,2026-03-08,C0291,Aditya Joshi,Keyboard,Electronics,3.0,1800.0,1100,10,Jaipur,Rajasthan,North,Neha,Net Banking
ORD2507,2026-01-25,C0845,Kavita Mishra,Printer,Electronics,6.0,16000.0,12500,5,Jaipur,Rajasthan,North,Sneha,Cash
ORD2924,2026-03-03,C0922,Varun Patel,Pen Set,Stationery,2.0,250.0,140,15,Kolkata,West Bengal,East,Sneha,Credit Card
ORD1449,2026-03-29,C0281,Rahul Saxena,Desk,Furniture,3.0,9000.0,6200,0,Hyderabad,Telangana,South,Sneha,Credit Card
ORD3477,2026-05-19,C0235,Manish Agarwal,Headphones,Electronics,5.0,3500.0,2200,5,Chennai,Tamil Nadu,South,Sneha,Debit Card
ORD5291,2026-08-12,C0604,Rahul Kumar,Laptop,Electronics,6.0,55000.0,45000,10,Ahmedabad,Gujarat,West,Priya,Credit Card
ORD6000,2026-04-06,C0985,Arjun Saxena,Office Chair,Furniture,1.0,12000.0,8500,10,Kolkata,West Bengal,East,Ravi,Debit Card
ORD3601,2026-04-09,C0389,Shreya Patel,Notebook,Stationery,2.0,120.0,65,10,Mumbai,Maharashtra,West,Karan,Credit Card
ORD1362,2026-02-10,C0740,Shreya Singh,Monitor,Electronics,4.0,18000.0,14000,15,Hyderabad,Telangana,South,Sneha,Debit Card
ORD3184,2026-01-01,C0640,Manish Yadav,Headphones,Electronics,2.0,3500.0,2200,5,Bengaluru,Karnataka,South,Priya,Debit Card
ORD2135,2026-07-09,C0800,Amit Saxena,Notebook,Stationery,4.0,120.0,65,5,Pune,Maharashtra,West,Karan,UPI
ORD4937,2026-07-10,C0238,Aditya Sharma,Monitor,Electronics,5.0,18000.0,14000,20,Bhubaneswar,Odisha,East,Amit,UPI
ORD3156,2026-06-28,C0731,Arjun Sharma,Office Chair,ELECTRONICS,1.0,12000.0,8500,20,Lucknow,Uttar Pradesh,North,Karan,Cash
ORD2831,2026-07-22,C0401,Simran Saxena,Keyboard,Electronics,7.0,1800.0,1100,10,Delhi,Delhi,North,Ravi,Debit Card
ORD2054,2026-05-15,C0139,Manish Yadav,Headphones,Electronics,7.0,3500.0,2200,10,Chennai,Tamil Nadu,South,Ravi,Debit Card
ORD3461,2026-08-21,C0242,Amit Saxena,Monitor,Electronics,4.0,,14000,10,Delhi,Delhi,North,Sneha,Credit Card
ORD1023,2026-03-12,C0360,Shreya Gupta,Smartphone,Electronics,6.0,28000.0,22000,15,Delhi,Delhi,North,Sneha,Cash
ORD3067,2026-02-21,C0504,Karan Verma,Laptop,Electronics,7.0,55000.0,45000,5,Lucknow,Uttar Pradesh,North,Neha,Credit Card
ORD2654,2026-04-04,C0950,Simran Mehta,Printer,Electronics,1.0,16000.0,12500,10,Ahmedabad,Gujarat,West,Ravi,Cash
ORD4622,2026-01-13,C0060,,Laptop,Electronics,3.0,55000.0,45000,5,Chennai,Tamil Nadu,South,Amit,Debit Card
ORD4259,2026-02-27,C0502,Kavita Tiwari,Pen Set,Stationery,1.0,250.0,140,0,Delhi,Delhi,North,Sneha,UPI
ORD5669,2026-04-05,C0197,Arjun Agarwal,Laptop,Electronics,4.0,55000.0,45000,10,Chennai,Tamil Nadu,South,Priya,UPI
ORD5094,2026-03-19,C0691,Rohan Singh,Smartphone,Electronics,2.0,28000.0,22000,0,Mumbai,Maharashtra,West,Neha,Cash
ORD3469,2026-05-28,C0823,Meera Mehta,Laptop,Electronics,5.0,55000.0,45000,20,Kolkata,West Bengal,East,Sneha,Net Banking
ORD3326,2026-02-01,C0505,Kavita Agarwal,Laptop,Electronics,7.0,55000.0,45000,15,Jaipur,Rajasthan, North ,Ravi,UPI
ORD1461,2026-06-07,C0546,Arjun Mehta,Headphones,Electronics,3.0,3500.0,2200,20,Kolkata,West Bengal,East,Neha,Debit Card
ORD2068,2026-04-21,C0878,Nisha Kumar,Notebook,Stationery,5.0,120.0,65,0,Lucknow,Uttar Pradesh,North,Sneha,Net Banking
ORD1088,2026-03-09,C0535,Varun Kumar,Office Chair,Furniture,4.0,12000.0,8500,5,Mumbai,Maharashtra,West,Sneha,Cash
ORD2431,2026-04-06,C0845,Kavita Mishra,Smartphone,Electronics,3.0,28000.0,22000,0,Ahmedabad,Gujarat,West,Karan,Credit Card
ORD3687,2026-03-24,C0814,Manish Sharma,Keyboard,Electronics,3.0,1800.0,1100,10,Chennai,Tamil Nadu,South,Karan,Credit Card
ORD1283,2026-04-11,C0123,Kavita Patel,Notebook,Stationery,1.0,120.0,65,0,Mumbai,Maharashtra,West,Ravi,UPI
ORD3484,2026-06-02,C0344,Rohan Gupta,Smartphone,Electronics,3.0,28000.0,22000,5,Jaipur,Rajasthan,North,Ravi,Credit Card
ORD1463,2026-05-21,C0984,Anjali Agarwal,Printer,Electronics,6.0,16000.0,12500,10,Ahmedabad,Gujarat,West,Neha,Credit Card
ORD1213,2026-03-10,C0797,Meera Verma,Pen Set,Stationery,7.0,250.0,140,20,Mumbai,Maharashtra,West,Karan,Net Banking
ORD3535,2026-03-30,C0797,Meera Verma,Office Chair,Furniture,1.0,12000.0,8500,0,Kolkata,West Bengal,East,Karan,Credit Card
ORD2369,2026-05-08,C0527,Ravi Verma,Monitor, Electronics ,5.0,18000.0,14000,0,Kolkata,West Bengal,East,Karan,Cash
ORD1235,2026-08-19,C1000,Meera Chauhan,Notebook,Stationery,6.0,120.0,65,20,Bengaluru,Karnataka,South,Priya,Credit Card
ORD3811,2026-05-27,C0818,Manish Yadav,Smartphone,Electronics,3.0,28000.0,22000,20,Lucknow,Uttar Pradesh,North,Sneha,Debit Card
ORD1598,2026-02-25,C0021,Kavita Gupta,Office Chair,Furniture,3.0,12000.0,8500,0,Bhubaneswar,Odisha,East,Ravi,Cash
ORD5447,2026-03-27,C0949,Varun Tiwari,Office Chair,Furniture,2.0,12000.0,8500,0,Chennai,Tamil Nadu,South,Amit,Net Banking
ORD3251,2026-04-13,C0479,Anjali Verma,Headphones,Electronics,2.0,3500.0,2200,20,Mumbai,Maharashtra,West,Amit,Debit Card
ORD5089,2026-01-16,C0726,Meera Kumar,Smartphone,Electronics,5.0,28000.0,22000,15,Delhi,Delhi,North,Ravi,UPI
ORD3284,2026-08-18,C0606,Rohan Patel,Office Chair,Furniture,5.0,12000.0,8500,5,Jaipur,Rajasthan,North,Ravi,Credit Card
ORD1663,2026-04-24,C0958,Priya Chauhan,Office Chair,Furniture,3.0,12000.0,8500,0,Gorakhpur,Uttar Pradesh,North,Karan,UPI
ORD5994,2026-03-21,C0176,Varun Sharma,Pen Set,Stationery,7.0,250.0,140,15,Kolkata,West Bengal,East,Neha,UPI
ORD3286,2026-01-22,C0765,Arjun Patel,Smartphone,Electronics,2.0,28000.0,22000,0,Kolkata,West Bengal,East,Ravi,Credit Card
ORD5886,2026-03-19,C0134,Varun Singh,Printer,Electronics,3.0,16000.0,12500,0,Mumbai,Maharashtra,West,Karan,Credit Card
ORD4241,2026-05-09,C0665,Sneha Kumar,Smartphone,Electronics,6.0,28000.0,22000,0,Hyderabad,Telangana,South,Priya,Debit Card
ORD5007,2026-01-03,C0644,Rohan Saxena,Monitor,Electronics,5.0,18000.0,14000,0,Bengaluru,Karnataka,South,Neha,Debit Card
ORD4483,2026-05-12,C0505,Kavita Agarwal,Pen Set,Stationery,6.0,250.0,140,0,Ahmedabad,Gujarat,West,Neha,Debit Card
ORD1780,2026-03-17,C0714,Simran Kumar,Headphones,Electronics,3.0,3500.0,2200,10,Delhi,Delhi,North,Neha,Cash
ORD4427,2026-07-31,C0022,Kavita Tiwari,Monitor,Electronics,1.0,18000.0,14000,20,Pune,Maharashtra,West,Priya,Credit Card
ORD5131,2026-03-22,C0456,Rohan Gupta,Office Chair,Furniture,6.0,12000.0,8500,15,Mumbai,Maharashtra,West,Ravi,Debit Card
ORD5053,2026-02-17,C0712,Kavita Yadav,Office Chair,Furniture,2.0,12000.0,8500,10,Pune,Maharashtra,West,Karan,Cash
ORD4245,2026-02-22,C0333,Aditya Tiwari,Keyboard,Electronics,1.0,1800.0,1100,20,Bhubaneswar,Odisha,East,Priya,Credit Card
ORD5865,2026-01-27,C0927,Nisha Sharma,Monitor,Electronics,5.0,18000.0,14000,15,Hyderabad,Telangana,South,Neha,Credit Card
ORD1686,2026-07-20,C0903,Kavita Singh,Monitor,Electronics,3.0,18000.0,14000,5,Ahmedabad,Gujarat,West,Amit,Net Banking
ORD4788,2026-02-14,C0180,Vikas Gupta,Laptop,Electronics,3.0,55000.0,45000,0,Delhi,Delhi,North,Priya,Credit Card
ORD3788,2026-08-20,C0107,Varun Yadav,laptop,Electronics,7.0,3500.0,2200,0,Gorakhpur,Uttar Pradesh,North,Ravi,Debit Card
ORD4485,2026-04-22,C0515,Manish Singh,Smartphone,Electronics,3.0,28000.0,22000,10,Kolkata,West Bengal,East,Priya,Cash
ORD3172,2026-04-13,C0098,Manish Gupta,Desk,Furniture,5.0,9000.0,6200,15,Kolkata,West Bengal,East,Neha,UPI
ORD3707,2026-04-04,C0128,Aditya Verma,Monitor,Electronics,2.0,18000.0,14000,10,Chennai,Tamil Nadu,South,Sneha,Cash
ORD2851,2026-03-15,C0145,Anjali Tiwari,Smartphone,Electronics,6.0,28000.0,22000,0,Kolkata,West Bengal,East,Neha,Net Banking
ORD1488,2026-05-31,C0199,Aditya Mishra,Smartphone,Electronics,5.0,28000.0,22000,15,Ahmedabad,Gujarat,West,Neha,Credit Card
ORD2689,2026-04-02,C0685,Ravi Verma, LAPTOP ,Furniture,5.0,9000.0,6200,0,Lucknow,Uttar Pradesh,north,Ravi,Debit Card
ORD3231,2026-02-18,C0713,,Laptop,Electronics,7.0,55000.0,45000,5,Ahmedabad,Gujarat,West,Sneha,Debit Card
ORD4313,2026-06-16,C0698,Meera Saxena,Laptop,Electronics,6.0,55000.0,45000,0,Pune,Maharashtra,West,Karan,Net Banking
ORD3321,2026-03-24,C0058,Manish Sharma,Keyboard,Electronics,6.0,1800.0,1100,0,Hyderabad,Telangana,South,Neha,UPI
ORD1783,2026-01-14,C0118,Meera Yadav,Desk,Furniture,1.0,9000.0,6200,15,,Gujarat,West,Ravi,UPI
ORD1522,2026-06-16,C0016,Manish Singh,Printer,Electronics,2.0,16000.0,12500,5,Chennai,Tamil Nadu,South,Karan,Debit Card
ORD1523,2026-04-18,C0025,Ravi Saxena,Headphones,Electronics,1.0,3500.0,2200,0,Bhubaneswar,Odisha,East,Sneha,UPI
ORD3880,2026-03-14,C0149,Vikas Agarwal,Smartphone,Electronics,7.0,28000.0,22000,20,Hyderabad,Telangana,South,Amit,Cash
ORD5010,2026-06-02,C0738,Karan Verma,Laptop ,Electronics,3.0,3500.0,2200,15,Gorakhpur,Uttar Pradesh,North,Ravi,Credit Card
ORD3399,2026-07-25,C0413,Meera Joshi,Headphones,Electronics,3.0,3500.0,2200,20,Delhi,Delhi,North,Neha,Net Banking
ORD3208,2026-03-14,C0164,Anjali Singh,Monitor,Electronics,1.0,18000.0,14000,10,Gorakhpur,Uttar Pradesh,North,Priya,UPI
ORD4530,2026-08-04,C0692,Simran Joshi,Notebook,Stationery,1.0,120.0,65,10,Delhi,Delhi,North,Amit,UPI
ORD4605,2026-01-02,C0922,Varun Patel,Headphones,Electronics,2.0,3500.0,2200,20,Mumbai,Maharashtra,West,Sneha,Net Banking
ORD5786,2026-07-09,C0240,Neha Mehta,Smartphone,Electronics,4.0,28000.0,22000,20,Lucknow,Uttar Pradesh,North,Neha,Cash
ORD3986,2026-08-24,C0730,Aditya Mishra,Smartphone,Electronics,3.0,28000.0,22000,5,Delhi,Delhi,North,Karan,Credit Card
ORD2512,2026-07-31,C0116,Vikas Mehta,Keyboard,Electronics,3.0,1800.0,1100,5,Delhi,Delhi,North,Amit,Net Banking
ORD2883,2026-03-08,C0369,Aditya Mishra,Office Chair,Furniture,4.0,12000.0,8500,20,Bengaluru,Karnataka,South,Ravi,UPI
ORD1652,2026-04-10,C0860,Nisha Saxena,Notebook,Stationery,2.0,120.0,65,0,Lucknow,Uttar Pradesh,North,Neha,Credit Card
ORD3828,2026-04-15,C0583,Rahul Patel,Pen Set,Stationery,7.0,250.0,140,15,Gorakhpur,Uttar Pradesh,North,Amit,Net Banking
ORD4135,2026-07-21,C0015,Rahul Yadav,Headphones,Electronics,1.0,3500.0,2200,20,Pune,Maharashtra,West,Neha,UPI
ORD1370,2026-06-25,C0052,Priya Joshi,Desk,Furniture,1.0,9000.0,6200,0,Gorakhpur,Uttar Pradesh,North,Priya,Cash
ORD3679,2026-03-24,C0561,Rohan Verma,Headphones,Electronics,7.0,3500.0,2200,5,Kolkata,West Bengal,East,Neha,Cash
ORD1119,2026-05-09,C0470,Karan Chauhan,Laptop,Electronics,1.0,55000.0,45000,10,Chennai,Tamil Nadu,South,Karan,Net Banking
ORD5821,2026-02-07,C0721,Kavita Joshi,Monitor,Electronics,6.0,18000.0,14000,10,Delhi,Delhi,North,Karan,Net Banking
ORD4079,2026-01-12,C0959,Rahul Mishra,Notebook,Stationery,7.0,120.0,65,0,Kolkata,West Bengal,East,Karan,Credit Card
ORD3217,2026-06-09,C0392,Manish Yadav,Headphones,Electronics,1.0,3500.0,2200,0,Hyderabad,Telangana,north,Ravi,Net Banking
ORD4976,2026-05-05,C0069,Nisha Sharma,Headphones,Electronics,5.0,3500.0,2200,10,Kolkata,West Bengal,East,Ravi,Cash
ORD2614,2026-02-22,C0496,Pooja Yadav,Headphones,Electronics,4.0,3500.0,2200,5,Pune,Maharashtra,West,Priya,Credit Card
ORD3956,2026-03-23,C0933,Meera Mishra,Office Chair,Furniture,2.0,12000.0,8500,10,Bhubaneswar,Odisha,East,Karan,Net Banking
ORD1963,2026-07-02,C0557,Shreya Agarwal,Printer,Electronics,2.0,16000.0,12500,15,Kolkata,West Bengal,East,Karan,Debit Card
ORD3511,2026-01-07,C0148,Pooja Singh,Office Chair,Furniture,2.0,12000.0,8500,20,Hyderabad,Telangana,South,Ravi,Debit Card
ORD4600,2026-08-24,C0560,Neha Mishra,Monitor,Electronics,5.0,18000.0,14000,10,Hyderabad,Telangana,South,Sneha,Debit Card
ORD4667,2026-08-13,C0022,Kavita Tiwari,Keyboard,Electronics,6.0,1800.0,1100,0,Mumbai,Maharashtra,West,Sneha,UPI
ORD5072,2026-07-03,C0249,Priya Singh,Smartphone,Electronics,4.0,28000.0,22000,20,Bhubaneswar,Odisha,NORTH,Ravi,Debit Card
ORD4077,2026-08-11,C0131,Rahul Saxena,Headphones,Electronics,6.0,3500.0,2200,10,Hyderabad,Telangana,South,Amit,Net Banking
ORD3416,2026-02-04,C0031,Ravi Mishra,Keyboard,Electronics,6.0,1800.0,1100,20,Lucknow,Uttar Pradesh,North,Amit,UPI
ORD5682,2026-03-17,C0695,,Smartphone,Electronics,6.0,28000.0,22000,0,Mumbai,Maharashtra,West,Ravi,
ORD5263,2026-02-09,C0732,Amit Chauhan,Notebook,Stationery,6.0,120.0,65,10,Delhi,Delhi,North,Neha,Debit Card
ORD3186,2026-05-12,C0357,Amit Tiwari,Notebook,Stationery,7.0,120.0,65,10,Lucknow,Uttar Pradesh,North,Ravi,Debit Card
ORD4979,2026-08-14,C0247,Rahul Kumar,Pen Set,Stationery,4.0,250.0,140,15,Mumbai,Maharashtra,West,Karan,Net Banking
ORD3038,2026-03-31,C0527,Ravi Verma,Notebook,Stationery,2.0,120.0,65,15,Lucknow,Uttar Pradesh,North,Ravi,UPI
ORD5288,2026-01-13,C0899,Kavita Joshi,Office Chair,Furniture,1.0,12000.0,8500,5,Bengaluru,Karnataka,South,Neha,Credit Card
ORD1773,2026-06-10,C0347,,Office Chair,Furniture,5.0,12000.0,8500,10,Chennai,Tamil Nadu,South,Sneha,UPI
ORD2285,2026-07-20,C0557,Shreya Agarwal,Monitor,Electronics,1.0,18000.0,14000,0,Chennai,Tamil Nadu,South,Sneha,Debit Card
ORD5631,2026-07-16,C0982,Shreya Mishra,Office Chair,Furniture,5.0,12000.0,8500,15,Gorakhpur,Uttar Pradesh,North,Ravi,
ORD5766,2026-06-30,C0601,Shreya Gupta,Printer,Electronics,5.0,16000.0,12500,20,Pune,Maharashtra,West,Ravi,Debit Card
ORD5603,2026-01-16,C0494,Karan Sharma,Monitor,Electronics,7.0,18000.0,14000,0,Chennai,Tamil Nadu,South,Ravi,Credit Card
ORD2415,2026-03-24,C0214,Sneha Chauhan,Notebook,Stationery,4.0,120.0,65,0,Pune,Maharashtra,West,Neha,UPI
ORD2235,2026-01-29,C0364,Priya Tiwari,Keyboard,Electronics,7.0,1800.0,1100,0,Jaipur,Rajasthan,North,Karan,Net Banking
ORD4913,2026-08-01,C0760,Arjun Gupta,Laptop,Electronics,7.0,55000.0,45000,5,Bengaluru,Karnataka,South,Priya,Cash
ORD1436,2026-04-29,C0459,Amit Yadav,Notebook,Stationery,2.0,120.0,65,20,Bhubaneswar,Odisha,East,Priya,Cash
ORD2675,2026-05-24,C0748,Varun Mehta,Office Chair,Furniture,7.0,12000.0,8500,20,Bengaluru,Karnataka,South,Neha,Debit Card
ORD1366,2026-07-18,C0274,Shreya Gupta,Office Chair,Furniture,3.0,12000.0,8500,20,Jaipur,Rajasthan,North,Neha,Debit Card
ORD3689,2026-04-06,C0597,Kavita Singh,Pen Set,Stationery,5.0,250.0,140,15,Bhubaneswar,Odisha,East,Priya,UPI
ORD1232,2026-04-22,C0078,Anjali Mishra,Pen Set,ELECTRONICS,5.0,250.0,140,10,Delhi,Delhi,North,Ravi,Debit Card
ORD5294,2026-05-12,C0499,Kavita Yadav,Notebook,Stationery,4.0,120.0,65,5,Pune,Maharashtra,West,Karan,Credit Card
ORD1148,2026-02-09,C0779,Shreya Kumar,Printer,Electronics,2.0,16000.0,12500,20,Delhi,Delhi,North,Neha,Credit Card
ORD5426,2026-03-12,C0690,Rohan Verma,Smartphone,Electronics,6.0,28000.0,22000,15,Chennai,Tamil Nadu,South,Karan,Cash
ORD1408,2026-06-27,C0341,Pooja Mehta,Pen Set,Stationery,7.0,250.0,140,15,Mumbai,Maharashtra, North ,Sneha,Cash
ORD3091,2026-06-26,C0185,Anjali Verma,Pen Set,Stationery,7.0,250.0,140,20,Pune,Maharashtra,West,Neha,Net Banking
ORD1087,2026-08-13,C0302,Anjali Singh,Printer,Electronics,2.0,16000.0,12500,15,Chennai,Tamil Nadu,South,Ravi,Net Banking
ORD1845,2026-07-28,C0227,Aditya Singh,Monitor,Electronics,2.0,18000.0,14000,10,Gorakhpur,Uttar Pradesh,North,Karan,Net Banking
ORD2032,2026-04-21,C0427,Ravi Joshi,Keyboard,Electronics,5.0,1800.0,1100,0,Ahmedabad,Gujarat,West,Amit,Net Banking
ORD4857,2026-06-19,C0668,Neha Agarwal,Notebook,Stationery,5.0,120.0,65,10,Ahmedabad,Gujarat, North ,Ravi,Debit Card
ORD4250,2026-03-25,C0379,Anjali Agarwal,Notebook,Stationery,7.0,120.0,65,15,Jaipur,Rajasthan,North,Amit,UPI
ORD3765,2026-05-06,C0009,Rohan Yadav,Printer,Electronics,4.0,16000.0,12500,15,Pune,Maharashtra,West,Priya,Net Banking
ORD4278,2026-04-25,C0088,Aditya Yadav,Office Chair,Furniture,2.0,12000.0,8500,0,Gorakhpur,Uttar Pradesh,North,Neha,Debit Card
ORD3698,2026-05-27,C0929,Kavita Patel,Monitor,Electronics,5.0,18000.0,14000,5,Lucknow,Uttar Pradesh,North,Ravi,Credit Card
ORD1856,2026-08-08,C0428,Anjali Saxena,Desk,Furniture,4.0,9000.0,6200,5,Jaipur,Rajasthan,North,Sneha,Cash
ORD1079,2026-03-11,C0910,Rahul Agarwal,Laptop,Electronics,5.0,55000.0,45000,5,Bengaluru,Karnataka,South,Sneha,Net Banking
ORD3248,2026-06-24,C0804,Arjun Agarwal,Smartphone,ELECTRONICS,4.0,28000.0,22000,0,Pune,Maharashtra,West,Karan,Debit Card
ORD5597,2026-07-25,C0803,Kavita Mishra,Laptop,Electronics,6.0,55000.0,45000,10,Hyderabad,Telangana,South,Priya,Credit Card
ORD4711,2026-05-22,C0455,Rahul Yadav,Pen Set,Stationery,2.0,250.0,140,20,Bengaluru,Karnataka,South,Amit,Debit Card
ORD3955,2026-03-26,C0075,Shreya Yadav,Keyboard,Electronics,4.0,1800.0,1100,10,Hyderabad,Telangana,South,Karan,Net Banking
ORD3952,2026-07-05,C0793,Ravi Joshi,Keyboard,Electronics,3.0,1800.0,1100,0,Mumbai,Maharashtra,West,Neha,Cash
ORD3280,2026-06-13,C0656,Rohan Singh,Notebook,Stationery,1.0,120.0,65,10,Chennai,Tamil Nadu,South,Neha,UPI
ORD5036,2026-06-06,C0316,Pooja Patel,Monitor,Electronics,1.0,18000.0,14000,20,Kolkata,West Bengal,East,Sneha,Cash
ORD5185,2026-05-05,C0288,Neha Chauhan,Pen Set,Stationery,6.0,250.0,140,10,Kolkata,West Bengal,East,Karan,Debit Card
ORD4927,2026-03-28,C0316,Pooja Patel,Laptop,Electronics,1.0,"₹55,000",45000,10,Chennai,Tamil Nadu,South,Priya,Credit Card
ORD4479,2026-07-15,C0996,Simran Chauhan,Keyboard,Electronics,3.0,1800.0,1100,0,Hyderabad,Telangana,South,Priya,Credit Card
ORD3177,2026-04-28,C0934,Simran Singh,Desk,Furniture,1.0,9000.0,6200,5,Lucknow,Uttar Pradesh,North,Ravi,Cash
ORD1425,2026-04-07,C0822,Meera Agarwal,Printer,Electronics,3.0,16000.0,12500,5,Hyderabad,Telangana,South,Priya,Credit Card
ORD1393,2026-05-24,C0449,,Headphones,Electronics,5.0,3500.0,2200,10,Bhubaneswar,Odisha,East,Karan,UPI
ORD5758,2026-07-13,C0683,Meera Verma,Printer,Electronics,6.0,16000.0,12500,20,Bengaluru,Karnataka,South,Ravi,Cash
ORD4516,2026-01-03,C0451,Sneha Sharma,Smartphone,Electronics,4.0,28000.0,22000,20,Mumbai,Maharashtra,West,Sneha,UPI
ORD1105,2026-02-28,C0682,Arjun Agarwal,Keyboard,Electronics,7.0,1800.0,1100,5,Delhi,Delhi,North,Amit,Debit Card
ORD4016,2026-02-09,C0752,Manish Saxena,Monitor,Electronics,6.0,18000.0,14000,20,Jaipur,Rajasthan,North,Priya,UPI
ORD3610,2026-03-20,C0938,Ravi Chauhan,Monitor,Electronics,3.0,18000.0,14000,0,Mumbai,Maharashtra,West,Sneha,Credit Card
ORD4183,2026-02-03,C0768,Anjali Chauhan,Headphones,Electronics,4.0,3500.0,2200,5,Delhi,Delhi,North,Karan,Net Banking
ORD3851,2026-07-27,C0464,Meera Patel,Keyboard,Electronics,6.0,1800.0,1100,5,Mumbai,Maharashtra,West,Amit,Debit Card
ORD2949,2026-03-16,C0281,Rahul Saxena,Notebook,Stationery,1.0,120.0,65,10,Ahmedabad,Gujarat,West,Neha,Cash
ORD2460,2026-01-02,C0471,Nisha Chauhan,Office Chair,Furniture,6.0,12000.0,8500,0,Pune,Maharashtra,West,Karan,Cash
ORD4306,2026-08-25,C0598,Anjali Patel,Notebook,Stationery,3.0,120.0,65,0,Gorakhpur,Uttar Pradesh,North,Sneha,Net Banking
ORD4099,2026-06-07,C0754,Kavita Sharma,Smartphone,ELECTRONICS,2.0,28000.0,22000,5,Ahmedabad,Gujarat,West,Amit,Credit Card
ORD4553,2026-02-19,C0732,Amit Chauhan,Monitor,Electronics,3.0,18000.0,14000,5,Lucknow,Uttar Pradesh,North,Amit,Credit Card
ORD5819,2026-02-20,C0802,Neha Singh,Printer,Electronics,3.0,16000.0,12500,20,Mumbai,Maharashtra,West,Karan,Credit Card
ORD2588,2026-06-23,C0163,Karan Sharma,Laptop,Electronics,3.0,55000.0,45000,0,Bhubaneswar,Odisha,East,Amit,Debit Card
ORD5652,2026-01-04,C0035,Nisha Yadav,Desk,Furniture,3.0,9000.0,6200,5,Lucknow,Uttar Pradesh,North,Priya,Net Banking
ORD2732,2026-02-08,C0050,Aditya Agarwal,Notebook,Stationery,7.0,120.0,65,15,Jaipur,Rajasthan,North,Ravi,UPI
ORD5794,2026-06-17,C0303,Rohan Chauhan,Office Chair,Furniture,5.0,12000.0,8500,10,Gorakhpur,Uttar Pradesh,North,Priya,Debit Card
ORD4768,2026-07-17,C0299,Rahul Saxena,Smartphone,Electronics,4.0,28000.0,22000,10,Hyderabad,Telangana,South,Amit,Debit Card
ORD5287,2026-06-30,C0178,Aditya Verma,Notebook,Stationery,7.0,120.0,65,5,Mumbai,Maharashtra,West,Karan,Credit Card
ORD2792,2026-06-11,C0587,Meera Mishra,Printer,Electronics,7.0,16000.0,12500,20,Bengaluru,Karnataka,South,Sneha,UPI
ORD3356,2026-06-20,C0936,Priya Verma,Office Chair,Furniture,7.0,12000.0,8500,0,Delhi,Delhi,North,Karan,UPI
ORD2941,2026-04-17,C0479,Anjali Verma,Printer,Electronics,5.0,16000.0,12500,15,Gorakhpur,Uttar Pradesh,North,Priya,Net Banking
ORD1703,2026-01-01,C0085,Shreya Gupta,Keyboard,Electronics,5.0,1800.0,1100,20,Bengaluru,Karnataka,South,Neha,Cash
ORD3443,2026-03-24,C0685,Ravi Verma,Pen Set,Stationery,2.0,250.0,140,10,Delhi,Delhi,North,Ravi,UPI
ORD3856,2026-07-15,C0849,Vikas Kumar,Notebook,Stationery,4.0,120.0,65,10,Bhubaneswar,Odisha,East,Amit,Cash
ORD1497,2026-08-06,C0098,Manish Gupta,Office Chair,Furniture,2.0,12000.0,8500,20,Bengaluru,Karnataka,South,Sneha,Net Banking
ORD1465,2026-05-30,C0834,Aditya Verma,Desk,Furniture,2.0,9000.0,6200,20,Pune,Maharashtra,West,Karan,UPI
ORD3727,2026-03-31,C0500,Sneha Agarwal,Headphones,Electronics,4.0,3500.0,2200,0,Ahmedabad,Gujarat,West,Karan,Credit Card
ORD5360,2026-06-11,C0770,Kavita Mehta,Keyboard,Electronics,2.0,1800.0,1100,5,Bhubaneswar,Odisha, North ,Priya,Cash
ORD1173,2026-01-31,C0381,Shreya Singh,Headphones,Electronics,5.0,3500.0,2200,10,Gorakhpur,Uttar Pradesh,North,Priya,Credit Card
ORD4624,2026-02-09,C0630,Aditya Agarwal,Keyboard,Electronics,3.0,1800.0,1100,20,Gorakhpur,Uttar Pradesh,North,Karan,Credit Card
ORD5826,2026-06-22,C0790,Pooja Sharma,Monitor,Electronics,,18000.0,14000,20,Pune,Maharashtra,West,Priya,UPI
ORD3541,2026-07-09,C0388,Sneha Joshi,Notebook,Stationery,7.0,120.0,65,15,Delhi,Delhi, North ,Sneha,UPI
ORD5023,2026-04-15,C0685,Ravi Verma,Keyboard,Electronics,3.0,1800.0,1100,15,Ahmedabad,Gujarat,West,Priya,Net Banking
ORD5531,2026-01-13,C0532,Manish Chauhan,Office Chair,Furniture,2.0,12000.0,8500,20,Bhubaneswar,Odisha,East,Karan,Cash
ORD3261,2026-05-28,C0955,Nisha Joshi,Pen Set,Stationery,1.0,250.0,140,15,Bengaluru,Karnataka,South,Amit,Net Banking
ORD3113,2026-07-04,C0830,Manish Yadav,Headphones,Electronics,3.0,3500.0,2200,0,Bhubaneswar,Odisha,East,Neha,Debit Card
ORD1901,2026-04-18,C0530,Aditya Agarwal,Printer,Electronics,1.0,16000.0,12500,10,Mumbai,Maharashtra,West,Neha,Cash
ORD2447,2026-02-25,C0150,Meera Yadav,Desk,Furniture,5.0,9000.0,6200,10,Ahmedabad,Gujarat,West,Sneha,Debit Card
ORD5485,2026-07-17,C0704,Pooja Joshi,Office Chair,Furniture,4.0,12000.0,8500,0,Bengaluru,Karnataka,South,Neha,UPI
ORD1742,2026-07-17,C0697,Rahul Yadav,Printer,Electronics,6.0,16000.0,12500,20,Pune,Maharashtra,West,Neha,Credit Card
ORD3294,2026-04-24,C0023,Priya Saxena,Keyboard,Electronics,4.0,1800.0,1100,15,Kolkata,West Bengal,East,Karan,Net Banking
ORD3453,2026-07-26,C0055,,Printer,Electronics,6.0,16000.0,12500,10,Ahmedabad,Gujarat,West,Karan,Credit Card
ORD5629,2026-01-01,C0624,Rohan Tiwari,Desk,Furniture,5.0,9000.0,6200,0,Pune,Maharashtra,West,Amit,Credit Card
ORD5113,2026-08-10,C0375,Simran Agarwal,Notebook,Stationery,1.0,120.0,65,10,Jaipur,Rajasthan,North,Neha,Cash
ORD2207,2026-04-03,C0160,Sneha Chauhan,Headphones,Electronics,5.0,3500.0,2200,5,Gorakhpur,Uttar Pradesh,North,Karan,Net Banking
ORD1510,2026-01-06,C0742,Aditya Chauhan,Keyboard,Electronics,4.0,1800.0,1100,0,Pune,Maharashtra,West,Ravi,Net Banking
ORD5180,2026-01-19,C0397,Anjali Sharma,Keyboard,Electronics,4.0,1800.0,1100,5,Chennai,Tamil Nadu,South,Sneha,Cash
ORD3660,2026-05-29,C0883,Sneha Sharma,Office Chair,Furniture,,12000.0,8500,10,Hyderabad,Telangana,South,Ravi,Debit Card
ORD3844,2026-06-21,C0428,Anjali Saxena,Desk,Furniture,4.0,9000.0,6200,5,Jaipur,Rajasthan,North,Ravi,Cash
ORD4363,2026-05-16,C0938,Ravi Chauhan,Keyboard,Electronics,5.0,1800.0,1100,10,Delhi,Delhi,North,Amit,Net Banking
ORD2550,2026-03-06,C0210,,Desk,Furniture,5.0,9000.0,6200,20,Bengaluru,Karnataka,South,Karan,UPI
ORD5970,2026-02-14,C0861,Priya Gupta,Desk,Furniture,7.0,9000.0,6200,20,Lucknow,Uttar Pradesh,North,Sneha,Cash
ORD3203,2026-01-12,C0984,Anjali Agarwal,Smartphone,Electronics,1.0,28000.0,22000,15,Mumbai,Maharashtra,West,Karan,Cash
ORD3567,2026-03-16,C0978,Meera Patel,Desk,Furniture,3.0,9000.0,6200,20,Lucknow,Uttar Pradesh,North,Neha,UPI
ORD3719,2026-03-02,C0723,Karan Sharma,Printer,Electronics,5.0,16000.0,12500,0,Hyderabad,Telangana,South,Priya,Cash
ORD3045,2026-01-29,C0851,Neha Mehta,Office Chair,Furniture,2.0,12000.0,8500,0,Delhi,Delhi,North,Priya,UPI
ORD1768,2026-07-08,C0968,Shreya Sharma,Headphones,Electronics,5.0,3500.0,2200,10,Jaipur,Rajasthan,North,Karan,UPI
ORD5903,2026-06-16,C0915,Rohan Yadav,Notebook,Stationery,7.0,120.0,65,20,Bhubaneswar,Odisha,East,Ravi,UPI
ORD4793,2026-06-18,C0579,Sneha Patel,Keyboard,Electronics,5.0,1800.0,1100,0,Pune,Maharashtra,West,Neha,Cash
ORD1422,2026-05-11,C0846,Rohan Joshi,Printer,Electronics,3.0,16000.0,12500,0,Gorakhpur,Uttar Pradesh,North,Priya,Cash
ORD1124,2026-03-20,C0623,Manish Saxena,Headphones,Electronics,7.0,3500.0,2200,0,Chennai,Tamil Nadu,South,Amit,Credit Card
ORD5188,2026-08-23,C0307,Priya Gupta,Headphones,Electronics,2.0,3500.0,2200,5,Jaipur,Rajasthan,North,Sneha,Net Banking
ORD5879,2026-02-09,C0994,Priya Verma,Notebook,Stationery,3.0,120.0,65,10,Pune,Maharashtra,West,Karan,Net Banking
ORD1820,2026-05-31,C0971,Rahul Joshi,Headphones,Electronics,7.0,3500.0,2200,0,Bhubaneswar,Odisha,East,Ravi,UPI
ORD2404,2026-02-09,C0882,Sneha Patel,Office Chair,Furniture,2.0,12000.0,8500,15,Bengaluru,Karnataka,South,Ravi,Net Banking
ORD2383,2026-01-07,C0945,Vikas Mishra,Printer,Electronics,6.0,16000.0,12500,0,Chennai,Tamil Nadu,South,Sneha,UPI
ORD3149,2026-01-26,C0927,Nisha Sharma,Headphones,Electronics,3.0,3500.0,2200,0,Jaipur,Rajasthan,North,Priya,Debit Card
ORD2576,2026-07-05,C0771,Meera Verma,Headphones,Electronics,2.0,3500.0,2200,20,Hyderabad,Telangana,South,Karan,UPI
ORD2639,2026-02-23,C0022,Kavita Tiwari,Office Chair,Furniture,3.0,12000.0,8500,5,Kolkata,West Bengal,East,Sneha,Cash
ORD2796,2026-06-25,C0087,Pooja Saxena,Desk,Furniture,4.0,9000.0,6200,10,Chennai,Tamil Nadu,South,Amit,Credit Card
ORD5845,2026-05-18,C0775,Simran Tiwari,Keyboard,Electronics,3.0,1800.0,1100,15,Ahmedabad,Gujarat,West,Karan,UPI
ORD1400,2026-05-29,C0564,Rohan Mehta,Printer,Electronics,7.0,16000.0,12500,5,Gorakhpur,Uttar Pradesh,North,Amit,Debit Card
ORD3311,2026-01-22,C0299,Rahul Saxena,Pen Set,Stationery,5.0,250.0,140,5,Lucknow,Uttar Pradesh,North,Karan,Debit Card
ORD1883,2026-03-26,C0107,Varun Yadav,Pen Set,Stationery,2.0,250.0,140,0,Bhubaneswar,Odisha,East,Ravi,Debit Card
ORD4526,2026-01-29,C0963,Simran Mehta,Monitor,Electronics,4.0,18000.0,14000,20,Jaipur,Rajasthan,North,Neha,Net Banking
ORD3940,2026-02-22,C0653,Aditya Mehta,Monitor,Electronics,4.0,18000.0,14000,0,Kolkata,West Bengal,East,Karan,UPI
ORD2353,2026-03-01,C0676,Ravi Agarwal,Desk,Furniture,,9000.0,6200,0,Lucknow,Uttar Pradesh,North,Amit,Debit Card
ORD4999,2026-08-09,C0976,Arjun Sharma,Desk,Furniture,2.0,9000.0,6200,15,Pune,Maharashtra,West,Karan,Net Banking
ORD5577,2026-02-26,C0323,Simran Joshi,Headphones,Electronics,1.0,3500.0,2200,10,Ahmedabad,Gujarat,West,Priya,UPI
ORD3131,2026-01-03,C0989,Anjali Gupta,Printer,Electronics,5.0,16000.0,12500,5,Chennai,Tamil Nadu,South,Neha,Debit Card
ORD1983,2026-08-08,C0008,Priya Kumar,Headphones,Electronics,1.0,3500.0,2200,0,Bengaluru,Karnataka,South,Ravi,Net Banking
ORD1457,2026-05-05,C0253,Aditya Sharma,Printer,Electronics,4.0,16000.0,12500,5,Delhi,Delhi,North,Ravi,UPI
ORD4867,2026-05-19,C0095,Rohan Patel,Keyboard,Electronics,2.0,1800.0,1100,10,Bhubaneswar,Odisha,East,Ravi,UPI
ORD2080,2026-05-07,C0335,Rahul Singh,Notebook,Stationery,6.0,120.0,65,10,Lucknow,Uttar Pradesh,North,Karan,UPI
ORD2951,2026-05-25,C0462,Shreya Kumar,Laptop,Electronics,2.0,55000.0,45000,5,Lucknow,Uttar Pradesh,North,Sneha,UPI
ORD5341,2026-07-28,C0474,Simran Agarwal,Smartphone,Electronics,3.0,,22000,15,Chennai,Tamil Nadu,South,Neha,Credit Card
ORD1690,2026-06-13,C0884,Priya Yadav,Smartphone,Electronics,1.0,28000.0,22000,10,Delhi,Delhi,North,Amit,UPI
ORD3430,2026-02-09,C0263,Rahul Gupta,Office Chair,Furniture,3.0,12000.0,8500,20,Jaipur,Rajasthan, North ,Amit,Debit Card
ORD1642,2026-02-14,C0707,Pooja Verma,Keyboard,Electronics,7.0,1800.0,1100,10,Bhubaneswar,Odisha,East,Amit,Debit Card
ORD3393,2026-05-11,C0743,Anjali Tiwari,Pen Set,Stationery,4.0,250.0,140,15,Ahmedabad,Gujarat,West,Priya,Cash
ORD2954,2026-04-08,C0447,Shreya Chauhan,Notebook,Stationery,4.0,120.0,65,15,Mumbai,Maharashtra,West,Amit,Credit Card
ORD3789,2026-04-23,C0117,Sneha Singh,Keyboard,Electronics,7.0,1800.0,1100,15,Mumbai,Maharashtra,West,Amit,Debit Card
ORD5032,2026-06-30,C0842,Ravi Singh,Smartphone,Electronics,6.0,28000.0,22000,0,Ahmedabad,Gujarat,West,Karan,Credit Card
ORD4486,2026-01-05,C0741,Shreya Gupta,Notebook,Stationery,6.0,120.0,65,20,Jaipur,Rajasthan,North,Sneha,UPI
ORD4387,2026-08-24,C0340,Arjun Gupta,Monitor,Electronics,3.0,18000.0,14000,0,Jaipur,Rajasthan,North,Ravi,Debit Card
ORD5796,2026-08-28,C0482,Manish Chauhan,Keyboard,Electronics,3.0,1800.0,1100,5,Jaipur,Rajasthan,North,Sneha,Net Banking
ORD5798,2026-06-19,C0716,Ravi Singh,Keyboard,Electronics,4.0,1800.0,1100,0,Lucknow,Uttar Pradesh,North,Priya,Debit Card
ORD2885,2026-02-07,C0009,Rohan Yadav,Desk,Furniture,5.0,9000.0,6200,20,Chennai,Tamil Nadu,South,Karan,Debit Card
ORD1390,2026-01-23,C0551,Priya Singh,Monitor,Electronics,5.0,18000.0,14000,0,Kolkata,West Bengal,East,Neha,Net Banking
ORD3495,2026-06-04,C0201,Priya Mehta,Laptop,Electronics,5.0,55000.0,45000,20,Bhubaneswar,Odisha,East,Karan,Cash
ORD4164,2026-07-28,C0083,Priya Saxena,Laptop,Electronics,3.0,55000.0,45000,20,Pune,Maharashtra,West,Ravi,Net Banking
ORD4124,2026-04-17,C0083,Priya Saxena,Office Chair,Furniture,1.0,12000.0,8500,15,Delhi,Delhi,North,Neha,Credit Card
ORD1846,2026-01-23,C0921,Sneha Saxena,Notebook,Stationery,1.0,120.0,65,10,Gorakhpur,Uttar Pradesh,North,Priya,Net Banking
ORD1543,2026-06-05,C0392,Manish Yadav,Laptop,Electronics,6.0,55000.0,45000,10,Chennai,Tamil Nadu,South,Sneha,Cash
ORD1092,2026-06-18,C0306,Amit Yadav,Smartphone,Electronics,2.0,28000.0,22000,20,Pune,Maharashtra,West,Karan,UPI
ORD4946,2026-06-03,C0832,Kavita Tiwari,Headphones,Electronics,4.0,3500.0,2200,0,Hyderabad,Telangana,South,Neha,Credit Card
ORD2980,2026-07-18,C0169,Kavita Agarwal,Office Chair,Furniture,7.0,12000.0,8500,15,Mumbai,Maharashtra,West,Sneha,Credit Card
ORD5483,2026-07-23,C0202,Nisha Saxena,Monitor,Electronics,1.0,18000.0,14000,0,Gorakhpur,Uttar Pradesh,North,Amit,Credit Card
ORD5706,2026-02-05,C0553,Simran Verma,Desk,Furniture,1.0,9000.0,6200,10,Chennai,Tamil Nadu,South,Priya,Cash
ORD3945,2026-04-30,C0841,Rahul Chauhan,Notebook,Stationery,7.0,120.0,65,5,Pune,Maharashtra,West,Neha,Credit Card
ORD3530,2026-03-19,C0474,Simran Agarwal,Keyboard,Electronics,3.0,1800.0,1100,15,Bengaluru,Karnataka,South,Amit,Cash
ORD2677,2026-07-19,C0047,Amit Tiwari,Printer,Electronics,4.0,16000.0,12500,0,Bengaluru,Karnataka,South,Ravi,Cash
ORD2049,2026-01-24,C0273,Meera Saxena,Notebook,Stationery,2.0,120.0,65,20,Hyderabad,Telangana,South,Amit,Cash
ORD2961,2026-06-09,C0537,Pooja Mishra,Keyboard,Electronics,5.0,1800.0,1100,0,Kolkata,West Bengal,East,Karan,Debit Card
ORD3531,2026-01-18,C0826,Kavita Joshi,Monitor,Electronics,6.0,18000.0,14000,20,Kolkata,West Bengal,East,Karan,Debit Card
ORD3823,2026-06-10,C0104,Karan Agarwal,Pen Set,Stationery,6.0,250.0,140,5,Pune,Maharashtra,West,Karan,Net Banking
ORD1238,2026-06-28,C0094,Nisha Sharma,Office Chair,Furniture,4.0,12000.0,8500,10,Chennai,Tamil Nadu,South,Sneha,Cash
ORD5721,2026-08-09,C0566,Aditya Sharma,Printer,Electronics,5.0,16000.0,12500,20,Lucknow,Uttar Pradesh,North,Amit,Debit Card
ORD4541,2026-06-14,C0547,Manish Sharma,Printer,Electronics,3.0,16000.0,12500,0,Gorakhpur,Uttar Pradesh,North,Ravi,Debit Card
ORD2134,2026-02-02,C0640,Manish Yadav,Headphones,Electronics,5.0,3500.0,2200,15,Chennai,Tamil Nadu,South,Amit,Debit Card
ORD2806,2026-08-09,C0726,Meera Kumar,Headphones,Electronics,7.0,3500.0,2200,15,Bengaluru,Karnataka,South,Sneha,Credit Card
ORD5169,2026-05-10,C0129,Ravi Kumar,Printer,Electronics,6.0,16000.0,12500,0,Gorakhpur,Uttar Pradesh,North,Neha,Cash
ORD1164,2026-01-03,C0575,Rohan Joshi,Headphones,Electronics,5.0,3500.0,2200,15,Bhubaneswar,Odisha,East,Sneha,Net Banking
ORD4545,2026-06-29,C0677,Ravi Patel,Keyboard,Electronics,1.0,1800.0,1100,5,Bengaluru,Karnataka,South,Karan,Net Banking
ORD5863,2026-05-31,C0529,Amit Mehta,Pen Set,Stationery,7.0,250.0,140,20,Mumbai,Maharashtra,West,Amit,Net Banking
ORD4394,2026-08-13,C0772,Neha Mishra,Pen Set,Stationery,6.0,250.0,140,20,Pune,Maharashtra,West,Priya,Debit Card
ORD4504,2026-02-27,C0186,Priya Gupta,Desk,Furniture,2.0,9000.0,6200,5,Gorakhpur,Uttar Pradesh,North,Karan,Debit Card
ORD4248,2026-01-11,C0895,Shreya Agarwal,Office Chair,Furniture,1.0,12000.0,8500,5,Delhi,Delhi,North,Amit,Net Banking
ORD4689,2026-04-22,C0868,Pooja Kumar,Monitor,Electronics,7.0,18000.0,14000,0,Mumbai,Maharashtra,West,Karan,Credit Card
ORD4996,2026-01-31,C0830,Manish Yadav,Printer, Electronics ,2.0,16000.0,12500,5,Hyderabad,Telangana,South,Ravi,UPI
ORD2812,2026-01-29,C0460,Arjun Saxena,Notebook,ELECTRONICS,1.0,120.0,65,5,Pune,Maharashtra,West,Neha,UPI
ORD4990,2026-07-14,C0669,Kavita Sharma,Notebook,Stationery,4.0,120.0,65,0,Lucknow,Uttar Pradesh,North,Sneha,Debit Card
ORD4576,2026-03-01,C0643,Rahul Gupta,Laptop,Electronics,7.0,55000.0,45000,0,Delhi,Delhi,North,Amit,Cash
ORD2429,2026-03-12,C0581,Pooja Joshi,Desk,Furniture,3.0,9000.0,6200,10,Jaipur,Rajasthan,North,Sneha,UPI
ORD4668,2026-07-24,C0882,Sneha Patel,Headphones,Electronics,4.0,3500.0,2200,10,Bhubaneswar,Odisha,East,Priya,UPI
ORD4249,2026-04-10,C0083,Priya Saxena,Smartphone,Electronics,4.0,28000.0,22000,5,Gorakhpur,Uttar Pradesh,North,Neha,UPI
ORD5770,2026-04-09,C0542,Arjun Gupta,Printer,Electronics,5.0,16000.0,12500,5,Mumbai,Maharashtra,West,Sneha,Credit Card
ORD5487,2026-06-18,C0219,Karan Verma,Desk,Furniture,2.0,9000.0,6200,10,Chennai,Tamil Nadu,South,Priya,Cash
ORD5677,2026-03-30,C0412,Karan Yadav,Pen Set,Stationery,2.0,250.0,140,0,Bengaluru,Karnataka,South,Sneha,Cash
ORD5308,2026-07-04,C0203,Nisha Agarwal,Smartphone,Electronics,7.0,28000.0,22000,20,Mumbai,Maharashtra,West,Sneha,Debit Card
ORD2453,2026-08-05,C0467,Kavita Singh,Monitor,Electronics,3.0,18000.0,14000,0,Gorakhpur,Uttar Pradesh,North,Amit,Net Banking
ORD1594,2026-03-22,C0593,Arjun Verma,Notebook,Stationery,5.0,120.0,65,5,,Telangana,South,Ravi,Credit Card
ORD3726,2026-08-27,C0326,Rahul Mishra,Smartphone,Electronics,1.0,28000.0,22000,0,Lucknow,Uttar Pradesh,North,Karan,UPI
ORD1042,2026-07-13,C0490,Karan Mehta,Laptop,Electronics,6.0,55000.0,45000,0,Delhi,Delhi,North,Priya,Debit Card
ORD1561,2026-08-19,C0994,Priya Verma,Pen Set,Stationery,5.0,250.0,140,5,Gorakhpur,Uttar Pradesh,North,Amit,Cash
ORD3979,2026-07-18,C0837,Shreya Chauhan,Headphones,Electronics,2.0,3500.0,2200,15,Bhubaneswar,Odisha,East,Neha,Credit Card
ORD4086,2026-06-24,C0711,,Desk,Furniture,5.0,9000.0,6200,20,Pune,Maharashtra,West,Sneha,Credit Card
ORD1244,2026-01-29,C0846,Rohan Joshi,Office Chair,electronics,1.0,12000.0,8500,10,Ahmedabad,Gujarat,West,Neha,Net Banking
ORD2340,2026-08-04,C0630,Aditya Agarwal,Smartphone,Electronics,7.0,28000.0,22000,0,Jaipur,Rajasthan,North,Amit,Net Banking
ORD3821,2026-01-16,C0789,Sneha Agarwal,Monitor,Electronics,6.0,18000.0,14000,0,Bhubaneswar,Odisha,East,Sneha,UPI
ORD4807,2026-05-24,C0857,Varun Chauhan,Notebook,Stationery,4.0,120.0,65,0,Lucknow,Uttar Pradesh,North,Priya,Cash
ORD4854,2026-05-09,C0440,Amit Yadav,Monitor,Electronics,6.0,18000.0,14000,5,Bhubaneswar,Odisha,East,Amit,Debit Card
ORD2443,2026-05-05,C0119,Amit Yadav,Office Chair,Furniture,6.0,12000.0,8500,0,Bhubaneswar,Odisha,East,Sneha,Cash
ORD1262,2026-03-12,C0312,Shreya Tiwari,Laptop,Electronics,4.0,55000.0,45000,0,Bengaluru,Karnataka,South,Ravi,Cash
ORD3805,2026-06-15,C0933,Meera Mishra,Smartphone,Electronics,3.0,28000.0,22000,15,Bhubaneswar,Odisha,East,Karan,Cash
ORD2690,2026-08-07,C0783,Vikas Saxena,Desk,Furniture,3.0,9000.0,6200,20,Lucknow,Uttar Pradesh,North,Amit,Net Banking
ORD2726,2026-06-07,C0897,Priya Singh,Pen Set,Stationery,1.0,250.0,140,0,Gorakhpur,Uttar Pradesh,North,Karan,UPI
ORD2204,2026-04-27,C0979,,Pen Set,Stationery,7.0,250.0,140,5,Bhubaneswar,Odisha,East,Priya,Cash
ORD1835,2026-06-16,C0927,Nisha Sharma,Desk,Furniture,2.0,9000.0,6200,15,Lucknow,Uttar Pradesh,North,Priya,Credit Card
ORD2867,2026-03-10,C0972,Amit Agarwal,Headphones,Electronics,7.0,3500.0,2200,0,Lucknow,Uttar Pradesh,North,Amit,Debit Card
ORD3497,2026-06-01,C0406,Aditya Kumar,Laptop,Electronics,4.0,55000.0,45000,10,Jaipur,Rajasthan,North,Sneha,Debit Card
ORD3011,2026-06-17,C0929,Kavita Patel,Printer,Electronics,3.0,16000.0,12500,5,Bhubaneswar,Odisha,East,Priya,Debit Card
ORD1341,2026-01-08,C0604,Rahul Kumar,Printer,Electronics,7.0,16000.0,12500,0,Pune,Maharashtra,West,Karan,UPI
ORD4033,2026-03-24,C0373,Rohan Saxena,Notebook,Stationery,5.0,120.0,65,10,Jaipur,Rajasthan,North,Karan,Cash
ORD2602,2026-06-14,C0899,Kavita Joshi,Laptop,Electronics,6.0,55000.0,45000,20,Mumbai,Maharashtra,West,Amit,Cash
ORD4048,2026-03-20,C0295,Kavita Gupta,Monitor,Electronics,7.0,18000.0,14000,20,Kolkata,West Bengal,East,Karan,UPI
ORD5725,2026-06-23,C0879,Pooja Gupta,Monitor,Electronics,4.0,18000.0,14000,15,Hyderabad,Telangana,South,Sneha,UPI
ORD1481,2026-05-22,C0336,Varun Mishra,Office Chair,Furniture,1.0,12000.0,8500,20,Lucknow,Uttar Pradesh,North,Karan,Net Banking
ORD5681,2026-06-12,C0547,Manish Sharma,Headphones,Electronics,3.0,3500.0,2200,15,Kolkata,West Bengal,East,Ravi,
ORD4957,2026-02-22,C0043,Manish Mishra,Office Chair,Furniture,1.0,12000.0,8500,15,Gorakhpur,Uttar Pradesh,North,Karan,Credit Card
ORD5750,2026-06-06,C0175,Pooja Chauhan,Monitor,Electronics,2.0,18000.0,14000,15,Hyderabad,Telangana,South,Karan,UPI
ORD5666,2026-08-12,C0161,Manish Agarwal,Desk,Furniture,1.0,9000.0,6200,10,Ahmedabad,Gujarat,West,Sneha,Debit Card
ORD5657,2026-08-06,C0889,Manish Tiwari,Smartphone,Electronics,4.0,28000.0,22000,15,Chennai,Tamil Nadu,South,Karan,Cash
ORD5048,2026-05-18,C0119,Amit Yadav,Notebook,Stationery,1.0,120.0,65,20,Ahmedabad,Gujarat,West,Sneha,Credit Card
ORD2767,2026-05-12,C0681,Aditya Saxena,Smartphone,Electronics,999.0,28000.0,22000,0,Pune,Maharashtra,West,Sneha,UPI
ORD5806,2026-05-28,C0282,Simran Agarwal,Office Chair,Furniture,6.0,12000.0,8500,20,Delhi,Delhi,North,Sneha,Net Banking
ORD3454,2026-04-26,C0541,Meera Tiwari,Pen Set,Stationery,5.0,250.0,140,10,Jaipur,Rajasthan,North,Ravi,Debit Card
ORD5161,2026-04-10,C0875,Pooja Agarwal,Desk,Furniture,4.0,9000.0,6200,0,Chennai,Tamil Nadu,north,Neha,Net Banking
ORD4871,2026-06-22,C0694,Neha Mehta,Office Chair,Furniture,4.0,12000.0,8500,0,Jaipur,Rajasthan,North,Neha,Cash
ORD5074,2026-07-26,C0529,Amit Mehta,Headphones,Electronics,1.0,3500.0,2200,0,Gorakhpur,Uttar Pradesh,North,Priya,Cash
ORD5705,2026-06-13,C0819,Neha Kumar,Pen Set,Stationery,1.0,250.0,140,0,Bhubaneswar,Odisha,East,Karan,Cash
ORD4734,2026-03-22,C0672,Simran Tiwari,Notebook,Stationery,2.0,120.0,65,0,Gorakhpur,Uttar Pradesh,North,Karan,UPI
ORD2272,2026-03-14,C0018,Rohan Kumar,Printer,Electronics,7.0,16000.0,12500,10,Delhi,Delhi,North,Sneha,Credit Card
ORD5020,2026-08-28,C0420,Rohan Yadav,Headphones,Electronics,3.0,3500.0,2200,10,Pune,Maharashtra,West,Neha,Credit Card
ORD5528,2026-06-17,C0767,Rohan Chauhan,Office Chair,Furniture,4.0,12000.0,8500,20,Ahmedabad,Gujarat,West,Sneha,Cash
ORD4140,2026-06-26,C0200,Manish Singh,Printer,Electronics,2.0,16000.0,12500,0,Gorakhpur,Uttar Pradesh,North,Ravi,Cash
ORD5168,2026-04-27,C0739,Aditya Mishra,Keyboard,Electronics,1.0,1800.0,1100,0,Jaipur,Rajasthan,North,Priya,Net Banking
ORD1348,2026-06-24,C0297,Anjali Mishra,Notebook,Stationery,6.0,120.0,65,0,Mumbai,Maharashtra,West,Sneha,Cash
ORD4938,2026-04-25,C0407,Ravi Joshi,Office Chair,Furniture,6.0,12000.0,8500,15,Pune,Maharashtra,West,Karan,Debit Card
ORD5651,2026-05-09,C0136,Manish Yadav,Laptop,Electronics,7.0,55000.0,45000,15,Ahmedabad,Gujarat,West,Priya,Net Banking
ORD3563,2026-01-07,C0693,Sneha Yadav,Desk,Furniture,3.0,9000.0,6200,0,Ahmedabad,Gujarat,West,Amit,Net Banking
ORD5617,2026-08-15,C0292,Amit Verma,Desk,Furniture,4.0,9000.0,6200,5,Hyderabad,Telangana,South,Karan,UPI
ORD2424,2026-12-05,C0907,Aditya Mehta,Notebook,Stationery,3.0,120.0,65,10,Bengaluru,Karnataka,South,Karan,Net Banking
ORD1657,2026-07-11,C0056,Rohan Agarwal,Pen Set,Stationery,3.0,250.0,140,15,Jaipur,Rajasthan,North,Neha,Credit Card
ORD3103,2026-06-03,C0154,Neha Patel,Printer,Electronics,4.0,"₹55,000",12500,10,Chennai,Tamil Nadu,South,Sneha,Debit Card
ORD1633,2026-05-28,C0764,Amit Agarwal,Laptop,Electronics,1.0,55000.0,45000,20,Mumbai,Maharashtra,West,Sneha,Net Banking
ORD3935,2026-02-21,C0175,Pooja Chauhan,Monitor,Electronics,1.0,18000.0,14000,15,Pune,Maharashtra,West,Ravi,UPI
ORD3494,2026-05-29,C0747,Shreya Chauhan,Desk,Furniture,5.0,9000.0,6200,20,Bhubaneswar,Odisha,East,Karan,Debit Card
ORD3666,2026-05-23,C0190,Kavita Tiwari,Keyboard,Electronics,3.0,1800.0,1100,15,Gorakhpur,Uttar Pradesh,North,Sneha,UPI
ORD4264,2026-02-12,C0822,Meera Agarwal,Notebook,Stationery,4.0,120.0,65,10,Jaipur,Rajasthan,North,Ravi,Debit Card
ORD4717,2026-04-06,C0584,Aditya Verma,Monitor,Electronics,6.0,18000.0,14000,0,Chennai,Tamil Nadu,South,Neha,Credit Card
ORD4356,2026-07-10,C0240,Neha Mehta,Notebook,Stationery,6.0,120.0,65,15,Pune,Maharashtra,West,Ravi,Net Banking
ORD5514,2026-02-11,C0093,Varun Mishra,Office Chair,Furniture,7.0,12000.0,8500,15,Lucknow,Uttar Pradesh,North,Amit,Net Banking
ORD4649,2026-05-07,C0384,Rohan Agarwal,Smartphone,Electronics,7.0,28000.0,22000,5,Bengaluru,Karnataka,South,Priya,Net Banking
ORD3501,2026-05-22,C0430,Rahul Patel,Smartphone,Electronics,2.0,28000.0,22000,10,Bengaluru,Karnataka,South,Amit,UPI
ORD2466,2026-03-12,C0864,Shreya Verma,Monitor,Electronics,4.0,18000.0,14000,5,Jaipur,Rajasthan,North,Karan,
ORD4003,2026-06-16,C0907,Aditya Mehta,Smartphone,Electronics,1.0,28000.0,22000,20,Hyderabad,Telangana,South,Priya,Credit Card
ORD1116,2026-04-01,C0077,Rahul Joshi,Notebook,Stationery,4.0,120.0,65,0,Bhubaneswar,Odisha,East,Priya,Cash
ORD2822,2026-04-04,C0834,Aditya Verma,Laptop,Electronics,3.0,55000.0,45000,10,Bengaluru,Karnataka,South,Priya,Debit Card
ORD2495,2026-08-05,C0483,Nisha Patel,Notebook,Stationery,5.0,120.0,65,20,Bengaluru,Karnataka,South,Priya,Debit Card
ORD3402,2026-05-28,C0806,Rahul Agarwal,Headphones,Electronics,7.0,3500.0,2200,20,Bhubaneswar,Odisha,East,Neha,UPI
ORD2233,2026-04-04,C0170,Rohan Yadav,Printer,Electronics,6.0,16000.0,12500,20,Mumbai,Maharashtra,West,Ravi,Net Banking
ORD3662,2026-03-05,C0660,Simran Kumar,Headphones,Electronics,5.0,3500.0,2200,0,Gorakhpur,Uttar Pradesh,North,Karan,Net Banking
ORD3993,2026-04-25,C0884,Priya Yadav,Printer,Electronics,7.0,16000.0,12500,5,Bengaluru,Karnataka,South,Ravi,UPI
ORD5600,2026-07-25,C0278,,Pen Set,Stationery,2.0,250.0,140,10,Gorakhpur,Uttar Pradesh,North,Sneha,Net Banking
ORD2154,2026-04-13,C0097,Manish Tiwari,Notebook,Stationery,5.0,120.0,65,10,Kolkata,West Bengal,East,Amit,Net Banking
ORD4905,2026-07-10,C0302,Anjali Singh,Keyboard,Electronics,6.0,1800.0,1100,0,Kolkata,West Bengal,East,Ravi,Cash
ORD1058,2026-04-30,C0478,Neha Yadav,Printer,Electronics,3.0,16000.0,12500,20,Mumbai,Maharashtra,West,Karan,UPI
ORD5370,2026-01-18,C0172,Meera Tiwari,Pen Set,Stationery,3.0,250.0,140,10,Chennai,Tamil Nadu,South,Karan,Net Banking
ORD5315,2026-05-06,C0887,Varun Singh,Printer,Electronics,4.0,16000.0,12500,0,Mumbai,Maharashtra,West,Sneha,Cash
ORD5976,2026-02-11,C0372,Rohan Joshi,Notebook,Stationery,7.0,120.0,65,5,Jaipur,Rajasthan,North,Priya,Credit Card
ORD2736,2026-07-18,C0433,Ravi Joshi,Pen Set,Stationery,6.0,250.0,140,15,Bhubaneswar,Odisha,East,Priya,Net Banking
ORD3824,2026-05-28,C0739,Aditya Mishra,Monitor,Electronics,4.0,18000.0,14000,10,Chennai,Tamil Nadu,South,Priya,Net Banking
ORD3197,2026-03-18,C0209,Amit Mishra,Monitor,Electronics,2.0,18000.0,14000,15,Gorakhpur,Uttar Pradesh,North,Priya,Credit Card
ORD4606,2026-01-27,C0282,Simran Agarwal,Headphones,Electronics,1.0,3500.0,2200,5,Gorakhpur,Uttar Pradesh,North,Sneha,Credit Card
ORD3476,2026-02-04,C0177,Karan Chauhan,Laptop,Electronics,5.0,55000.0,45000,15,Mumbai,Maharashtra,north,Sneha,Debit Card
ORD3565,2026-01-22,C0937,Ravi Saxena,Pen Set,Stationery,7.0,250.0,140,20,Gorakhpur,Uttar Pradesh,North,Ravi,Debit Card
ORD5436,2026-03-10,C0502,Kavita Tiwari,Printer,Electronics,2.0,16000.0,12500,0,Delhi,Delhi,North,Amit,Net Banking
ORD5092,2026-02-05,C0014,Aditya Singh,Pen Set,Stationery,2.0,250.0,140,20,Mumbai,Maharashtra,West,Priya,Net Banking
ORD5502,2026-01-11,C0620,Anjali Verma,Desk,Furniture,5.0,9000.0,6200,10,Kolkata,West Bengal,East,Neha,Cash
ORD1708,2026-02-16,C0433,Ravi Joshi,Monitor,Electronics,5.0,18000.0,14000,10,Delhi,Delhi,North,Neha,Net Banking
ORD5307,2026-07-05,C0670,Meera Tiwari,Office Chair,Furniture,3.0,12000.0,8500,10,Pune,Maharashtra,West,Amit,Credit Card
ORD2094,2026-07-26,C0265,Aditya Yadav,Laptop,Electronics,3.0,55000.0,45000,0,Lucknow,Uttar Pradesh,North,Ravi,Debit Card
ORD4615,2026-06-28,C0899,Kavita Joshi,Notebook,Stationery,3.0,120.0,65,20,Kolkata,West Bengal,East,Karan,UPI
ORD2377,2026-01-26,C0034,Kavita Agarwal,Notebook,Stationery,7.0,120.0,65,20,Kolkata,West Bengal,East,Ravi,Net Banking
ORD5944,2026-04-21,C0405,Sneha Mehta,Pen Set,Stationery,7.0,250.0,140,10,Hyderabad,Telangana,South,Ravi,Credit Card
ORD1073,2026-07-05,C0203,Nisha Agarwal,Printer,Electronics,7.0,16000.0,12500,15,Bengaluru,Karnataka,South,Neha,UPI
ORD2923,2026-03-14,C0137,Nisha Yadav,Smartphone,Electronics,4.0,28000.0,22000,20,Gorakhpur,Uttar Pradesh,North,Sneha,Cash
ORD4221,2026-08-05,C0851,Neha Mehta,Office Chair,Furniture,3.0,12000.0,8500,15,Delhi,Delhi,North,Karan,Net Banking
ORD2765,2026-06-22,C0575,Rohan Joshi,Monitor,Electronics,2.0,18000.0,14000,15,Gorakhpur,Uttar Pradesh,North,Neha,Cash
ORD1744,2026-04-22,C0553,Simran Verma,Monitor,Electronics,4.0,18000.0,14000,15,Pune,Maharashtra,West,Priya,Cash
ORD4231,2026-04-28,C0304,Meera Singh,Laptop,Electronics,6.0,55000.0,45000,10,Jaipur,Rajasthan,North,Ravi,Net Banking
ORD2006,2026-06-27,C0285,Aditya Chauhan,Printer,Electronics,7.0,16000.0,12500,15,Kolkata,West Bengal,East,Amit,Cash
ORD3669,2026-01-17,C0273,Meera Saxena,Headphones,Electronics,4.0,3500.0,2200,20,Lucknow,Uttar Pradesh,North,Ravi,UPI
ORD2191,2026-04-09,C0990,Nisha Mehta,Smartphone,Electronics,4.0,28000.0,22000,10,Jaipur,Rajasthan,North,Sneha,Net Banking
ORD4299,2026-01-06,C0899,Kavita Joshi,Keyboard,Electronics,7.0,1800.0,1100,20,Ahmedabad,Gujarat,West,Karan,Credit Card
ORD3602,2026-04-18,C0707,Pooja Verma,Notebook,Stationery,4.0,120.0,65,20,Bengaluru,Karnataka,South,Priya,Credit Card
ORD2126,2026-02-26,C0800,Amit Saxena,Printer,Electronics,1.0,16000.0,12500,0,Gorakhpur,Uttar Pradesh,North,Ravi,UPI
ORD2242,2026-05-14,C0771,Meera Verma,Desk,Furniture,2.0,9000.0,6200,10,Lucknow,Uttar Pradesh,North,Karan,Credit Card
ORD4134,2026-04-26,C0284,Pooja Singh,Pen Set,Stationery,2.0,250.0,140,20,Gorakhpur,Uttar Pradesh,North,Sneha,Credit Card
ORD5156,2026-04-04,C0363,Ravi Singh,Headphones,Electronics,3.0,3500.0,2200,10,Hyderabad,Telangana,South,Amit,Net Banking
ORD4493,2026-01-17,C0701,Karan Joshi,Keyboard,Electronics,7.0,1800.0,1100,15,Lucknow,Uttar Pradesh,North,Sneha,Net Banking
ORD1999,2026-05-24,C0487,Aditya Mishra,Keyboard,Electronics,6.0,1800.0,1100,15,Bhubaneswar,Odisha,East,Ravi,Net Banking
ORD5767,2026-04-13,C0618,Manish Patel,Laptop,Electronics,4.0,55000.0,45000,5,Mumbai,Maharashtra,West,Sneha,UPI
ORD3685,2026-06-22,C0794,Ravi Mishra,Headphones,ELECTRONICS,1.0,3500.0,2200,20,Lucknow,Uttar Pradesh,North,Neha,Debit Card
ORD2578,2026-05-11,C0052,Priya Joshi,Headphones,Electronics,1.0,3500.0,2200,15,Bengaluru,Karnataka,South,Karan,Cash
ORD5820,2026-04-06,C0670,Meera Tiwari,Keyboard,Electronics,5.0,1800.0,1100,10,Hyderabad,Telangana,South,Neha,Net Banking
ORD2827,2026-02-04,C0761,Sneha Verma,Desk,Furniture,1.0,9000.0,6200,0,Kolkata,West Bengal,East,Neha,Net Banking
ORD4341,2026-04-19,C0101,Ravi Yadav,Keyboard,Electronics,5.0,1800.0,1100,10,Hyderabad,Telangana,South,Ravi,UPI
ORD3903,2026-01-28,C0948,Aditya Mishra,Office Chair,Furniture,1.0,12000.0,8500,15,Kolkata,West Bengal,East,Ravi,Debit Card
ORD4627,2026-08-11,C0879,,Desk,Furniture,6.0,9000.0,6200,150,Kolkata,West Bengal,East,Amit,Net Banking
ORD1441,2026-05-18,C0716,Ravi Singh,Laptop,Electronics,1.0,55000.0,45000,20,Bhubaneswar,Odisha,East,Ravi,Cash
ORD5982,2026-04-28,C0966,Shreya Kumar,Notebook,Stationery,1.0,120.0,65,5,Kolkata,West Bengal,East,Neha,Net Banking
ORD2101,2026-01-19,C0661,Nisha Gupta,Headphones,Electronics,5.0,3500.0,2200,0,Delhi,Delhi,North,Karan,Cash
ORD5784,2026-07-19,C0439,,Smartphone,Electronics,1.0,28000.0,22000,0,Bhubaneswar,Odisha,East,Karan,Cash
ORD4104,2026-03-04,C0081,Sneha Chauhan,Laptop,Electronics,7.0,55000.0,45000,15,Pune,Maharashtra,West,Ravi,Net Banking
ORD1650,2026-03-15,C0782,Amit Tiwari,Notebook,Stationery,3.0,120.0,65,5,Pune,Maharashtra,West,Neha,UPI
ORD2547,2026-01-20,C0580,Neha Singh,Smartphone,Electronics,4.0,28000.0,22000,0,Bhubaneswar,Odisha,East,Amit,UPI
ORD5569,2026-02-23,C0122,Shreya Kumar,Desk,Furniture,7.0,9000.0,6200,15,Jaipur,Rajasthan,North,Ravi,UPI
ORD4613,2026-02-26,C0936,Priya Verma,Keyboard,Electronics,6.0,1800.0,1100,5,Jaipur,Rajasthan,North,Amit,Credit Card
ORD4211,2026-04-18,C0879,Pooja Gupta,Desk,Furniture,1.0,9000.0,6200,0,Ahmedabad,Gujarat,West,Ravi,UPI
ORD4399,2026-05-13,C0962,Pooja Joshi,Pen Set,Stationery,6.0,250.0,140,20,Pune,Maharashtra,West,Amit,Net Banking
ORD4796,2026-03-28,C0614,Varun Agarwal,Monitor,Electronics,1.0,,14000,5,Ahmedabad,Gujarat,West,Ravi,Credit Card
ORD1631,2026-06-28,C0535,Varun Kumar,Printer,Electronics,5.0,16000.0,12500,10,Mumbai,Maharashtra,West,Sneha,Cash
ORD1673,2026-03-11,C0114,Ravi Verma,Pen Set,Stationery,6.0,250.0,140,10,Delhi,Delhi,North,Sneha,Debit Card
ORD2250,2026-05-13,C0016,Manish Singh,Office Chair,Furniture,4.0,12000.0,8500,0,Jaipur,Rajasthan,North,Amit,Credit Card
ORD1483,2026-03-07,C0687,Kavita Gupta,Pen Set,Stationery,5.0,250.0,140,20,Gorakhpur,Uttar Pradesh,North,Sneha,Credit Card
ORD2585,2026-01-28,C0479,Anjali Verma,Pen Set,Stationery,1.0,250.0,140,20,Lucknow,Uttar Pradesh,North,Amit,Credit Card
ORD4120,2026-03-03,C0660,Simran Kumar,Printer,Electronics,1.0,16000.0,12500,15,Ahmedabad,Gujarat,West,Amit,Credit Card
ORD5655,2026-05-09,C0931,Aditya Singh,Monitor,Electronics,5.0,18000.0,14000,10,Ahmedabad,Gujarat,West,Sneha,UPI
ORD4083,2026-06-11,C0545,Pooja Saxena,Desk,Furniture,3.0,9000.0,6200,0,Mumbai,Maharashtra,West,Priya,Debit Card
ORD2463,2026-07-26,C0647,Anjali Verma,Keyboard,Electronics,6.0,1800.0,1100,20,Bhubaneswar,Odisha,East,Karan,Cash
ORD4986,2026-03-03,C0523,Ravi Patel,Office Chair,Furniture,5.0,12000.0,8500,10,Kolkata,West Bengal,East,Neha,Credit Card
ORD5018,2026-08-23,C0964,Vikas Mehta,Keyboard,Electronics,1.0,1800.0,1100,20,Ahmedabad,Gujarat,West,Karan,UPI
ORD3579,2026-04-30,C0391,Pooja Saxena,Desk,Furniture,1.0,9000.0,6200,15,Bhubaneswar,Odisha,East,Neha,Net Banking
ORD4856,2026-05-14,C0592,Rohan Mehta,Monitor,Electronics,6.0,18000.0,14000,20,Kolkata,West Bengal,East,Neha,Credit Card
ORD1050,2026-07-18,C0780,Sneha Verma,Headphones,Electronics,6.0,3500.0,2200,20,Ahmedabad,Gujarat,West,Ravi,Net Banking
ORD5316,2026-04-02,C0224,Sneha Agarwal,Office Chair,Furniture,1.0,12000.0,8500,0,Jaipur,Rajasthan,North,Karan,Net Banking
ORD4102,2026-05-03,C0365,Nisha Saxena,Headphones,Electronics,1.0,3500.0,2200,20,Ahmedabad,Gujarat,West,Amit,Debit Card
ORD1859,2026-06-20,C0878,Nisha Kumar,Desk,Furniture,6.0,9000.0,6200,5,Delhi,Delhi,North,Karan,UPI
ORD2073,2026-05-17,C0736,Priya Tiwari,Smartphone,Electronics,1.0,28000.0,22000,0,Chennai,Tamil Nadu,South,Sneha,Credit Card
ORD1720,2026-06-08,C0601,Shreya Gupta,Notebook,Stationery,6.0,120.0,65,10,Delhi,Delhi,North,Neha,Cash
ORD4205,2026-05-05,C0576,Varun Chauhan,Notebook,Stationery,1.0,120.0,65,20,Hyderabad,Telangana,South,Karan,UPI
ORD3632,2026-08-10,C0405,Sneha Mehta,Notebook,Stationery,1.0,120.0,65,10,Jaipur,Rajasthan,North,Neha,Credit Card
ORD5904,2026-03-01,C0530,Aditya Agarwal,Desk,Furniture,2.0,9000.0,6200,10,Bengaluru,Karnataka,South,Neha,Net Banking
ORD2661,2026-01-22,C0619,Aditya Kumar,Headphones,Electronics,5.0,3500.0,2200,15,Mumbai,Maharashtra,West,Karan,Debit Card
ORD2657,2026-02-22,C0563,Manish Saxena,Desk,Furniture,4.0,9000.0,6200,10,Chennai,Tamil Nadu,South,Priya,Credit Card
ORD3426,2026-02-11,C0848,Neha Tiwari,Laptop,Electronics,5.0,55000.0,45000,20,Chennai,Tamil Nadu,South,Priya,Credit Card
ORD4577,2026-08-27,C0364,Priya Tiwari,Headphones,Electronics,7.0,3500.0,2200,20,Hyderabad,Telangana,South,Amit,Debit Card
ORD5255,2026-05-10,C0431,Rohan Gupta,Pen Set,Stationery,3.0,250.0,140,5,Kolkata,West Bengal,East,Sneha,Credit Card
ORD4534,2026-06-05,C0142,Priya Tiwari,Pen Set,Stationery,4.0,250.0,140,0,Bengaluru,Karnataka,South,Sneha,Net Banking
ORD4358,2026-06-28,C0499,Kavita Yadav,Desk,Furniture,3.0,9000.0,6200,20,Hyderabad,Telangana,South,Ravi,Cash
ORD5503,2026-06-03,C0453,Manish Verma,Keyboard,Electronics,3.0,1800.0,1100,10,Jaipur,Rajasthan,North,Priya,Debit Card
ORD4354,2026-08-24,C0473,Aditya Singh,Laptop,Electronics,2.0,55000.0,45000,5,Hyderabad,Telangana,South,Amit,Debit Card
ORD5781,2026-08-13,C0791,Amit Chauhan,Notebook,Stationery,1.0,120.0,65,5,Bengaluru,Karnataka,South,Amit,Credit Card
ORD5152,2026-02-15,C0802,Neha Singh,Monitor,Electronics,7.0,18000.0,14000,5,Chennai,Tamil Nadu,South,Priya,Credit Card
ORD3607,2026-08-03,C0284,Pooja Singh,Laptop,Electronics,4.0,55000.0,45000,10,Ahmedabad,Gujarat,West,Karan,Net Banking
ORD2386,2026-07-07,C0689,Aditya Yadav,Monitor,Electronics,5.0,18000.0,14000,15,Ahmedabad,Gujarat,West,Karan,Cash
ORD5995,2026-01-01,C0922,Varun Patel,Office Chair,Furniture,2.0,12000.0,8500,20,Bengaluru,Karnataka,South,Neha,Credit Card
ORD2400,2026-03-13,C0422,Rohan Saxena,Keyboard,Electronics,3.0,1800.0,1100,20,Jaipur,Rajasthan,North,Ravi,Net Banking
ORD2196,2026-04-24,C0421,Priya Kumar,Laptop,Electronics,1.0,55000.0,45000,10,Kolkata,West Bengal,East,Ravi,UPI
ORD2409,2026-03-23,C0297,Anjali Mishra,Desk,Furniture,3.0,9000.0,6200,5,Bengaluru,Karnataka,South,Priya,Debit Card
ORD4880,2026-03-19,C0675,Amit Singh,Keyboard,Electronics,4.0,1800.0,1100,0,Delhi,Delhi,North,Ravi,Cash
ORD2799,2026-03-28,C0082,Amit Tiwari,Smartphone,Electronics,2.0,28000.0,22000,15,Lucknow,Uttar Pradesh,North,Ravi,Net Banking
ORD2476,2026-03-08,C0410,Sneha Joshi,Keyboard,Electronics,5.0,1800.0,1100,0,Mumbai,Maharashtra,West,Ravi,Net Banking
ORD4265,2026-03-02,C0113,Amit Verma,Headphones,Electronics,5.0,3500.0,2200,10,Delhi,Delhi,North,Sneha,UPI
ORD1036,2026-08-11,C0189,Arjun Gupta,Laptop,Electronics,7.0,55000.0,45000,5,Ahmedabad,Gujarat,West,Priya,Cash
ORD4594,2026-04-14,C0222,Rohan Patel,Laptop,Electronics,6.0,55000.0,45000,20,Bhubaneswar,Odisha,East,Priya,Cash
ORD3346,2026-04-05,C0973,Priya Yadav,Headphones,Electronics,4.0,3500.0,2200,5,Bengaluru,Karnataka,South,Sneha,UPI
ORD4366,2026-01-26,C0538,Rohan Kumar,Printer,Electronics,4.0,16000.0,12500,15,Lucknow,Uttar Pradesh,North,Sneha,Cash
ORD3360,2026-01-24,C0120,Shreya Agarwal,Notebook,Stationery,6.0,120.0,65,0,Jaipur,Rajasthan,North,Amit,Cash
ORD3207,2026-08-02,C0301,Arjun Yadav,Keyboard,Electronics,6.0,1800.0,1100,20,Gorakhpur,Uttar Pradesh,North,Neha,Credit Card
ORD4822,2026-07-07,C0242,Amit Saxena,Headphones,Electronics,2.0,3500.0,2200,20,Lucknow,Uttar Pradesh,north,Karan,UPI
ORD2287,2026-01-06,C0767,Rohan Chauhan,Notebook,Stationery,2.0,120.0,65,20,Bengaluru,Karnataka,South,Ravi,Credit Card
ORD1350,2026-08-15,C0550,Anjali Yadav,Laptop,Electronics,4.0,55000.0,45000,10,Bhubaneswar,Odisha,East,Karan,UPI
ORD3138,2026-06-01,C0559,Sneha Joshi,Keyboard,Electronics,5.0,1800.0,1100,10,Chennai,Tamil Nadu,South,Neha,Cash
ORD3692,2026-02-27,C0026,Kavita Verma,Laptop,Electronics,3.0,55000.0,45000,15,Mumbai,Maharashtra,West,Ravi,Net Banking
ORD4791,2026-04-11,C0301,Arjun Yadav,Smartphone,Electronics,7.0,28000.0,22000,0,Pune,Maharashtra,West,Amit,Credit Card
ORD5779,2026-02-09,C0653,Aditya Mehta,Smartphone,Electronics,2.0,28000.0,22000,0,Lucknow,Uttar Pradesh,North,Karan,UPI
ORD2682,2026-03-17,C0195,Shreya Agarwal,Notebook,ELECTRONICS,7.0,120.0,65,15,Lucknow,Uttar Pradesh,North,Sneha,Net Banking
ORD5079,2026-02-24,C0567,,Printer,Electronics,3.0,16000.0,12500,0,Kolkata,West Bengal,East,Neha,Credit Card
ORD2444,2026-04-29,C0277,Rohan Tiwari,Laptop,Electronics,3.0,55000.0,45000,5,Hyderabad,Telangana,South,Priya,Credit Card
ORD4292,2026-06-15,C0025,Ravi Saxena,Laptop,Electronics,6.0,55000.0,45000,20,Ahmedabad,Gujarat,West,Priya,Cash
ORD2672,2026-07-02,C0156,Karan Verma,Smartphone,Electronics,7.0,28000.0,22000,10,Gorakhpur,Uttar Pradesh,North,Karan,Net Banking
ORD4671,2026-05-02,C0002,Amit Saxena,Notebook,Stationery,1.0,120.0,65,0,Delhi,Delhi,North,Karan,UPI
ORD2180,2026-03-25,C0515,Manish Singh,Desk,Furniture,3.0,9000.0,6200,5,Chennai,Tamil Nadu,South,Amit,UPI
ORD3799,2026-03-07,C0899,Kavita Joshi,Desk,Furniture,1.0,9000.0,6200,20,Pune,Maharashtra,West,Ravi,Debit Card
ORD2693,2026-06-04,C0286,Anjali Mehta,Keyboard,Electronics,7.0,1800.0,1100,5,Pune,Maharashtra,West,Ravi,Net Banking
ORD4931,2026-08-08,C0941,Pooja Saxena,Monitor,Electronics,4.0,18000.0,14000,0,Lucknow,Uttar Pradesh,North,Amit,Cash
ORD1373,2026-07-02,C0990,Nisha Mehta,Laptop,Electronics,4.0,55000.0,45000,20,Lucknow,Uttar Pradesh,North,Neha,Debit Card
ORD4665,2026-07-17,C0188,Ravi Tiwari,Office Chair,Furniture,7.0,12000.0,8500,15,Chennai,Tamil Nadu,South,Priya,Cash
ORD2917,2026-03-26,C0832,Kavita Tiwari,Pen Set,Stationery,1.0,250.0,140,15,Lucknow,Uttar Pradesh,North,Priya,UPI
ORD2358,2026-05-16,C0928,Meera Tiwari,Monitor,Electronics,7.0,18000.0,14000,5,Bhubaneswar,Odisha,East,Priya,Net Banking
ORD2826,2026-04-28,C0636,Rohan Mehta,Printer,Electronics,7.0,16000.0,12500,0,Bhubaneswar,Odisha,East,Ravi,Credit Card
ORD1787,2026-05-25,C0702,Neha Kumar,Notebook,Stationery,6.0,120.0,65,0,Bhubaneswar,Odisha,East,Neha,Net Banking
ORD1470,2026-05-20,C0157,Manish Gupta,Monitor,Electronics,7.0,18000.0,14000,5,Jaipur,Rajasthan,North,Neha,Debit Card
ORD1141,2026-05-29,C0120,Shreya Agarwal,Monitor,Electronics,2.0,18000.0,14000,15,Ahmedabad,Gujarat,West,Amit,Credit Card
ORD1789,2026-02-24,C0832,Kavita Tiwari,Desk,Furniture,1.0,9000.0,6200,10,Kolkata,West Bengal,East,Karan,UPI
ORD1324,2026-02-03,C0183,Priya Mehta,Office Chair,Furniture,1.0,12000.0,8500,10,Delhi,Delhi,North,Amit,Cash
ORD1051,2026-04-19,C0099,Nisha Saxena,Laptop,Electronics,5.0,55000.0,45000,20,Lucknow,Uttar Pradesh,North,Neha,Net Banking
ORD1715,2026-06-19,C0979,Ravi Sharma,Keyboard,Electronics,4.0,1800.0,1100,10,Hyderabad,Telangana,NORTH,Neha,Cash
ORD5941,2026-05-08,C0766,Karan Agarwal,Pen Set,Stationery,2.0,250.0,140,5,Kolkata,West Bengal,East,Sneha,UPI
ORD3841,2026-07-12,C0639,Rahul Joshi,Headphones,Electronics,2.0,3500.0,2200,0,Pune,Maharashtra,West,Amit,Credit Card
ORD3447,2026-05-25,C0268,Shreya Singh,Notebook,Stationery,1.0,120.0,65,15,Bhubaneswar,Odisha,East,Amit,Debit Card
ORD5843,2026-05-09,C0113,Amit Verma,Monitor,Electronics,5.0,18000.0,14000,20,Lucknow,Uttar Pradesh,North,Karan,UPI
ORD5446,2026-01-09,C0381,Shreya Singh,Printer,Electronics,3.0,16000.0,12500,15,Lucknow,Uttar Pradesh,North,Priya,Credit Card
ORD5623,2026-05-21,C0991,Kavita Sharma,Desk,Furniture,3.0,9000.0,6200,20,Gorakhpur,Uttar Pradesh,North,Priya,Credit Card
ORD5757,2026-04-27,C0275,Nisha Agarwal,Notebook,Stationery,5.0,120.0,65,0,Gorakhpur,Uttar Pradesh,North,Neha,Cash
ORD3667,2026-05-23,C0701,Karan Joshi,Monitor,Electronics,2.0,18000.0,14000,0,Bhubaneswar,Odisha,East,Ravi,Net Banking
ORD1407,2026-04-02,C0583,Rahul Patel,Laptop,Electronics,2.0,55000.0,45000,10,Bengaluru,Karnataka,South,Neha,Debit Card
ORD4410,2026-01-16,C0012,Rahul Mishra,Keyboard,Electronics,5.0,1800.0,1100,20,Chennai,Tamil Nadu,South,Priya,Cash
ORD2005,2026-01-15,C0321,Manish Tiwari,Keyboard,Electronics,3.0,1800.0,1100,20,Delhi,Delhi,North,Amit,UPI
ORD4050,2026-04-24,C0304,Meera Singh,Desk,Furniture,5.0,9000.0,6200,5,Ahmedabad,Gujarat,West,Ravi,UPI
ORD1891,2026-05-01,C0325,Rohan Mishra,Keyboard,Electronics,6.0,1800.0,1100,20,Kolkata,West Bengal,East,Sneha,Cash
ORD3412,2026-08-11,C0175,Pooja Chauhan,Pen Set,Stationery,6.0,250.0,140,0,Bengaluru,Karnataka,South,Karan,Debit Card
ORD3546,2026-05-03,C0599,Karan Agarwal,Pen Set,Stationery,2.0,250.0,140,20,Bhubaneswar,Odisha,East,Priya,Debit Card
ORD5474,2026-07-04,C0858,Priya Agarwal,Office Chair,Furniture,5.0,12000.0,8500,20,Bhubaneswar,Odisha,East,Priya,Credit Card
ORD3391,2026-05-07,C0842,Ravi Singh,Printer,Electronics,5.0,16000.0,12500,15,Mumbai,Maharashtra,West,Ravi,Credit Card
ORD4997,2026-07-11,C0881,Priya Chauhan,Headphones,Electronics,3.0,3500.0,2200,15,Chennai,Tamil Nadu,South,Ravi,Debit Card
ORD1043,2026-05-14,C0004,Neha Tiwari,Laptop,Electronics,1.0,55000.0,45000,15,Bengaluru,Karnataka,South,Amit,Debit Card
ORD3831,2026-05-16,C0536,Rohan Saxena,Laptop,Electronics,3.0,55000.0,45000,0,Delhi,Delhi,North,Karan,UPI
ORD4902,2026-01-23,C0607,Manish Tiwari,Pen Set,Stationery,2.0,250.0,140,10,Chennai,Tamil Nadu,South,Neha,Credit Card
ORD1304,2026-01-05,C0358,Arjun Singh,Office Chair,Furniture,6.0,12000.0,8500,10,Jaipur,Rajasthan,North,Neha,Cash
ORD5540,2026-01-05,C0293,Arjun Chauhan,Headphones,Electronics,4.0,3500.0,2200,15,Delhi,Delhi,North,Ravi,Cash
ORD4802,2026-03-19,C0525,Meera Verma,Keyboard,Electronics,4.0,1800.0,1100,5,Ahmedabad,Gujarat,West,Ravi,Debit Card
ORD1665,2026-08-01,C0948,Aditya Mishra,Pen Set,Stationery,5.0,250.0,140,0,Gorakhpur,Uttar Pradesh,North,Neha,UPI
ORD2178,2026-02-22,C0932,,Notebook,Stationery,6.0,120.0,65,0,Bengaluru,Karnataka,South,Ravi,Net Banking
ORD3677,2026-06-12,C0874,Anjali Sharma,Headphones,Electronics,2.0,3500.0,2200,20,Mumbai,Maharashtra,West,Sneha,Debit Card
ORD2948,2026-07-18,C0286,Anjali Mehta,Keyboard,Electronics,4.0,1800.0,1100,0,Ahmedabad,Gujarat,West,Amit,Cash
ORD3502,2026-04-03,C0891,Shreya Kumar,Laptop,Electronics,3.0,55000.0,45000,20,Lucknow,Uttar Pradesh,North,Ravi,UPI
ORD2474,2026-08-17,C0812,Pooja Tiwari,Notebook,Stationery,3.0,120.0,65,15,Kolkata,West Bengal,East,Ravi,Credit Card
ORD4536,2026-03-17,C0316,,Desk,Furniture,3.0,9000.0,6200,10,Bengaluru,Karnataka,South,Karan,Net Banking
ORD5105,2026-02-06,C0550,Anjali Yadav,Desk,Furniture,5.0,9000.0,6200,5,Hyderabad,Telangana,South,Priya,Credit Card
ORD3133,2026-08-13,C0808,Rohan Kumar,Pen Set,Stationery,7.0,250.0,140,10,,Maharashtra,West,Karan,Debit Card
ORD2027,2026-02-27,C0211,Nisha Joshi,Keyboard,Electronics,2.0,1800.0,1100,10,Bengaluru,Karnataka,South,Sneha,Debit Card
ORD3990,2026-04-16,C0143,Nisha Mishra,Laptop,Electronics,7.0,55000.0,45000,5,Chennai,Tamil Nadu,South,Amit,Cash
ORD1962,2026-06-02,C0816,Ravi Singh,Laptop,Electronics,7.0,55000.0,45000,5,Mumbai,Maharashtra,West,Sneha,UPI
ORD3890,2026-06-18,C0408,Neha Saxena,Pen Set,Stationery,6.0,250.0,140,20,Chennai,Tamil Nadu,South,Priya,Credit Card
ORD5435,2026-08-13,C0854,Karan Joshi,Pen Set,Stationery,4.0,250.0,140,0,Pune,Maharashtra,West,Amit,Cash
ORD3010,2026-08-13,C0811,Varun Joshi,Printer,Electronics,4.0,16000.0,12500,5,Gorakhpur,Uttar Pradesh,North,Priya,UPI
ORD3150,2026-06-27,C0058,Manish Sharma,Headphones,Electronics,2.0,3500.0,2200,10,Bhubaneswar,Odisha,East,Neha,Debit Card
ORD4373,2026-05-26,C0973,Priya Yadav,Smartphone,Electronics,5.0,28000.0,22000,10,Kolkata,West Bengal,East,Priya,Debit Card
ORD3339,2026-05-08,C0403,Anjali Singh,Keyboard,Electronics,2.0,1800.0,1100,10,Lucknow,Uttar Pradesh,North,Amit,Debit Card
ORD4945,2026-03-08,C0917,Shreya Patel,Monitor,Electronics,2.0,18000.0,14000,20,Delhi,Delhi,North,Sneha,Net Banking
ORD1305,2026-02-22,C0855,Nisha Gupta,Keyboard,Electronics,7.0,1800.0,1100,15,Lucknow,Uttar Pradesh,North,Priya,Credit Card
ORD2441,2026-04-13,C0898,Sneha Patel,Printer,Electronics,1.0,16000.0,12500,10,Gorakhpur,Uttar Pradesh,North,Amit,Debit Card
ORD2497,2026-05-23,C0085,Shreya Gupta,Printer,Electronics,5.0,16000.0,12500,20,Kolkata,West Bengal,East,Neha,Net Banking
ORD3653,2026-01-04,C0402,Nisha Joshi,Desk,Furniture,4.0,9000.0,6200,10,Hyderabad,Telangana,South,Amit,Net Banking
ORD3876,2026-04-05,C0916,Meera Patel,Printer,Electronics,4.0,16000.0,12500,5,Bhubaneswar,Odisha,East,Priya,Net Banking
ORD1917,2026-08-03,C0549,Karan Mehta,Laptop,Electronics,7.0,55000.0,45000,15,Jaipur,Rajasthan,North,Priya,Net Banking
ORD5208,2026-05-12,C0283,Rahul Joshi,Monitor,Electronics,1.0,18000.0,14000,20,Pune,Maharashtra,West,Ravi,Debit Card
ORD5454,2026-04-13,C0407,Ravi Joshi,Printer,Electronics,6.0,16000.0,12500,15,Hyderabad,Telangana,South,Sneha,Credit Card
ORD3773,2026-03-13,C0913,Anjali Patel,Pen Set,Stationery,7.0,250.0,140,10,Chennai,Tamil Nadu,South,Priya,Debit Card
ORD2625,2026-02-19,C0646,Kavita Kumar,Notebook,Stationery,4.0,120.0,65,10,Chennai,Tamil Nadu,South,Sneha,UPI
ORD4893,2026-04-30,C0396,Karan Verma,Monitor,Electronics,7.0,18000.0,14000,15,Jaipur,Rajasthan,North,Amit,UPI
ORD1822,2026-07-08,C0261,Nisha Yadav,Laptop,Electronics,3.0,55000.0,45000,0,Pune,Maharashtra,West,Priya,Credit Card
ORD2035,2026-01-06,C0427,Ravi Joshi,Pen Set,Stationery,2.0,250.0,140,10,Lucknow,Uttar Pradesh,North,Neha,Debit Card
ORD2355,2026-06-16,C0798,Shreya Mishra,Notebook,Stationery,1.0,120.0,65,15,Kolkata,West Bengal,north,Neha,Cash
ORD5524,2026-07-27,C0705,Nisha Verma,Desk,Furniture,1.0,9000.0,6200,5,Delhi,Delhi,North,Sneha,Net Banking
ORD1851,2026-06-09,C0145,Anjali Tiwari,Monitor,Electronics,1.0,18000.0,14000,10,Gorakhpur,Uttar Pradesh,North,Sneha,Net Banking
ORD2001,2026-05-11,C0078,Anjali Mishra,Desk,Furniture,4.0,9000.0,6200,0,Bengaluru,Karnataka,north,Amit,Net Banking
ORD4428,2026-02-05,C0163,Karan Sharma,Smartphone,Electronics,4.0,28000.0,22000,20,Kolkata,West Bengal,East,Amit,Cash
ORD1019,2026-12-06,C0354,Aditya Mehta,Desk,Furniture,3.0,9000.0,6200,10,Delhi,Delhi,North,Ravi,UPI
ORD2638,2026-03-09,C0262,Rohan Singh,Keyboard,Electronics,4.0,1800.0,1100,20,Gorakhpur,Uttar Pradesh,North,Amit,Credit Card
ORD2668,2026-05-01,C0740,Shreya Singh,Smartphone,Electronics,4.0,28000.0,22000,5,Lucknow,Uttar Pradesh,North,Neha,UPI
ORD1494,2026-05-02,C0949,Varun Tiwari,Headphones,Electronics,1.0,3500.0,2200,0,Gorakhpur,Uttar Pradesh,North,Neha,Credit Card
ORD2348,2026-06-28,C0174,Ravi Mehta,Monitor,Electronics,4.0,18000.0,14000,10,Bhubaneswar,Odisha,East,Priya,UPI
ORD4019,2026-05-26,C0169,Kavita Agarwal,Notebook,Stationery,1.0,120.0,65,15,Kolkata,West Bengal,East,Priya,Debit Card
ORD4782,2026-01-11,C0707,Pooja Verma,Office Chair,Furniture,6.0,12000.0,8500,0,Kolkata,West Bengal,East,Priya,UPI
ORD4304,2026-07-10,C0087,Pooja Saxena,Smartphone,Electronics,1.0,28000.0,22000,10,Delhi,Delhi,North,Ravi,Debit Card
ORD4669,2026-06-06,C0386,Meera Singh,Printer,Electronics,6.0,16000.0,12500,20,Mumbai,Maharashtra,West,Ravi,Net Banking
ORD5455,2026-02-07,C0573,Pooja Chauhan,Printer,Electronics,,16000.0,12500,0,Mumbai,Maharashtra,West,Neha,Debit Card
ORD1688,2026-02-05,C0862,Sneha Gupta, Laptop,Electronics,5.0,18000.0,14000,15,Pune,Maharashtra,West,Sneha,Cash
ORD4786,2026-02-22,C0044,Varun Saxena,Smartphone,Electronics,3.0,28000.0,22000,5,Jaipur,Rajasthan,North,Priya,Net Banking
ORD2609,2026-04-02,C0746,Sneha Yadav,Headphones,Electronics,4.0,3500.0,2200,0,Ahmedabad,Gujarat,West,Ravi,Net Banking
ORD5117,2026-08-19,C0350,Priya Agarwal,Desk,Furniture,2.0,9000.0,6200,10,Pune,Maharashtra,West,Amit,UPI
ORD4987,2026-03-10,C0376,Nisha Chauhan,Office Chair,Furniture,7.0,12000.0,8500,0,Hyderabad,Telangana,South,Amit,Cash
ORD2010,2026-05-03,C0332,Nisha Kumar,Printer,Electronics,5.0,16000.0,12500,5,Jaipur,Rajasthan,North,Ravi,Credit Card
ORD3409,2026-03-13,C0815,Amit Gupta,Laptop,Electronics,3.0,55000.0,45000,20,Lucknow,Uttar Pradesh,North,Amit,Credit Card
ORD2093,2026-04-30,C0901,Simran Kumar,Keyboard, Electronics ,3.0,1800.0,1100,5,Bhubaneswar,Odisha,East,Sneha,Cash
ORD2328,2026-08-12,C0675,Amit Singh,Smartphone,Electronics,7.0,28000.0,22000,0,Ahmedabad,Gujarat,West,Ravi,Credit Card
ORD2678,2026-01-03,C0602,Neha Saxena,Laptop,Electronics,6.0,55000.0,45000,15,Ahmedabad,Gujarat,West,Ravi,UPI
ORD3000,2026-03-14,C0512,Vikas Mishra,Notebook,Stationery,3.0,120.0,65,10,Bhubaneswar,Odisha,East,Amit,Debit Card
ORD2311,2026-01-20,C0905,Meera Gupta,Printer,Electronics,1.0,16000.0,12500,5,Jaipur,Rajasthan,North,Neha,UPI
ORD4932,2026-07-29,C0506,Sneha Tiwari,Desk,Furniture,3.0,9000.0,6200,10,Pune,Maharashtra,West,Priya,Debit Card
ORD2988,2026-06-03,C0406,Aditya Kumar,Smartphone,Electronics,6.0,28000.0,22000,10,Bengaluru,Karnataka,South,Neha,UPI
ORD4703,2026-02-27,C0950,Simran Mehta,Desk,Furniture,4.0,9000.0,6200,15,Jaipur,Rajasthan,North,Karan,UPI
ORD1345,2026-05-17,C0181,Anjali Mishra,Desk,Furniture,3.0,9000.0,6200,5,Hyderabad,Telangana,South,Neha,Debit Card
ORD5212,2026-08-24,C0258,Manish Saxena,Keyboard,Electronics,5.0,1800.0,1100,20,Jaipur,Rajasthan,North,Neha,UPI
ORD1987,2026-07-01,C0267,Priya Sharma,Monitor,Electronics,5.0,18000.0,14000,20,Mumbai,Maharashtra,West,Priya,Cash
ORD4908,2026-02-19,C0986,Arjun Mehta,Headphones,Electronics,1.0,3500.0,2200,15,Mumbai,Maharashtra,West,Sneha,UPI
ORD4862,2026-01-26,C0045,Karan Sharma,Laptop,Electronics,4.0,55000.0,45000,0,Bengaluru,Karnataka,South,Sneha,Credit Card
ORD5339,2026-04-08,C0064,Nisha Sharma,Printer,Electronics,2.0,16000.0,12500,0,Chennai,Tamil Nadu,South,Sneha,Debit Card
ORD5060,2026-06-18,C0028,Ravi Mehta,Desk,Furniture,2.0,9000.0,6200,15,Hyderabad,Telangana,South,Priya,Cash
ORD5439,2026-05-10,C0626,Nisha Yadav,Smartphone,Electronics,2.0,28000.0,22000,20,Lucknow,Uttar Pradesh,North,Karan,UPI
ORD4075,2026-06-13,C0815,Amit Gupta,Notebook,Stationery,2.0,120.0,65,10,Chennai,Tamil Nadu,South,Amit,Debit Card
ORD2143,2026-01-16,C0846,Rohan Joshi,Office Chair,Furniture,7.0,12000.0,8500,5,Jaipur,Rajasthan,North,Amit,Debit Card
ORD3359,2026-03-27,C0230,Rohan Patel,Notebook,Stationery,5.0,120.0,65,10,Ahmedabad,Gujarat,West,Karan,Debit Card
ORD2199,2026-05-19,C0456,Rohan Gupta,Laptop,Electronics,3.0,55000.0,45000,15,Gorakhpur,Uttar Pradesh,North,Priya,Debit Card
ORD1086,2026-02-15,C0547,Manish Sharma,Notebook,Stationery,3.0,120.0,65,0,Pune,Maharashtra,West,Ravi,Debit Card
ORD2519,2026-08-04,C0166,Kavita Chauhan,Smartphone,Electronics,6.0,28000.0,22000,5,Chennai,Tamil Nadu,South,Priya,Credit Card
ORD1517,2026-06-23,C0227,Aditya Singh,Pen Set,Stationery,4.0,250.0,140,20,Delhi,Delhi,North,Karan,Net Banking
ORD2382,2026-06-17,C0928,Meera Tiwari,Monitor,Electronics,4.0,18000.0,14000,0,Gorakhpur,Uttar Pradesh,North,Priya,Credit Card
ORD3717,2026-03-06,C0420,Rohan Yadav,Office Chair,Furniture,3.0,12000.0,8500,20,Mumbai,Maharashtra,West,Ravi,UPI
ORD4130,2026-01-21,C0931,Aditya Singh,Keyboard,Electronics,2.0,1800.0,1100,0,Mumbai,Maharashtra,West,Ravi,UPI
ORD2015,2026-08-19,C0935,Arjun Verma,Office Chair,Furniture,6.0,12000.0,8500,15,Mumbai,Maharashtra,West,Karan,UPI
ORD1129,2026-01-15,C0878,Nisha Kumar,Keyboard,Electronics,3.0,1800.0,1100,15,Lucknow,Uttar Pradesh,North,Neha,Debit Card
ORD2365,2026-01-21,C0591,Vikas Verma,Headphones,Electronics,4.0,3500.0,2200,5,Delhi,Delhi,North,Priya,Cash
ORD5239,2026-06-21,C0057,Manish Mishra,Office Chair,Furniture,1.0,12000.0,8500,20,Delhi,Delhi,North,Priya,Debit Card
ORD4429,2026-05-31,C0686,Pooja Gupta,Printer,Electronics,999.0,16000.0,12500,0,Pune,Maharashtra,West,Neha,Credit Card
ORD1892,2026-03-04,C0318,Amit Tiwari,Desk,Furniture,1.0,9000.0,6200,15,Chennai,Tamil Nadu,South,Amit,Cash
ORD3794,2026-01-03,C0489,Simran Singh,Notebook,Stationery,7.0,120.0,65,10,Bengaluru,Karnataka,South,Karan,UPI
ORD5234,2026-01-01,C0288,Neha Chauhan,Pen Set,Stationery,3.0,250.0,140,20,Chennai,Tamil Nadu,South,Priya,Debit Card
ORD2360,2026-05-15,C0145,Anjali Tiwari,Office Chair,Furniture,6.0,12000.0,8500,5,Jaipur,Rajasthan,North,Sneha,Debit Card
ORD1308,2026-04-08,C0418,Priya Chauhan,Monitor,Electronics,6.0,18000.0,14000,20,Hyderabad,Telangana,South,Priya,Net Banking
ORD2662,2026-07-19,C0687,Kavita Gupta,Monitor,Electronics,7.0,18000.0,14000,20,Chennai,Tamil Nadu,South,Sneha,Debit Card
ORD3432,2026-07-28,C0967,Ravi Patel,Desk,Furniture,5.0,9000.0,6200,20,Chennai,Tamil Nadu,South,Sneha,Net Banking
ORD4991,2026-01-27,C0688,Rohan Agarwal,Desk,Furniture,6.0,9000.0,6200,15,Hyderabad,Telangana,South,Neha,UPI
ORD2318,2026-01-12,C0017,Priya Singh,Desk,Furniture,3.0,9000.0,6200,5,Chennai,Tamil Nadu,South,Neha,Cash
ORD5330,2026-01-10,C0599,Karan Agarwal,Monitor,Electronics,7.0,18000.0,14000,0,Delhi,Delhi,North,Amit,UPI
ORD3475,2026-02-17,C0541,Meera Tiwari,Office Chair,Furniture,4.0,12000.0,8500,20,Gorakhpur,Uttar Pradesh,North,Amit,Debit Card
ORD3543,2026-05-19,C0287,Karan Patel,Notebook,Stationery,7.0,120.0,65,0,Pune,Maharashtra,West,Karan,Cash
ORD2247,2026-08-14,C0790,Pooja Sharma,Smartphone,Electronics,5.0,28000.0,22000,10,Chennai,Tamil Nadu,South,Neha,Net Banking
ORD2209,2026-07-12,C0789,Sneha Agarwal,Keyboard,Electronics,6.0,1800.0,1100,5,Gorakhpur,Uttar Pradesh,North,Ravi,Net Banking
ORD1217,2026-02-10,C0223,Sneha Mishra,Desk,Furniture,4.0,9000.0,6200,15,Hyderabad,Telangana,South,Priya,Credit Card
ORD5319,2026-08-09,C0795,Sneha Yadav,Notebook,Stationery,1.0,120.0,65,20,Delhi,Delhi,North,Amit,Credit Card
ORD4108,2026-08-20,C0849,Vikas Kumar,Office Chair,Furniture,3.0,12000.0,8500,5,Lucknow,Uttar Pradesh,North,Amit,Credit Card
ORD2240,2026-02-18,C0753,Neha Sharma,Pen Set,Stationery,7.0,250.0,140,15,Bengaluru,Karnataka,South,Ravi,Net Banking
ORD3290,2026-03-21,C0408,Neha Saxena,Printer,Electronics,2.0,16000.0,12500,15,Jaipur,Rajasthan,North,Karan,Credit Card
ORD3741,2026-06-14,C0749,Priya Kumar,Desk,Furniture,3.0,9000.0,6200,5,Lucknow,Uttar Pradesh,North,Amit,Credit Card
ORD1276,2026-08-02,C0215,Nisha Chauhan,Printer,Electronics,2.0,16000.0,12500,15,Mumbai,Maharashtra,West,Priya,UPI
ORD1490,2026-02-26,C0351,Sneha Tiwari,Pen Set,Stationery,1.0,250.0,140,15,Chennai,Tamil Nadu,South,Priya,Cash
ORD2036,2026-03-09,C0653,Aditya Mehta,Laptop,Electronics,4.0,55000.0,45000,20,Gorakhpur,Uttar Pradesh,North,Sneha,Net Banking
ORD2230,2026-03-09,C0270,Pooja Verma,Desk,Furniture,5.0,9000.0,6200,20,Delhi,Delhi,North,Sneha,Cash
ORD5626,2026-03-21,C0500,Sneha Agarwal,Smartphone,Electronics,6.0,28000.0,22000,15,Ahmedabad,Gujarat,West,Sneha,Cash
ORD2009,2026-01-10,C0808,Rohan Kumar,Notebook,Stationery,3.0,120.0,65,0,Bengaluru,Karnataka,South,Ravi,Net Banking
ORD5735,2026-01-15,C0997,Simran Yadav,Printer,Electronics,6.0,16000.0,12500,10,Kolkata,West Bengal,East,Priya,Debit Card
ORD4169,2026-04-30,C0277,Rohan Tiwari,Pen Set,Stationery,5.0,250.0,140,5,Pune,Maharashtra,West,Karan,Debit Card
ORD4950,2026-02-19,C0495,Arjun Saxena,Desk,Furniture,4.0,9000.0,6200,10,Delhi,Delhi,North,Neha,Cash
ORD3533,2026-05-22,C0173,Priya Patel,Pen Set,Stationery,7.0,250.0,140,20,Kolkata,West Bengal,East,Amit,Debit Card
ORD5195,2026-03-21,C0622,Karan Verma,Headphones,Electronics,5.0,3500.0,2200,10,Bengaluru,Karnataka,South,Ravi,UPI
ORD2059,2026-01-14,C0591,Vikas Verma,Smartphone,Electronics,1.0,28000.0,22000,5,Delhi,Delhi,North,Amit,UPI
ORD3167,2026-05-12,C0544,Meera Sharma,Printer,Electronics,7.0,16000.0,12500,0,Pune,Maharashtra,West,Neha,Debit Card
ORD5125,2026-07-18,C0359,Manish Sharma,Headphones,Electronics,7.0,3500.0,2200,15,Gorakhpur,Uttar Pradesh,North,Amit,Credit Card
ORD4424,2026-04-01,C0756,Priya Mishra,Monitor,Electronics,7.0,18000.0,14000,15,Pune,Maharashtra,West,Ravi,Cash
ORD1282,2026-07-26,C0635,Meera Verma,Headphones,Electronics,2.0,3500.0,2200,5,Gorakhpur,Uttar Pradesh,North,Amit,UPI
ORD4619,2026-05-27,C0571,,Laptop,Electronics,3.0,55000.0,45000,0,Bengaluru,Karnataka,South,Sneha,UPI
ORD2317,2026-06-02,C0022,Kavita Tiwari,Monitor,Electronics,6.0,18000.0,14000,20,Chennai,Tamil Nadu,north,Neha,UPI
ORD5234,2026-01-01,C0288,Neha Chauhan,Pen Set,Stationery,3.0,250.0,140,20,Chennai,Tamil Nadu,South,Priya,Debit Card
ORD1969,2026-08-10,C0771,Meera Verma,Notebook,Stationery,7.0,120.0,65,5,Hyderabad,Telangana,South,Sneha,Net Banking
ORD4173,2026-03-05,C0541,Meera Tiwari,Smartphone,Electronics,5.0,28000.0,22000,20,Kolkata,West Bengal,East,Neha,UPI
ORD4977,2026-01-21,C0836,Karan Agarwal,Printer,Electronics,1.0,16000.0,12500,10,Lucknow,Uttar Pradesh,North,Ravi,Cash
ORD4214,2026-02-14,C0689,Aditya Yadav,Pen Set,Stationery,4.0,250.0,140,5,Hyderabad,Telangana,South,Sneha,Credit Card
ORD4572,2026-03-30,C0466,Aditya Chauhan,Smartphone,Electronics,3.0,28000.0,22000,5,Mumbai,Maharashtra,West,Neha,Net Banking
ORD1620,2026-04-14,C0614,Varun Agarwal,Office Chair,Furniture,4.0,12000.0,8500,15,Bengaluru,Karnataka,South,Neha,Cash
ORD4283,2026-06-23,C0053,Pooja Patel,Office Chair,Furniture,5.0,12000.0,8500,10,Kolkata,West Bengal,East,Karan,Debit Card
ORD2743,2026-02-05,C0123,Kavita Patel,Keyboard,Electronics,6.0,1800.0,1100,5,Kolkata,West Bengal,East,Sneha,Net Banking
ORD2391,2026-05-04,C0326,Rahul Mishra,Headphones,Electronics,3.0,3500.0,2200,10,Kolkata,West Bengal,East,Amit,Credit Card
ORD5103,2026-01-17,C0170,Rohan Yadav,Headphones,Electronics,6.0,3500.0,2200,0,Bhubaneswar,Odisha,East,Neha,UPI
ORD2848,2026-02-16,C0329,Nisha Kumar,Laptop,Electronics,7.0,55000.0,45000,5,Delhi,Delhi,North,Sneha,Net Banking
ORD2580,2026-02-10,C0126,Varun Tiwari,Pen Set,Stationery,6.0,250.0,140,5,Bengaluru,Karnataka,South,Karan,Credit Card
ORD2656,2026-04-30,C0954,Anjali Singh,Headphones,Electronics,4.0,3500.0,2200,10,Mumbai,Maharashtra,West,Karan,UPI
ORD3353,2026-04-20,C0543,Arjun Mehta,Smartphone,Electronics,6.0,28000.0,22000,5,Mumbai,Maharashtra,West,Sneha,UPI
ORD3213,2026-06-09,C0152,Priya Mehta,Headphones,Electronics,4.0,3500.0,2200,0,Bengaluru,Karnataka,South,Sneha,UPI
ORD3021,2026-05-21,C0129,Ravi Kumar,Office Chair,Furniture,1.0,12000.0,8500,0,Jaipur,Rajasthan,North,Karan,Net Banking
ORD3579,2026-04-30,C0391,Pooja Saxena,Desk,Furniture,1.0,9000.0,6200,15,Bhubaneswar,Odisha,East,Neha,Net Banking
ORD2957,2026-01-27,C0974,Amit Gupta,Printer,Electronics,3.0,16000.0,12500,15,Bengaluru,Karnataka,South,Ravi,Net Banking
ORD2308,2026-08-25,C0226,Shreya Verma,Notebook,Stationery,6.0,120.0,65,15,Mumbai,Maharashtra,West,Ravi,Cash
ORD3004,2026-02-22,C0140,Arjun Tiwari,Laptop,Electronics,6.0,55000.0,45000,20,Mumbai,Maharashtra,West,Amit,Debit Card
ORD5482,2026-08-28,C0883,Sneha Sharma,Laptop,Electronics,6.0,55000.0,45000,15,Kolkata,West Bengal,East,Ravi,Debit Card
ORD1576,2026-07-20,C0503,Rohan Verma,Laptop,Electronics,6.0,55000.0,45000,20,Lucknow,Uttar Pradesh,North,Neha,Credit Card
ORD3361,2026-07-24,C0322,Aditya Tiwari,Printer,Electronics,7.0,16000.0,12500,20,Delhi,Delhi,North,Neha,Net Banking
ORD5228,2026-06-30,C0894,Shreya Tiwari,Office Chair,Furniture,6.0,12000.0,8500,15,Pune,Maharashtra,West,Priya,Cash
ORD5463,2026-06-13,C0861,Priya Gupta,Headphones,Electronics,6.0,3500.0,2200,10,Chennai,Tamil Nadu,north,Karan,Credit Card
ORD2707,2026-04-30,C0699,Varun Sharma,Laptop,Electronics,1.0,55000.0,45000,10,Lucknow,Uttar Pradesh,North,Karan,UPI
ORD4797,2026-08-27,C0351,Sneha Tiwari,Office Chair,Furniture,3.0,12000.0,8500,20,Lucknow,Uttar Pradesh,North,Sneha,Cash
ORD5505,2026-01-13,C0992,Karan Gupta,Office Chair,Furniture,1.0,12000.0,8500,5,Bengaluru,Karnataka,South,Amit,Credit Card
ORD2281,2026-08-21,C0121,Rohan Saxena,Pen Set,Stationery,7.0,250.0,140,15,Jaipur,Rajasthan,North,Amit,Credit Card
ORD1862,2026-07-21,C0869,Karan Kumar,Office Chair,Furniture,6.0,12000.0,8500,15,Pune,Maharashtra,West,Ravi,Credit Card
ORD5744,2026-01-07,C0566,Aditya Sharma,Printer,Electronics,5.0,16000.0,12500,15,Pune,Maharashtra,West,Amit,Cash
ORD2802,2026-05-19,C0945,Vikas Mishra,Notebook,Stationery,7.0,120.0,65,5,Pune,Maharashtra,West,Sneha,UPI
ORD2629,2026-05-01,C0344,Rohan Gupta,Smartphone,Electronics,5.0,28000.0,22000,0,Bhubaneswar,Odisha,East,Amit,Debit Card
ORD2994,2026-07-29,C0428,Anjali Saxena,Printer,Electronics,1.0,16000.0,12500,5,Pune,Maharashtra,West,Sneha,UPI
ORD3640,2026-06-23,C0026,Kavita Verma,Desk,Furniture,2.0,9000.0,6200,5,Mumbai,Maharashtra,West,Neha,Credit Card
ORD1270,2026-03-08,C0023,Priya Saxena,Desk,Furniture,4.0,9000.0,6200,15,Chennai,Tamil Nadu,South,Sneha,Credit Card
ORD1630,2026-04-17,C0869,Karan Kumar,Keyboard,Electronics,1.0,1800.0,1100,15,Chennai,Tamil Nadu,South,Sneha,Debit Card
ORD4082,2026-06-25,C0605,Vikas Yadav,Monitor,Electronics,4.0,18000.0,14000,5,Ahmedabad,Gujarat,West,Priya,Credit Card
ORD3335,2026-08-24,C0076,Nisha Yadav,Smartphone,Electronics,4.0,28000.0,22000,15,Bengaluru,Karnataka,South,Priya,Debit Card
ORD3967,2026-01-20,C0015,Rahul Yadav,Monitor,Electronics,1.0,18000.0,14000,15,Jaipur,Rajasthan,North,Karan,UPI
ORD1301,2026-01-18,C0815,Amit Gupta,Notebook,Stationery,3.0,120.0,65,5,Lucknow,Uttar Pradesh,North,Karan,Debit Card
ORD1460,2026-06-02,C0834,Aditya Verma,Smartphone,Electronics,2.0,28000.0,22000,20,Chennai,Tamil Nadu,South,Neha,Debit Card
ORD2448,2026-03-31,C0188,Ravi Tiwari,Smartphone,Electronics,1.0,28000.0,22000,15,Ahmedabad,Gujarat,West,Priya,Debit Card
ORD2473,2026-05-24,C0675,Amit Singh,Smartphone,Electronics,6.0,28000.0,22000,20,Gorakhpur,Uttar Pradesh,North,Karan,Cash
ORD3047,2026-06-21,C0566,Aditya Sharma,Office Chair,Furniture,7.0,12000.0,8500,15,Bhubaneswar,Odisha,East,Ravi,Debit Card
ORD5254,2026-01-17,C0357,Amit Tiwari,Notebook,Stationery,4.0,120.0,65,10,Lucknow,Uttar Pradesh,North,Ravi,Credit Card
ORD5376,2026-02-21,C0794,Ravi Mishra,Office Chair,Furniture,7.0,12000.0,8500,10,Jaipur,Rajasthan,North,Sneha,Cash
ORD3114,2026-08-25,C0815,Amit Gupta,Laptop,Electronics,6.0,55000.0,45000,0,Gorakhpur,Uttar Pradesh,North,Neha,Debit Card
ORD1028,2026-02-19,C0480,Amit Tiwari,Desk,Furniture,5.0,9000.0,6200,10,Chennai,Tamil Nadu,South,Priya,Cash
ORD4895,2026-08-12,C0162,Varun Gupta,Printer,Electronics,3.0,16000.0,12500,0,Mumbai,Maharashtra,West,Neha,UPI
ORD5642,2026-01-01,C0872,,Notebook,Stationery,7.0,120.0,65,5,Jaipur,Rajasthan,North,Neha,Debit Card
ORD1838,2026-01-11,C0072,Aditya Sharma,Office Chair,Furniture,5.0,12000.0,8500,10,Lucknow,Uttar Pradesh,North,Priya,Cash
ORD4882,2026-02-28,C0741,Shreya Gupta,Monitor,Electronics,5.0,18000.0,14000,20,Jaipur,Rajasthan,North,Karan,Debit Card
ORD4652,2026-05-27,C0012,Rahul Mishra,Headphones,Electronics,7.0,3500.0,2200,0,Pune,Maharashtra,West,Neha,Cash
ORD3009,2026-02-07,C0321,Manish Tiwari,Notebook,Stationery,2.0,120.0,65,0,Mumbai,Maharashtra,West,Karan,Debit Card
ORD5938,2026-01-21,C0261,Nisha Yadav,Headphones,Electronics,3.0,3500.0,2200,20,Delhi,Delhi,North,Sneha,Cash
ORD1504,2026-03-22,C0196,Vikas Saxena,Smartphone,Electronics,2.0,28000.0,22000,0,Gorakhpur,Uttar Pradesh,North,Sneha,UPI
ORD4255,2026-01-19,C0058,Manish Sharma,Monitor,Electronics,3.0,18000.0,14000,15,Chennai,Tamil Nadu,South,Amit,UPI
ORD5538,2026-08-21,C0899,Kavita Joshi,Laptop,Electronics,6.0,55000.0,45000,10,,Maharashtra,West,Sneha,Debit Card
ORD1381,2026-01-25,C0206,Arjun Verma,Keyboard,Electronics,5.0,1800.0,1100,10,Gorakhpur,Uttar Pradesh,North,Neha,Debit Card
ORD2852,2026-08-27,C0489,Simran Singh,Monitor,Electronics,5.0,18000.0,14000,5,Jaipur,Rajasthan,North,Amit,Credit Card
ORD2526,2026-02-09,C0756,Priya Mishra,Notebook,Stationery,4.0,120.0,65,0,Jaipur,Rajasthan,North,Amit,Net Banking
ORD3366,2026-02-21,C0381,Shreya Singh,Keyboard,Electronics,6.0,1800.0,1100,0,Ahmedabad,Gujarat,West,Sneha,UPI
ORD4277,2026-07-13,C0489,Simran Singh,Notebook,Stationery,7.0,120.0,65,0,Chennai,Tamil Nadu,South,Priya,Credit Card
ORD4053,2026-02-20,C0621,Anjali Joshi,Printer,Electronics,2.0,16000.0,12500,0,Bhubaneswar,Odisha,East,Ravi,UPI
ORD3885,2026-07-16,C0064,Nisha Sharma,Headphones,Electronics,1.0,3500.0,2200,0,Bhubaneswar,Odisha,East,Sneha,Net Banking
ORD3341,2026-03-20,C0958,Priya Chauhan,Office Chair,Furniture,1.0,12000.0,8500,10,Gorakhpur,Uttar Pradesh,North,Sneha,Net Banking
ORD1375,2026-06-16,C0211,Nisha Joshi,Keyboard,Electronics,5.0,1800.0,1100,10,Pune,Maharashtra,West,Priya,Net Banking
ORD4309,2026-06-10,C0268,Shreya Singh,Laptop,Electronics,6.0,55000.0,45000,15,Hyderabad,Telangana,South,Neha,Credit Card
ORD3382,2026-07-02,C0599,Karan Agarwal,Notebook,Stationery,4.0,120.0,65,0,Bhubaneswar,Odisha,East,Neha,Cash
ORD5336,2026-03-25,C0873,Manish Saxena,Headphones,Electronics,5.0,3500.0,2200,0,Pune,Maharashtra,West,Karan,Net Banking
ORD1940,2026-02-20,C0789,Sneha Agarwal,Monitor,Electronics,6.0,18000.0,14000,10,Lucknow,Uttar Pradesh,North,Amit,UPI
ORD4907,2026-02-02,C0840,Shreya Chauhan,Smartphone,Electronics,3.0,28000.0,22000,0,Ahmedabad,Gujarat,West,Sneha,UPI
ORD5191,2026-04-28,C0001,Priya Gupta,Smartphone,Electronics,4.0,28000.0,22000,20,Hyderabad,Telangana,South,Priya,Cash
ORD3800,2026-06-29,C0440,Amit Yadav,Notebook,Stationery,2.0,120.0,65,0,Hyderabad,Telangana,South,Sneha,UPI
ORD3148,2026-04-06,C0386,Meera Singh,Desk,Furniture,3.0,9000.0,6200,5,Ahmedabad,Gujarat,West,Neha,UPI
ORD4873,2026-07-20,C0642,Priya Verma,Office Chair,Furniture,5.0,12000.0,8500,0,Chennai,Tamil Nadu,South,Priya,Debit Card
ORD5567,2026-07-03,C0660,Simran Kumar,Desk,Furniture,7.0,9000.0,6200,10,Mumbai,Maharashtra,West,Neha,UPI
ORD5242,2026-04-09,C0623,Manish Saxena,Office Chair,Furniture,5.0,12000.0,8500,10,Delhi,Delhi,North,Sneha,UPI
ORD3069,2026-06-07,C0506,Sneha Tiwari,Notebook,Stationery,7.0,120.0,65,20,Kolkata,West Bengal,East,Amit,Debit Card
ORD1530,2026-03-09,C0736,Priya Tiwari,Monitor,Electronics,4.0,18000.0,14000,10,Mumbai,Maharashtra,West,Neha,UPI
ORD4785,2026-05-28,C0740,Shreya Singh,laptop,Electronics,7.0,28000.0,22000,10,Bengaluru,Karnataka,South,Amit,Credit Card
ORD1637,2026-06-08,C0389,Shreya Patel,Keyboard,Electronics,6.0,1800.0,1100,10,Gorakhpur,Uttar Pradesh,North,Priya,Net Banking
ORD2270,2026-06-03,C0711,Vikas Joshi,Printer,Electronics,3.0,16000.0,12500,10,Hyderabad,Telangana,South,Karan,Net Banking
ORD1186,2026-06-30,C0442,Rahul Singh,Office Chair,Furniture,6.0,12000.0,8500,20,Jaipur,Rajasthan,North,Neha,Net Banking
ORD4874,2026-08-22,C0528,Nisha Saxena,Keyboard,Electronics,1.0,1800.0,1100,0,Jaipur,Rajasthan,North,Karan,UPI
ORD4227,2026-08-01,C0004,Neha Tiwari,Laptop,Electronics,1.0,55000.0,45000,0,Bengaluru,Karnataka,South,Priya,UPI
ORD4505,2026-03-20,C0006,Shreya Agarwal,Desk,Furniture,6.0,9000.0,6200,20,Kolkata,West Bengal,East,Sneha,Net Banking
ORD2798,2026-08-01,C0226,Shreya Verma,Office Chair,Furniture,2.0,12000.0,8500,0,Hyderabad,Telangana,South,Ravi,Credit Card
ORD3980,2026-01-09,C0918,Pooja Tiwari,Pen Set,Stationery,5.0,250.0,140,10,Lucknow,Uttar Pradesh,North,Neha,Debit Card
ORD2442,2026-05-17,C0247,Rahul Kumar,Pen Set,Stationery,5.0,250.0,140,15,Gorakhpur,Uttar Pradesh,North,Priya,Cash
ORD4478,2026-04-13,C0742,,Notebook,Stationery,6.0,120.0,65,20,Mumbai,Maharashtra,West,Sneha,Cash
ORD5905,2026-01-05,C0934,Simran Singh,laptop,Electronics,5.0,3500.0,2200,5,Kolkata,West Bengal,East,Ravi,Credit Card
ORD2536,2026-05-10,C0221,Simran Saxena,Smartphone,Electronics,5.0,28000.0,22000,0,Bengaluru,Karnataka,South,Ravi,Debit Card
ORD4494,2026-04-13,C0096,Rahul Yadav,Printer,Electronics,5.0,16000.0,12500,10,Lucknow,Uttar Pradesh,North,Karan,UPI
ORD4189,2026-08-24,C0620,Anjali Verma,Laptop,Electronics,3.0,55000.0,45000,5,Kolkata,West Bengal,East,Amit,UPI
ORD2274,2026-01-20,C0317,Sneha Sharma,Headphones,Electronics,7.0,3500.0,2200,15,Kolkata,West Bengal,East,Ravi,UPI
ORD3468,2026-05-05,C0857,Varun Chauhan,Printer,Electronics,6.0,16000.0,12500,5,Chennai,Tamil Nadu,South,Karan,UPI
ORD1608,2026-07-06,C0826,Kavita Joshi,Notebook,Stationery,3.0,120.0,65,0,Bhubaneswar,Odisha,East,Amit,Credit Card
ORD4438,2026-08-08,C0259,Arjun Tiwari,Keyboard,Electronics,3.0,1800.0,1100,0,Ahmedabad,Gujarat,West,Priya,Cash
ORD2713,2026-06-05,C0879,Pooja Gupta,Keyboard,Electronics,6.0,1800.0,1100,20,Mumbai,Maharashtra,West,Priya,Credit Card
ORD3200,2026-06-10,C0862,Sneha Gupta,Notebook,Stationery,7.0,120.0,65,15,Kolkata,West Bengal,East,Ravi,Credit Card
ORD1956,2026-04-21,C0446,Sneha Chauhan,Laptop,Electronics,5.0,55000.0,45000,10,Bengaluru,Karnataka,South,Amit,Debit Card
ORD3580,2026-05-09,C0702,Neha Kumar,Headphones,Electronics,2.0,3500.0,2200,15,Mumbai,Maharashtra,West,Priya,Cash
ORD4954,2026-04-04,C0227,Aditya Singh,Monitor,Electronics,7.0,18000.0,14000,10,Bhubaneswar,Odisha,East,Sneha,
ORD5452,2026-08-23,C0189,Arjun Gupta,Notebook,Stationery,6.0,120.0,65,20,Chennai,Tamil Nadu,South,Priya,Credit Card
ORD4686,2026-01-11,C0843,Manish Joshi,Laptop,Electronics,3.0,55000.0,45000,5,Chennai,Tamil Nadu,South,Amit,Credit Card
ORD4740,2026-02-05,C0658,Manish Joshi,Notebook,Stationery,2.0,120.0,65,10,Gorakhpur,Uttar Pradesh,North,Amit,Cash
ORD1404,2026-01-12,C0248,Amit Yadav,Headphones,Electronics,6.0,3500.0,2200,15,Hyderabad,Telangana,South,Priya,Credit Card
ORD3072,2026-01-19,C0480,Amit Tiwari,Office Chair,Furniture,4.0,12000.0,8500,15,Bengaluru,Karnataka,South,Amit,Credit Card
ORD5785,2026-01-14,C0888,Arjun Saxena,Printer,Electronics,3.0,16000.0,12500,0,Pune,Maharashtra,West,Ravi,UPI
ORD2978,2026-03-05,C0283,Rahul Joshi,Pen Set, Electronics ,2.0,250.0,140,0,Bhubaneswar,Odisha,East,Priya,UPI
ORD1159,2026-04-25,C0864,Shreya Verma,Printer,Electronics,2.0,16000.0,12500,5,Jaipur,Rajasthan,North,Sneha,Cash
ORD2749,2026-03-15,C0981,Vikas Yadav,Monitor,Electronics,4.0,18000.0,14000,0,Jaipur,Rajasthan,North,Sneha,Net Banking
ORD3910,2026-06-14,C0480,Amit Tiwari,Smartphone,Electronics,3.0,28000.0,22000,5,Gorakhpur,Uttar Pradesh,North,Sneha,Cash
ORD4587,2026-01-25,C0260,Sneha Verma,Desk,Furniture,6.0,9000.0,6200,5,Mumbai,Maharashtra,West,Neha,Cash
ORD1903,2026-08-08,C0090,Karan Agarwal,Headphones,Electronics,6.0,3500.0,2200,20,Mumbai,Maharashtra,West,Priya,Credit Card
ORD1353,2026-04-19,C0570,Meera Kumar,Printer,Electronics,1.0,,12500,15,Pune,Maharashtra,West,Karan,Net Banking
ORD2231,2026-08-28,C0103,Shreya Kumar,Office Chair,Furniture,1.0,12000.0,8500,0,Pune,Maharashtra,West,Ravi,UPI
ORD5698,2026-06-27,C0153,Aditya Gupta,Monitor,Electronics,1.0,18000.0,14000,0,Lucknow,Uttar Pradesh,North,Sneha,Net Banking
ORD3141,2026-06-30,C0017,Priya Singh,Printer,Electronics,3.0,16000.0,12500,20,Pune,Maharashtra,West,Sneha,Credit Card
ORD1445,2026-04-22,C0340,,Printer,Electronics,3.0,16000.0,12500,10,Chennai,Tamil Nadu,South,Priya,Net Banking
ORD5979,2026-04-30,C0284,Pooja Singh,Headphones,Electronics,7.0,3500.0,2200,10,Bengaluru,Karnataka,South,Karan,Credit Card
ORD1755,2026-05-08,C0490,Karan Mehta,Notebook,Stationery,4.0,120.0,65,20,Bhubaneswar,Odisha,East,Priya,UPI
ORD2738,2026-06-27,C0339,Shreya Chauhan,Desk,Furniture,4.0,9000.0,6200,15,Lucknow,Uttar Pradesh,North,Priya,Credit Card
ORD3972,2026-03-19,C0948,Aditya Mishra,Keyboard,Electronics,2.0,1800.0,1100,0,Kolkata,West Bengal,East,Neha,Credit Card
ORD3321,2026-03-24,C0058,Manish Sharma,Keyboard,Electronics,6.0,1800.0,1100,0,Hyderabad,Telangana,South,Neha,UPI
ORD3921,2026-08-26,C0546,Arjun Mehta,Office Chair,Furniture,2.0,12000.0,8500,0,Kolkata,West Bengal,East,Priya,Net Banking
ORD1312,2026-04-04,C0780,Sneha Verma,Notebook,Stationery,4.0,120.0,65,0,Kolkata,West Bengal,East,Neha,Debit Card
ORD1549,2026-02-06,C0199,Aditya Mishra,Keyboard,Electronics,5.0,1800.0,1100,10,Kolkata,West Bengal,East,Karan,Net Banking
ORD1662,2026-04-06,C0612,Simran Chauhan,Smartphone,Electronics,7.0,28000.0,22000,10,Jaipur,Rajasthan,North,Sneha,Net Banking
ORD5791,2026-01-02,C0105,Neha Agarwal,Keyboard,Electronics,6.0,1800.0,1100,10,Ahmedabad,Gujarat,West,Neha,Net Banking
ORD2990,2026-06-26,C0863,,Office Chair,Furniture,1.0,12000.0,8500,20,Hyderabad,Telangana,South,Priya,Debit Card
ORD1307,2026-08-20,C0256,Amit Kumar,Headphones,Electronics,5.0,3500.0,2200,5,Delhi,Delhi,North,Amit,Credit Card
ORD3336,2026-01-20,C0567,Meera Patel,Headphones,Electronics,7.0,3500.0,2200,10,Ahmedabad,Gujarat,West,Sneha,Credit Card
ORD1695,2026-07-30,C0135,Priya Yadav,Keyboard,Electronics,1.0,1800.0,1100,5,Kolkata,West Bengal,East,Ravi,Debit Card
ORD3357,2026-08-01,C0690,Rohan Verma,Laptop,Electronics,2.0,55000.0,45000,5,Bengaluru,Karnataka,South,Neha,Cash
ORD2928,2026-03-28,C0505,Kavita Agarwal,Office Chair,Furniture,3.0,12000.0,8500,20,Lucknow,Uttar Pradesh,North,Karan,Debit Card
ORD1685,2026-05-27,C0592,Rohan Mehta,Laptop,Electronics,1.0,55000.0,45000,20,Jaipur,Rajasthan,North,Karan,Debit Card
ORD1750,2026-07-29,C0670,Meera Tiwari,Notebook,Stationery,4.0,120.0,65,10,Bengaluru,Karnataka,South,Neha,UPI
ORD4542,2026-07-29,C0857,Varun Chauhan,Keyboard,Electronics,4.0,1800.0,1100,0,Kolkata,West Bengal,East,Amit,Net Banking
ORD4495,2026-07-25,C0282,Simran Agarwal,Monitor,Electronics,3.0,18000.0,14000,20,Delhi,Delhi,North,Karan,UPI
ORD2267,2026-04-04,C0358,Arjun Singh,Monitor,Electronics,4.0,18000.0,14000,5,Delhi,Delhi,North,Neha,Cash
ORD4334,2026-07-09,C0119,Amit Yadav,Pen Set,Stationery,7.0,250.0,140,20,Kolkata,West Bengal,East,Karan,Net Banking
ORD5872,2026-08-05,C0061,Rahul Gupta,Keyboard,Electronics,5.0,1800.0,1100,0,Kolkata,West Bengal,East,Priya,Debit Card
ORD5450,2026-08-17,C0715,Manish Patel,Desk,Furniture,2.0,9000.0,6200,10,Hyderabad,Telangana,South,Sneha,Debit Card
ORD5042,2026-06-14,C0301,Arjun Yadav,Laptop,Electronics,4.0,55000.0,45000,15,Jaipur,Rajasthan,North,Neha,Cash
ORD4084,2026-05-25,C0991,Kavita Sharma,Printer,Electronics,1.0,16000.0,12500,20,Lucknow,Uttar Pradesh,North,Karan,Net Banking
ORD4062,2026-01-08,C0947,Karan Joshi,Monitor,Electronics,3.0,18000.0,14000,5,Hyderabad,Telangana,South,Amit,Debit Card
ORD4026,2026-04-19,C0754,Kavita Sharma,Pen Set,Stationery,1.0,250.0,140,20,Kolkata,West Bengal,East,Karan,Credit Card
ORD1971,2026-08-21,C0254,Priya Kumar,Headphones,Electronics,7.0,3500.0,2200,10,Delhi,Delhi,North,Amit,Net Banking
ORD1014,2026-05-05,C0724,Arjun Joshi,Laptop,Electronics,5.0,55000.0,45000,20,Bengaluru,Karnataka,South,Sneha,Credit Card
ORD1874,2026-02-09,C0868,Pooja Kumar,Laptop,Electronics,3.0,55000.0,45000,5,Bhubaneswar,Odisha,East,Karan,Debit Card
ORD1809,2026-06-23,C0989,Anjali Gupta,Office Chair,Furniture,3.0,12000.0,8500,0,Kolkata,West Bengal,East,Sneha,Net Banking
ORD4199,2026-05-09,C0180,Vikas Gupta,Laptop,Electronics,1.0,55000.0,45000,0,Ahmedabad,Gujarat,West,Neha,Credit Card
ORD1515,2026-06-18,C0258,Manish Saxena,Laptop,Electronics,2.0,55000.0,45000,0,Lucknow,Uttar Pradesh,North,Karan,Cash
ORD5499,2026-06-06,C0921,Sneha Saxena,Office Chair,Furniture,2.0,12000.0,8500,10,Mumbai,Maharashtra,West,Ravi,Credit Card
ORD1410,2026-08-05,C0311,Vikas Agarwal,Headphones,Electronics,6.0,3500.0,2200,20,Kolkata,West Bengal,East,Karan,Debit Card
ORD4459,2026-01-23,C0010,Shreya Yadav,Keyboard,Electronics,2.0,1800.0,1100,5,Bengaluru,Karnataka,South,Priya,Cash
ORD5369,2026-04-09,C0943,Neha Sharma,Headphones,Electronics,1.0,3500.0,2200,5,Hyderabad,Telangana,South,Sneha,UPI
ORD1208,2026-04-14,C0575,Rohan Joshi,Laptop,Electronics,4.0,55000.0,45000,20,Bhubaneswar,Odisha,East,Ravi,UPI
ORD4272,2026-05-29,C0433,Ravi Joshi,Keyboard,Electronics,6.0,1800.0,1100,10,Kolkata,West Bengal,East,Karan,Debit Card
ORD1459,2026-07-06,C0744,Varun Mishra,Headphones,Electronics,7.0,3500.0,2200,15,Pune,Maharashtra,West,Amit,UPI
ORD4524,2026-07-16,C0877,Sneha Patel,Notebook,Stationery,7.0,120.0,65,0,Delhi,Delhi,North,Ravi,Cash
ORD3431,2026-08-05,C0229,Priya Gupta,Desk,Furniture,2.0,9000.0,6200,20,Jaipur,Rajasthan,North,Amit,Net Banking
ORD4712,2026-02-21,C0271,Rohan Agarwal,Keyboard,Electronics,4.0,1800.0,1100,15,Delhi,Delhi,North,Neha,Credit Card
ORD1111,2026-02-07,C0385,Meera Joshi,Notebook,Stationery,2.0,120.0,65,5,Lucknow,Uttar Pradesh,North,Amit,Credit Card
ORD4801,2026-05-03,C0319,Neha Mehta,Headphones,Electronics,4.0,3500.0,2200,15,Gorakhpur,Uttar Pradesh,North,Sneha,Cash
ORD2108,2026-07-30,C0189,Arjun Gupta,Printer,Electronics,6.0,16000.0,12500,20,Pune,Maharashtra,West,Karan,Debit Card
ORD2884,2026-07-21,C0141,Anjali Mishra,Smartphone,Electronics,4.0,28000.0,22000,15,Chennai,Tamil Nadu,South,Amit,Cash
ORD2714,2026-07-29,C0926,Pooja Patel,Headphones,Electronics,1.0,3500.0,2200,15,Bhubaneswar,Odisha,East,Karan,Cash
ORD5016,2026-01-20,C0383,Meera Chauhan,Monitor,Electronics,2.0,18000.0,14000,0,Gorakhpur,Uttar Pradesh,North,Neha,Cash
ORD5138,2026-07-27,C0126,Varun Tiwari,Keyboard,Electronics,5.0,1800.0,1100,0,Mumbai,Maharashtra,West,Neha,Credit Card
ORD1553,2026-08-25,C0051,Ravi Chauhan,Office Chair,Furniture,2.0,12000.0,8500,10,Chennai,Tamil Nadu,South,Karan,Debit Card
ORD2440,2026-08-13,C0200,Manish Singh,Keyboard,Electronics,1.0,1800.0,1100,10,Bhubaneswar,Odisha,East,Priya,Net Banking
ORD3271,2026-05-25,C0227,Aditya Singh,Headphones,Electronics,2.0,3500.0,2200,5,Gorakhpur,Uttar Pradesh,North,Ravi,Net Banking
ORD4145,2026-06-19,C0741,Shreya Gupta,Keyboard,Electronics,,1800.0,1100,10,Kolkata,West Bengal,East,Karan,Credit Card
ORD3822,2026-07-27,C0740,Shreya Singh,Keyboard,Electronics,5.0,1800.0,1100,15,Lucknow,Uttar Pradesh,North,Ravi,Net Banking
ORD5811,2026-01-26,C0938,Ravi Chauhan,Desk,Furniture,5.0,9000.0,6200,5,Chennai,Tamil Nadu,South,Neha,Cash
ORD2926,2026-01-08,C0113,Amit Verma,Printer,ELECTRONICS,5.0,16000.0,12500,10,Delhi,Delhi,North,Priya,Net Banking
ORD1635,2026-06-06,C0701,Karan Joshi,Headphones,Electronics,4.0,3500.0,2200,10,Hyderabad,Telangana,South,Amit,Credit Card
ORD5835,2026-06-14,C0786,Sneha Sharma,Office Chair,Furniture,6.0,12000.0,8500,20,Mumbai,Maharashtra,West,Karan,Credit Card
ORD1317,2026-08-08,C0912,Arjun Gupta,Keyboard,Electronics,4.0,1800.0,1100,15,Delhi,Delhi,North,Sneha,Debit Card
ORD5243,2026-06-21,C0962,Pooja Joshi,Headphones,Electronics,6.0,3500.0,2200,15,Gorakhpur,Uttar Pradesh,North,Priya,Net Banking
ORD5728,2026-04-23,C0454,Kavita Mishra,Pen Set,Stationery,6.0,250.0,140,15,Mumbai,Maharashtra,West,Neha,Cash
ORD2329,2026-03-29,C0936,Priya Verma,Desk,Furniture,1.0,9000.0,6200,0,Bhubaneswar,Odisha,East,Karan,Debit Card
ORD1428,2026-08-01,C0983,Vikas Mehta,Office Chair,Furniture,6.0,12000.0,8500,20,Ahmedabad,Gujarat,West,Sneha,UPI
ORD4425,2026-07-30,C0828,Anjali Verma,Printer,Electronics,4.0,16000.0,12500,0,Delhi,Delhi,North,Karan,Debit Card
ORD1106,2026-08-21,C0991,Kavita Sharma,Pen Set,Stationery,5.0,250.0,140,5,Mumbai,Maharashtra,West,Ravi,Net Banking
ORD4042,2026-05-05,C0992,Karan Gupta,Smartphone,Electronics,3.0,28000.0,22000,15,Gorakhpur,Uttar Pradesh,North,Karan,Cash
ORD1143,2026-01-01,C0234,Meera Sharma,Printer,Electronics,2.0,16000.0,12500,20,Bengaluru,Karnataka,South,Ravi,Debit Card
ORD3170,2026-05-03,C0283,,Laptop,Electronics,7.0,55000.0,45000,5,Kolkata,West Bengal,East,Neha,UPI
ORD4379,2026-05-19,C0675,Amit Singh,Notebook,Stationery,2.0,120.0,65,0,Mumbai,Maharashtra,West,Neha,Cash
ORD1090,2026-08-14,C0031,Ravi Mishra,Printer,Electronics,3.0,16000.0,12500,20,Bhubaneswar,Odisha,East,Neha,Debit Card
ORD3919,2026-01-03,C0538,Rohan Kumar,Headphones,Electronics,7.0,3500.0,2200,5,Gorakhpur,Uttar Pradesh,North,Amit,Debit Card
ORD4238,2026-03-27,C0882,Sneha Patel,Notebook,Stationery,3.0,120.0,65,20,Jaipur,Rajasthan,North,Karan,UPI
ORD3242,2026-03-17,C0107,Varun Yadav,Smartphone,Electronics,2.0,28000.0,22000,15,Chennai,Tamil Nadu,South,Ravi,Credit Card
ORD4175,2026-06-10,C0735,Anjali Verma,Laptop,Electronics,4.0,55000.0,45000,15,Jaipur,Rajasthan,North,Priya,UPI
ORD5037,2026-01-04,C0617,Simran Yadav,Headphones,Electronics,,3500.0,2200,20,Gorakhpur,Uttar Pradesh,North,Neha,Net Banking
ORD3164,2026-04-19,C0827,Varun Gupta,Pen Set,Stationery,2.0,250.0,140,10,Chennai,Tamil Nadu,South,Neha,Debit Card
ORD3637,2026-02-06,C0777,Manish Mehta,Notebook,Stationery,6.0,120.0,65,5,Hyderabad,Telangana,South,Ravi,Debit Card
ORD2950,2026-05-28,C0316,Pooja Patel,Laptop,Electronics,2.0,55000.0,45000,15,Gorakhpur,Uttar Pradesh,North,Priya,Credit Card
ORD2769,2026-04-21,C0278,Nisha Sharma,Notebook,Stationery,2.0,120.0,65,5,Bhubaneswar,Odisha,East,Ravi,Credit Card
ORD4332,2026-07-07,C0403,Anjali Singh,Laptop,Electronics,5.0,55000.0,45000,5,Hyderabad,Telangana,South,Amit,Debit Card
ORD3273,2026-07-29,C0071,Amit Agarwal,Keyboard,Electronics,2.0,1800.0,1100,5,Ahmedabad,Gujarat,West,Neha,Credit Card
ORD1002,2026-08-09,C0928,Meera Tiwari,Headphones,Electronics,3.0,3500.0,2200,5,Pune,Maharashtra,West,Ravi,Credit Card
ORD5470,2026-08-22,C0106,Simran Verma,Laptop, Electronics ,2.0,55000.0,45000,15,Bhubaneswar,Odisha,East,Priya,Net Banking
ORD5988,2026-05-10,C0744,Varun Mishra,Smartphone,Electronics,7.0,28000.0,22000,20,Ahmedabad,Gujarat,West,Neha,Cash
ORD2952,2026-04-02,C0678,Shreya Joshi,Notebook,Stationery,3.0,120.0,65,20,Bengaluru,Karnataka,South,Neha,Credit Card
ORD1936,2026-04-22,C0164,Anjali Singh,Notebook,Stationery,1.0,120.0,65,20,Gorakhpur,Uttar Pradesh,North,Sneha,Cash
ORD5323,2026-06-27,C0662,Manish Agarwal,Headphones,Electronics,5.0,3500.0,2200,20,Pune,Maharashtra,West,Sneha,Debit Card
ORD3721,2026-05-26,C0295,Kavita Gupta,Monitor,Electronics,6.0,18000.0,14000,5,Lucknow,Uttar Pradesh,North,Priya,UPI
ORD4846,2026-04-06,C0654,Nisha Gupta,Keyboard,Electronics,3.0,1800.0,1100,0,Bengaluru,Karnataka,South,Neha,UPI
ORD2110,2026-06-15,C0488,Karan Yadav,Laptop,Electronics,3.0,55000.0,45000,0,Pune,Maharashtra,West,Priya,UPI
ORD4642,2026-02-23,C0730,Aditya Mishra,Keyboard,Electronics,5.0,1800.0,1100,0,Lucknow,Uttar Pradesh,North,Karan,Debit Card
ORD1592,2026-04-29,C0632,Rahul Chauhan,Smartphone,Electronics,2.0,28000.0,22000,5,Lucknow,Uttar Pradesh,North,Sneha,
ORD2696,2026-05-16,C0548,Anjali Kumar,Keyboard,Electronics,3.0,1800.0,1100,20,Pune,Maharashtra,West,Priya,Debit Card
ORD5198,2026-03-17,C0498,Karan Mehta,Desk,Furniture,2.0,9000.0,6200,10,Bengaluru,Karnataka,South,Neha,UPI
ORD3937,2026-04-08,C0506,Sneha Tiwari,Notebook,Stationery,999.0,120.0,65,15,Jaipur,Rajasthan,North,Karan,Debit Card
ORD5230,2026-08-08,C0322,Aditya Tiwari,Smartphone,Electronics,6.0,28000.0,22000,15,Ahmedabad,Gujarat,West,Amit,UPI
ORD5972,2026-04-17,C0285,Aditya Chauhan,Printer,Electronics,1.0,16000.0,12500,10,Bengaluru,Karnataka,South,Sneha,Credit Card
ORD2577,2026-08-04,C0195,Shreya Agarwal,Keyboard,Electronics,6.0,1800.0,1100,20,Bhubaneswar,Odisha,East,Ravi,Net Banking
ORD5012,2026-04-21,C0119,Amit Yadav,Headphones,Electronics,5.0,3500.0,2200,15,Mumbai,Maharashtra,West,Ravi,Net Banking
ORD1214,2026-06-19,C0019,Amit Sharma,Headphones,Electronics,6.0,3500.0,2200,15,Delhi,Delhi,North,Amit,Credit Card
ORD1779,2026-06-04,C0825,Shreya Yadav,Office Chair,Furniture,2.0,12000.0,8500,20,Gorakhpur,Uttar Pradesh,North,Ravi,Debit Card
ORD2416,2026-07-27,C0295,Kavita Gupta,Notebook,Stationery,5.0,120.0,65,10,Jaipur,Rajasthan,North,Neha,Debit Card
ORD4814,2026-02-02,C0162,Varun Gupta,Headphones,Electronics,1.0,3500.0,2200,10,Bhubaneswar,Odisha,East,Karan,Net Banking
ORD3044,2026-01-24,C0133,Kavita Yadav,Pen Set,Stationery,4.0,250.0,140,10,Jaipur,Rajasthan,North,Amit,Credit Card
ORD3849,2026-05-19,C0700,Meera Mishra,Smartphone,Electronics,5.0,28000.0,22000,0,Jaipur,Rajasthan,North,Ravi,Debit Card
ORD5564,2026-05-02,C0269,Neha Verma,Printer, Electronics ,4.0,16000.0,12500,20,Ahmedabad,Gujarat,West,Amit,Credit Card
ORD4558,2026-01-07,C0944,Pooja Agarwal,Office Chair,Furniture,6.0,12000.0,8500,0,Chennai,Tamil Nadu,South,Ravi,Cash
ORD4868,2026-01-22,C0223,Sneha Mishra,Office Chair,Furniture,7.0,12000.0,8500,0,Jaipur,Rajasthan,North,Priya,Net Banking
ORD2568,2026-07-13,C0515,Manish Singh,Office Chair,Furniture,6.0,12000.0,8500,5,Mumbai,Maharashtra,West,Ravi,Debit Card
ORD1166,2026-07-25,C0971,Rahul Joshi,Headphones,Electronics,7.0,3500.0,2200,0,Jaipur,Rajasthan,North,Ravi,UPI
ORD5743,2026-03-08,C0944,Pooja Agarwal,Notebook,Stationery,,120.0,65,15,Pune,Maharashtra,West,Neha,UPI
ORD5471,2026-07-01,C0381,Shreya Singh,Laptop,Electronics,7.0,55000.0,45000,10,Bengaluru,Karnataka,South,Neha,Debit Card
ORD5957,2026-01-06,C0522,Nisha Saxena,Monitor,Electronics,1.0,18000.0,14000,150,Ahmedabad,Gujarat,West,Ravi,UPI
ORD2344,2026-01-18,C0366,Kavita Mehta,Smartphone,Electronics,6.0,28000.0,22000,20,Jaipur,Rajasthan,North,Ravi,UPI
ORD3014,2026-04-14,C0897,Priya Singh,Printer,Electronics,6.0,16000.0,12500,10,Lucknow,Uttar Pradesh,North,Amit,Credit Card
ORD1274,2026-04-15,C0939,Arjun Kumar,Pen Set,Stationery,6.0,250.0,140,0,Mumbai,Maharashtra,West,Amit,Credit Card
ORD1072,2026-07-07,C0404,Meera Singh,Smartphone,Electronics,2.0,28000.0,22000,15,Kolkata,West Bengal,East,Karan,Credit Card
ORD5975,2026-01-15,C0132,Meera Mehta,Notebook,Stationery,7.0,120.0,65,5,Kolkata,West Bengal,East,Amit,Cash
ORD2088,2026-07-06,C0948,Aditya Mishra,Smartphone,Electronics,7.0,28000.0,22000,20,Bhubaneswar,Odisha,East,Neha,Debit Card
ORD1395,2026-03-02,C0736,Priya Tiwari,Smartphone,Electronics,3.0,28000.0,22000,15,Bengaluru,Karnataka,South,Priya,Net Banking
ORD1584,2026-06-14,C0313,Neha Joshi,Monitor,Electronics,6.0,18000.0,14000,5,Bengaluru,Karnataka,South,Amit,Net Banking
ORD2368,2026-07-20,C0878,Nisha Kumar,Headphones,Electronics,1.0,3500.0,2200,20,Chennai,Tamil Nadu,South,Ravi,Net Banking
ORD1200,2026-08-01,C0080,Rohan Yadav,Office Chair,Furniture,1.0,12000.0,8500,0,Lucknow,Uttar Pradesh,North,Karan,Debit Card
ORD5670,2026-06-27,C0205,Kavita Kumar,Notebook,Stationery,1.0,120.0,65,0,Hyderabad,Telangana,South,Sneha,Cash
ORD3549,2026-03-10,C0372,Rohan Joshi,Pen Set,Stationery,999.0,250.0,140,20,Hyderabad,Telangana,South,Priya,Credit Card
ORD2014,2026-04-28,C0788,Simran Singh,Keyboard,Electronics,6.0,1800.0,1100,20,Gorakhpur,Uttar Pradesh,North,Ravi,Debit Card
ORD5928,2026-01-28,C0691,Rohan Singh,Headphones,Electronics,5.0,3500.0,2200,10,Jaipur,Rajasthan,North,Sneha,Net Banking
ORD4004,2026-01-25,C0344,Rohan Gupta,Pen Set,Stationery,3.0,250.0,140,15,Lucknow,Uttar Pradesh,North,Ravi,UPI
ORD5818,2026-02-25,C0133,Kavita Yadav,Headphones,Electronics,4.0,3500.0,2200,20,Gorakhpur,Uttar Pradesh,North,Priya,UPI
ORD5717,2026-05-10,C0283,Rahul Joshi,Smartphone,Electronics,4.0,28000.0,22000,15,Pune,Maharashtra,West,Ravi,Net Banking
ORD5473,2026-02-24,C0517,Priya Kumar,Notebook,Stationery,7.0,120.0,65,15,Pune,Maharashtra,West,Amit,Net Banking
ORD2764,2026-01-04,C0014,Aditya Singh,Headphones,Electronics,4.0,3500.0,2200,10,Kolkata,West Bengal,East,Neha,Net Banking
ORD2876,2026-01-24,C0896,Ravi Sharma,Headphones,Electronics,3.0,3500.0,2200,5,Mumbai,Maharashtra,West,Amit,Net Banking
ORD2260,2026-07-20,C0962,Pooja Joshi,Office Chair,Furniture,3.0,12000.0,8500,5,Jaipur,Rajasthan,North,Neha,UPI
ORD4345,2026-06-18,C0698,Meera Saxena,Headphones,Electronics,1.0,3500.0,2200,5,Bhubaneswar,Odisha,East,Amit,Cash
ORD5557,2026-04-06,C0980,Rohan Gupta,Monitor,Electronics,3.0,18000.0,14000,20,Bhubaneswar,Odisha,East,Neha,Debit Card
ORD3254,2026-05-09,C0945,Vikas Mishra,Office Chair,Furniture,1.0,12000.0,8500,20,Bengaluru,Karnataka,South,Amit,Cash
ORD3782,2026-06-11,C0129,Ravi Kumar,Smartphone,Electronics,2.0,28000.0,22000,10,Lucknow,Uttar Pradesh,North,Neha,Debit Card
ORD4647,2026-04-05,C0727,Vikas Verma,Laptop,Electronics,1.0,55000.0,45000,0,Jaipur,Rajasthan,North,Sneha,Credit Card
ORD1527,2026-02-28,C0288,Neha Chauhan,Notebook,Stationery,5.0,120.0,65,5,Bengaluru,Karnataka,South,Priya,UPI
ORD4472,2026-07-06,C0799,Kavita Sharma,Office Chair,Furniture,6.0,12000.0,8500,15,Gorakhpur,Uttar Pradesh,North,Sneha,UPI
ORD3947,2026-05-03,C0630,Aditya Agarwal,Smartphone,Electronics,2.0,28000.0,22000,20,Chennai,Tamil Nadu,South,Priya,Cash
ORD1378,2026-07-21,C0519,Meera Agarwal,Printer,Electronics,1.0,16000.0,12500,5,Gorakhpur,Uttar Pradesh,North,Amit,Credit Card
ORD2560,2026-06-14,C0549,Karan Mehta,Keyboard,Electronics,3.0,1800.0,1100,20,Mumbai,Maharashtra,West,Amit,Cash
ORD4876,2026-04-06,C0080,Rohan Yadav,Keyboard,Electronics,5.0,1800.0,1100,15,Ahmedabad,Gujarat,West,Priya,Net Banking
ORD2964,2026-02-20,C0570,Meera Kumar,Desk,Furniture,1.0,9000.0,6200,20,Pune,Maharashtra,West,Sneha,Debit Card
ORD5762,2026-08-19,C0258,Manish Saxena,Monitor,Electronics,1.0,18000.0,14000,20,Bengaluru,Karnataka,South,Priya,Credit Card
ORD1349,2026-01-29,C0483,Nisha Patel,Monitor,Electronics,1.0,18000.0,14000,15,Pune,Maharashtra,West,Amit,Net Banking
ORD3435,2026-06-05,C0602,Neha Saxena,Keyboard,electronics,7.0,1800.0,1100,0,Hyderabad,Telangana,South,Sneha,Credit Card
ORD3247,2026-01-14,C0774,Amit Joshi,Notebook,Stationery,5.0,120.0,65,5,Chennai,Tamil Nadu,South,Amit,Credit Card
ORD5914,2026-08-08,C0163,Karan Sharma,Notebook,Stationery,6.0,120.0,65,0,Jaipur,Rajasthan,North,Neha,Net Banking
ORD2710,2026-01-31,C0330,Amit Kumar,Desk,Furniture,5.0,9000.0,6200,5,Chennai,Tamil Nadu,South,Sneha,UPI
ORD2051,2026-05-26,C0873,Manish Saxena,Notebook,Stationery,6.0,120.0,65,5,Bengaluru,Karnataka,South,Sneha,Credit Card
ORD1591,2026-01-19,C0976,Arjun Sharma,Monitor,Electronics,2.0,18000.0,14000,10,Chennai,Tamil Nadu,South,Neha,UPI
ORD1520,2026-03-20,C0878,Nisha Kumar,Notebook,Stationery,4.0,120.0,65,15,Ahmedabad,Gujarat,West,Sneha,Debit Card
ORD4381,2026-02-01,C0122,Shreya Kumar,Printer,electronics,5.0,16000.0,12500,10,Jaipur,Rajasthan,North,Sneha,Credit Card
ORD5520,2026-02-11,C0006,Shreya Agarwal,Office Chair,Furniture,1.0,12000.0,8500,0,Gorakhpur,Uttar Pradesh,North,Priya,Net Banking
ORD5149,2026-03-18,C0174,Ravi Mehta,Smartphone,Electronics,4.0,28000.0,22000,5,Pune,Maharashtra,West,Sneha,Credit Card
ORD3478,2026-01-29,C0683,Meera Verma,Headphones,Electronics,2.0,3500.0,2200,20,Chennai,Tamil Nadu,South,Karan,Debit Card
ORD2084,2026-02-08,C0577,Arjun Kumar,Headphones,Electronics,3.0,3500.0,2200,15,Hyderabad,Telangana,South,Amit,Credit Card
ORD4783,2026-04-19,C0843,Manish Joshi,Printer,Electronics,4.0,16000.0,12500,10,Mumbai,Maharashtra,West,Amit,Cash
ORD5808,2026-06-09,C0342,Shreya Saxena,Headphones,Electronics,2.0,3500.0,2200,10,Mumbai,Maharashtra,West,Ravi,UPI
ORD5536,2026-08-27,C0794,Ravi Mishra,Smartphone,Electronics,2.0,28000.0,22000,10,Chennai,Tamil Nadu,South,Sneha,Debit Card
ORD2295,2026-01-08,C0248,Amit Yadav,Office Chair,Furniture,1.0,12000.0,8500,0,Mumbai,Maharashtra,West,Amit,Cash
ORD2810,2026-08-17,C0994,Priya Verma,Laptop,Electronics,6.0,55000.0,45000,0,Pune,Maharashtra,West,Neha,Cash
ORD1792,2026-07-08,C0052,Priya Joshi,Smartphone,Electronics,5.0,28000.0,22000,10,Mumbai,Maharashtra,West,Karan,Debit Card
ORD1793,2026-02-13,C0792,Vikas Singh,Smartphone,Electronics,,28000.0,22000,5,Bhubaneswar,Odisha,East,Neha,Credit Card
ORD5140,2026-07-26,C0285,Aditya Chauhan,Printer,Electronics,5.0,16000.0,12500,15,Gorakhpur,Uttar Pradesh,North,Sneha,Cash
ORD2856,2026-06-19,C0130,Meera Joshi,Office Chair,Furniture,1.0,12000.0,8500,5,Bhubaneswar,Odisha,East,Amit,Cash
ORD5787,2026-04-12,C0299,Rahul Saxena,Laptop,Electronics,4.0,55000.0,45000,5,Bhubaneswar,Odisha,East,Karan,Cash
ORD2981,2026-02-15,C0471,,Laptop,Electronics,2.0,55000.0,45000,5,Chennai,Tamil Nadu,South,Amit,Debit Card
ORD4234,2026-02-16,C0542,Arjun Gupta,Keyboard,Electronics,2.0,1800.0,1100,5,Bengaluru,Karnataka,South,Karan,UPI
ORD4965,2026-08-20,C0445,Karan Saxena,Office Chair,Furniture,4.0,12000.0,8500,0,Hyderabad,Telangana,South,Amit,Debit Card
ORD4436,2026-01-08,C0839,Shreya Mehta,Pen Set,Stationery,1.0,250.0,140,0,Gorakhpur,Uttar Pradesh,North,Priya,Net Banking
ORD4329,2026-04-30,C0423,Anjali Joshi,Printer,Electronics,1.0,16000.0,12500,10,Bhubaneswar,Odisha,East,Ravi,UPI
ORD2531,2026-06-30,C0018,Rohan Kumar,Smartphone,Electronics,3.0,28000.0,22000,0,Mumbai,Maharashtra,West,Sneha,Debit Card
ORD2411,2026-04-02,C0207,Sneha Sharma,Keyboard,Electronics,1.0,1800.0,1100,20,Kolkata,West Bengal,East,Ravi,Net Banking
ORD5321,2026-06-07,C0079,Amit Chauhan,Printer, Electronics ,6.0,16000.0,12500,15,Delhi,Delhi,North,Amit,Credit Card
ORD5676,2026-07-22,C0461,Priya Singh,Office Chair,Furniture,4.0,12000.0,8500,20,Jaipur,Rajasthan,North,Neha,Debit Card
ORD1084,2026-02-07,C0650,Vikas Saxena,Notebook,Stationery,2.0,120.0,65,5,Chennai,Tamil Nadu,South,Neha,Cash
ORD1869,2026-06-21,C0402,Nisha Joshi,Keyboard,Electronics,3.0,1800.0,1100,5,Bhubaneswar,Odisha,East,Amit,Credit Card
ORD3351,2026-08-14,C0887,Varun Singh,Monitor,Electronics,1.0,18000.0,14000,15,Bhubaneswar,Odisha,East,Ravi,Credit Card
ORD1021,2026-08-17,C0626,Nisha Yadav,Keyboard,Electronics,4.0,1800.0,1100,15,Lucknow,Uttar Pradesh,North,Sneha,Net Banking
ORD5861,2026-03-17,C0997,Simran Yadav,Monitor,Electronics,6.0,18000.0,14000,20,Kolkata,West Bengal,East,Amit,Cash
ORD3796,2026-06-10,C0679,Kavita Gupta,Notebook,Stationery,1.0,120.0,65,5,Ahmedabad,Gujarat,West,Karan,Credit Card
ORD5933,2026-04-20,C0561,Rohan Verma,Monitor,Electronics,4.0,18000.0,14000,15,Lucknow,Uttar Pradesh,North,Priya,Debit Card
ORD2563,2026-05-30,C0226,Shreya Verma,Headphones,Electronics,6.0,3500.0,2200,20,Kolkata,West Bengal,East,Priya,Cash
ORD4094,2026-06-16,C0544,Meera Sharma,Smartphone,Electronics,1.0,28000.0,22000,20,Bengaluru,Karnataka,South,Neha,Cash
ORD4156,2026-08-03,C0766,,Desk,Furniture,2.0,9000.0,6200,20,Chennai,Tamil Nadu,South,Sneha,Credit Card
ORD1974,2026-04-06,C0996,Simran Chauhan,Pen Set,Stationery,6.0,250.0,140,0,Ahmedabad,Gujarat,West,Amit,UPI
ORD2711,2026-08-22,C0529,Amit Mehta,Office Chair,Furniture,5.0,12000.0,8500,0,Kolkata,West Bengal,East,Ravi,Debit Card
ORD4202,2026-08-15,C0643,Rahul Gupta,Notebook,Stationery,4.0,120.0,65,20,Kolkata,West Bengal,East,Sneha,Cash
ORD5039,2026-01-08,C0444,Simran Yadav,Desk,Furniture,7.0,9000.0,6200,10,Pune,Maharashtra,West,Neha,Net Banking
ORD5849,2026-01-31,C0894,Shreya Tiwari,Keyboard,Electronics,6.0,1800.0,1100,15,Chennai,Tamil Nadu,South,Ravi,Credit Card
ORD2099,2026-06-11,C0404,Meera Singh,Headphones,Electronics,7.0,3500.0,2200,10,Gorakhpur,Uttar Pradesh,North,Karan,Credit Card
ORD5509,2026-04-22,C0100,,Smartphone,Electronics,6.0,28000.0,22000,15,Ahmedabad,Gujarat,West,Priya,Credit Card
ORD3845,2026-02-08,C0508,Anjali Verma,Headphones,Electronics,5.0,3500.0,2200,15,Gorakhpur,Uttar Pradesh,North,Karan,Credit Card
ORD1887,2026-08-15,C0707,Pooja Verma,Laptop,Electronics,7.0,55000.0,45000,10,Jaipur,Rajasthan,North,Priya,Credit Card
ORD5962,2026-05-10,C0110,Arjun Yadav,Keyboard,Electronics,4.0,1800.0,1100,5,Gorakhpur,Uttar Pradesh,North,Sneha,Credit Card
ORD4733,2026-07-08,C0985,Arjun Saxena,Notebook,Stationery,1.0,120.0,65,0,Mumbai,Maharashtra,West,Sneha,Debit Card
ORD5607,2026-02-16,C0576,Varun Chauhan,Printer,Electronics,6.0,16000.0,12500,0,Delhi,Delhi,North,Ravi,Cash
ORD4849,2026-05-11,C0230,Rohan Patel,Pen Set,Stationery,3.0,250.0,140,5,Pune,Maharashtra,West,Sneha,Cash
ORD5428,2026-01-03,C0814,Manish Sharma,Monitor,Electronics,1.0,18000.0,14000,0,Bengaluru,Karnataka,South,Karan,Cash
ORD1516,2026-07-11,C0565,Simran Chauhan,Smartphone,Electronics,4.0,28000.0,22000,15,Bhubaneswar,Odisha,East,Priya,Credit Card
ORD5648,2026-06-01,C0065,Neha Mehta,Headphones,Electronics,6.0,3500.0,2200,5,Chennai,Tamil Nadu,South,Sneha,Credit Card
ORD1738,2026-06-10,C0124,Aditya Saxena,Notebook,Stationery,2.0,120.0,65,10,Mumbai,Maharashtra,West,Karan,Debit Card
ORD2454,2026-08-22,C0304,Meera Singh,Keyboard,Electronics,5.0,1800.0,1100,10,Ahmedabad,Gujarat,West,Amit,Debit Card
ORD5029,2026-03-03,C0862,Sneha Gupta,Smartphone,Electronics,7.0,28000.0,22000,0,Lucknow,Uttar Pradesh,North,Karan,Cash
ORD5729,2026-01-06,C0819,Neha Kumar,Headphones,Electronics,3.0,3500.0,2200,15,Pune,Maharashtra,West,Ravi,Cash
ORD3507,2026-05-28,C0722,Arjun Verma,Keyboard,Electronics,4.0,1800.0,1100,20,Chennai,Tamil Nadu,South,Neha,Net Banking
ORD3995,2026-06-22,C0860,Nisha Saxena,Notebook,Stationery,2.0,120.0,65,10,Pune,Maharashtra,West,Karan,UPI
ORD3127,2026-07-31,C0563,Manish Saxena,Notebook,Stationery,5.0,120.0,65,0,Delhi,Delhi,North,Priya,Net Banking
ORD3927,2026-02-19,C0535,Varun Kumar,Office Chair,Furniture,1.0,12000.0,8500,0,Mumbai,Maharashtra,West,Sneha,Debit Card
ORD5775,2026-02-14,C0298,Rahul Gupta,Desk,Furniture,3.0,9000.0,6200,0,Bhubaneswar,Odisha,East,Amit,Cash
ORD1907,2026-05-24,C0509,Manish Patel,Smartphone,Electronics,7.0,28000.0,22000,10,Ahmedabad,Gujarat,West,Sneha,Cash
ORD5864,2026-03-06,C0401,Simran Saxena,Headphones,Electronics,7.0,3500.0,2200,5,Hyderabad,Telangana,South,Priya,UPI
ORD2031,2026-06-29,C0270,Pooja Verma,Printer,Electronics,5.0,16000.0,12500,20,Chennai,Tamil Nadu, North ,Neha,Cash
ORD3508,2026-04-24,C0137,Nisha Yadav,Monitor,Electronics,6.0,18000.0,14000,5,Delhi,Delhi,North,Karan,Credit Card
ORD3429,2026-07-14,C0974,Amit Gupta,Desk,Furniture,4.0,9000.0,6200,0,Bengaluru,Karnataka,South,Priya,Cash
ORD1948,2026-05-28,C0923,Karan Singh,Monitor,Electronics,5.0,18000.0,14000,5,Delhi,Delhi,North,Karan,Debit Card
ORD4861,2026-06-02,C0046,Arjun Mehta,Keyboard,Electronics,6.0,1800.0,1100,10,Kolkata,West Bengal,East,Sneha,Debit Card
ORD1763,2026-04-29,C0636,Rohan Mehta,Notebook,Stationery,2.0,120.0,65,10,Bhubaneswar,Odisha,East,Ravi,Cash
ORD1716,2026-07-19,C0313,Neha Joshi,Headphones,Electronics,3.0,3500.0,2200,20,Mumbai,Maharashtra,West,Sneha,UPI
ORD1285,2026-07-03,C0016,Manish Singh,Desk,Furniture,7.0,9000.0,6200,0,Ahmedabad,Gujarat,West,Sneha,Credit Card
ORD1687,2026-06-17,C0168,Shreya Sharma,Office Chair,Furniture,1.0,12000.0,8500,0,Bengaluru,Karnataka,South,Priya,Cash
ORD1704,2026-06-24,C0659,Pooja Singh,Printer,Electronics,4.0,16000.0,12500,5,Gorakhpur,Uttar Pradesh,North,Sneha,Net Banking
ORD4342,2026-05-25,C0448,Shreya Patel,laptop,Electronics,6.0,18000.0,14000,15,Bengaluru,Karnataka,South,Priya,Net Banking
ORD3354,2026-01-06,C0051,Ravi Chauhan,Headphones,Electronics,6.0,3500.0,2200,5,Hyderabad,Telangana,South,Ravi,Net Banking
ORD3258,2026-08-23,C0705,Nisha Verma,Headphones,Electronics,5.0,3500.0,2200,20,Chennai,Tamil Nadu,South,Ravi,Credit Card
ORD4604,2026-06-04,C0918,Pooja Tiwari,Office Chair,Furniture,6.0,12000.0,8500,0,Pune,Maharashtra,West,Amit,Cash
ORD1474,2026-01-08,C0986,Arjun Mehta,Monitor,Electronics,2.0,18000.0,14000,5,Chennai,Tamil Nadu,South,Karan,Net Banking
ORD1022,2026-08-25,C0019,Rahul Gupta,Smartphone,Electronics,7.0,28000.0,22000,20,Chennai,Tamil Nadu,South,Sneha,Net Banking
ORD3753,2026-02-12,C0131,Rahul Saxena,Notebook,Stationery,4.0,120.0,65,0,Bhubaneswar,Odisha,East,Neha,Debit Card
ORD1886,2026-08-28,C0840,Shreya Chauhan,Pen Set,Stationery,1.0,250.0,140,10,Bengaluru,Karnataka,South,Amit,Credit Card
ORD3449,2026-08-17,C0635,Meera Verma,Monitor,Electronics,1.0,18000.0,14000,20,Mumbai,Maharashtra,West,Neha,Net Banking
ORD1918,2026-03-26,C0813,Vikas Singh,Pen Set,Stationery,6.0,250.0,140,0,Gorakhpur,Uttar Pradesh,North,Neha,Cash
ORD4812,2026-04-01,C0380,Ravi Tiwari,Desk,Furniture,3.0,9000.0,6200,5,Mumbai,Maharashtra,West,Priya,Debit Card
ORD4806,2026-01-14,C0044,Varun Saxena,Desk,Furniture,3.0,,6200,20,Hyderabad,Telangana,South,Amit,Cash
ORD3240,2026-05-21,C0999,Shreya Yadav,Pen Set,electronics,1.0,250.0,140,20,Lucknow,Uttar Pradesh,North,Amit,Cash
ORD4900,2026-02-21,C0592,Rohan Mehta,Smartphone,Electronics,7.0,28000.0,22000,0,Lucknow,Uttar Pradesh,North,Karan,Debit Card
ORD4396,2026-03-29,C0383,Meera Chauhan,Keyboard,Electronics,5.0,1800.0,1100,0,Chennai,Tamil Nadu,South,Amit,Credit Card
ORD2266,2026-03-28,C0244,Anjali Mishra,Pen Set,Stationery,3.0,250.0,140,0,Ahmedabad,Gujarat,West,Sneha,Cash
ORD1484,2026-02-17,C0518,Varun Mehta,Smartphone,Electronics,2.0,28000.0,22000,20,Hyderabad,Telangana,South,Neha,Credit Card
ORD5409,2026-03-01,C0495,Arjun Saxena,Office Chair,Furniture,4.0,12000.0,8500,15,Jaipur,Rajasthan,North,Sneha,Credit Card
ORD3964,2026-05-09,C0075,Shreya Yadav,Office Chair,Furniture,3.0,12000.0,8500,20,Chennai,Tamil Nadu,South,Amit,Debit Card
ORD2220,2026-04-11,C0275,Nisha Agarwal,Smartphone,Electronics,1.0,28000.0,22000,0,,Uttar Pradesh,North,Ravi,Cash
ORD1278,2026-01-01,C0698,Meera Saxena,Smartphone,electronics,7.0,28000.0,22000,0,Bhubaneswar,Odisha,East,Amit,Net Banking
ORD1989,2026-07-02,C0110,Arjun Yadav,Notebook,Stationery,7.0,120.0,65,20,Hyderabad,Telangana,South,Karan,UPI
ORD3085,2026-03-20,C0114,Ravi Verma,Notebook,Stationery,5.0,120.0,65,10,Kolkata,West Bengal,East,Amit,Credit Card
ORD2246,2026-05-03,C0743,Anjali Tiwari,Laptop,Electronics,7.0,55000.0,45000,15,Delhi,Delhi,North,Ravi,UPI
ORD3383,2026-03-23,C0262,Rohan Singh,Pen Set,Stationery,3.0,250.0,140,15,Hyderabad,Telangana,South,Karan,Debit Card
ORD1572,2026-01-31,C0659,Pooja Singh,Pen Set,Stationery,7.0,250.0,140,0,Bengaluru,Karnataka,South,Amit,Cash
ORD2436,2026-03-28,C0783,Vikas Saxena,Headphones,Electronics,7.0,3500.0,2200,0,Mumbai,Maharashtra,West,Sneha,Cash
ORD1994,2026-03-07,C0500,Sneha Agarwal,Printer,Electronics,5.0,16000.0,12500,15,Lucknow,Uttar Pradesh,North,Neha,Net Banking
ORD5121,2026-04-29,C0972,Amit Agarwal,Notebook,Stationery,6.0,120.0,65,5,Lucknow,Uttar Pradesh,North,Priya,UPI
ORD4498,2026-07-14,C0561,Rohan Verma,Notebook,Stationery,3.0,120.0,65,20,Ahmedabad,Gujarat,West,Sneha,UPI
ORD1586,2026-03-08,C0912,Arjun Gupta,Laptop,Electronics,2.0,55000.0,45000,0,Bhubaneswar,Odisha,East,Neha,Net Banking
ORD4713,2026-05-23,C0334,Pooja Singh,Pen Set,Stationery,2.0,250.0,140,5,Mumbai,Maharashtra,West,Karan,Debit Card
ORD3515,2026-02-21,C0357,Amit Tiwari,Smartphone,Electronics,1.0,28000.0,22000,15,Bengaluru,Karnataka,South,Karan,Credit Card
ORD2350,2026-03-02,C0645,Vikas Kumar,Laptop,Electronics,3.0,55000.0,45000,10,Bengaluru,Karnataka,South,Sneha,Net Banking
ORD2008,2026-05-19,C0497,Pooja Kumar,Office Chair,Furniture,6.0,12000.0,8500,0,Chennai,Tamil Nadu,South,Sneha,UPI
ORD1675,2026-04-27,C0008,Priya Kumar,Notebook,Stationery,3.0,120.0,65,10,Delhi,Delhi,North,Priya,UPI
ORD3413,2026-09-06,C0295,Kavita Gupta,Notebook,Stationery,4.0,120.0,65,10,Ahmedabad,Gujarat,West,Priya,Debit Card
ORD3904,2026-04-29,C0588,Amit Saxena,Desk,Furniture,5.0,9000.0,6200,5,Bengaluru,Karnataka,South,Ravi,Cash
ORD1448,2026-01-17,C0738,Karan Verma,Smartphone,Electronics,7.0,28000.0,22000,20,Jaipur,Rajasthan,North,Neha,UPI
ORD4525,2026-06-15,C0235,Manish Agarwal,Headphones,Electronics,7.0,3500.0,2200,20,Kolkata,West Bengal, North ,Amit,Debit Card
ORD5480,2026-05-15,C0685,Ravi Verma,Monitor,Electronics,3.0,18000.0,14000,5,Bhubaneswar,Odisha,East,Karan,Credit Card
ORD4758,2026-03-19,C0508,Anjali Verma,Headphones,Electronics,5.0,3500.0,2200,10,Bhubaneswar,Odisha,East,Amit,Credit Card
ORD1360,2026-05-10,C0014,Aditya Singh,Notebook,Stationery,2.0,120.0,65,10,Gorakhpur,Uttar Pradesh,North,Ravi,Debit Card
ORD3065,2026-07-25,C0057,Manish Mishra,Headphones,Electronics,4.0,3500.0,2200,0,Jaipur,Rajasthan,North,Neha,Credit Card
ORD5476,2026-02-04,C0413,Meera Joshi,Office Chair,Furniture,6.0,12000.0,8500,5,Kolkata,West Bengal,East,Amit,Net Banking
ORD4865,2026-07-27,C0758,Neha Kumar,Pen Set,Stationery,5.0,250.0,140,0,Lucknow,Uttar Pradesh,North,Karan,Net Banking
ORD2691,2026-06-27,C0407,Ravi Joshi,Printer,Electronics,,16000.0,12500,20,Kolkata,West Bengal,East,Amit,Debit Card
ORD5353,2026-07-27,C0110,Arjun Yadav,Pen Set,Stationery,1.0,250.0,140,15,Mumbai,Maharashtra,West,Ravi,Cash
ORD2549,2026-01-05,C0566,Aditya Sharma,Notebook,Stationery,7.0,120.0,65,5,Chennai,Tamil Nadu,South,Priya,UPI
ORD2248,2026-02-17,C0835,Aditya Gupta,Pen Set,Stationery,3.0,250.0,140,10,Chennai,Tamil Nadu,South,Karan,Debit Card
ORD2986,2026-06-07,C0915,Rohan Yadav,Office Chair,Furniture,2.0,12000.0,8500,0,Hyderabad,Telangana,South,Karan,UPI
ORD1295,2026-04-20,C0246,Rohan Tiwari,Monitor,Electronics,6.0,18000.0,14000,15,Mumbai,Maharashtra,West,Priya,Debit Card
ORD2548,2026-01-24,C0780,Sneha Verma,Keyboard,Electronics,2.0,1800.0,1100,5,Gorakhpur,Uttar Pradesh, North ,Karan,Cash
ORD3013,2026-07-05,C0069,Nisha Sharma,Monitor,Electronics,6.0,18000.0,14000,15,Delhi,Delhi,North,Priya,Debit Card
ORD1589,2026-08-11,C0822,Meera Agarwal,Smartphone,Electronics,3.0,28000.0,22000,0,Mumbai,Maharashtra,West,Karan,UPI
ORD4330,2026-01-12,C0939,Arjun Kumar,Office Chair,Furniture,6.0,12000.0,8500,20,Pune,Maharashtra,West,Sneha,Cash
ORD3404,2026-05-21,C0845,Kavita Mishra,Desk,Furniture,4.0,9000.0,6200,15,Hyderabad,Telangana,South,Neha,Net Banking
ORD3130,2026-06-22,C0455,Rahul Yadav,Monitor,Electronics,2.0,18000.0,14000,5,Pune,Maharashtra,West,Neha,Net Banking
ORD5415,2026-02-19,C0609,Kavita Patel,Office Chair,Furniture,,12000.0,8500,10,Lucknow,Uttar Pradesh,North,Amit,Credit Card
ORD4509,2026-05-28,C0168,Shreya Sharma,Pen Set,ELECTRONICS,4.0,,140,10,Pune,Maharashtra,West,Karan,Net Banking
ORD3411,2026-07-27,C0077,Rahul Joshi,Headphones,Electronics,7.0,3500.0,2200,10,Gorakhpur,Uttar Pradesh,North,Ravi,Cash
ORD3720,2026-03-22,C0100,Rahul Kumar,Monitor,Electronics,1.0,18000.0,14000,20,Mumbai,Maharashtra,West,Neha,Credit Card
ORD5581,2026-07-13,C0676,Ravi Agarwal,Notebook,Stationery,6.0,120.0,65,5,Mumbai,Maharashtra,West,Sneha,Debit Card
ORD1426,2026-05-30,C0146,Shreya Mishra,Pen Set,Stationery,4.0,250.0,140,0,Lucknow,Uttar Pradesh,North,Karan,Net Banking
ORD3583,2026-07-23,C0387,Manish Joshi,Printer,Electronics,3.0,16000.0,12500,0,Delhi,Delhi,North,Amit,Debit Card
ORD2055,2026-03-18,C0113,Amit Verma,Pen Set,Stationery,4.0,250.0,140,5,Lucknow,Uttar Pradesh,North,Amit,Credit Card
ORD5024,2026-06-27,C0155,Varun Saxena,Laptop,Electronics,2.0,55000.0,45000,0,Chennai,Tamil Nadu,South,Sneha,UPI
ORD5589,2026-02-04,C0900,Ravi Agarwal,Keyboard,Electronics,4.0,1800.0,1100,15,Ahmedabad,Gujarat,West,Priya,UPI
ORD1557,2026-01-17,C0508,Anjali Verma,Monitor,Electronics,2.0,18000.0,14000,20,Chennai,Tamil Nadu,South,Priya,Credit Card
ORD5385,2026-01-30,C0800,Amit Saxena,Headphones,Electronics,3.0,3500.0,2200,10,Bhubaneswar,Odisha,East,Ravi,Credit Card
ORD4995,2026-05-22,C0597,Kavita Singh,Notebook,Stationery,6.0,120.0,65,20,Lucknow,Uttar Pradesh,North,Karan,UPI
ORD5741,2026-03-16,C0029,Karan Sharma,Laptop,Electronics,4.0,55000.0,45000,10,Chennai,Tamil Nadu,South,Amit,UPI
ORD3470,2026-01-20,C0761,Sneha Verma,Desk,Furniture,1.0,9000.0,6200,10,Jaipur,Rajasthan,North,Neha,Cash
ORD5739,2026-04-30,C0944,Pooja Agarwal,Laptop,Electronics,7.0,55000.0,45000,0,Chennai,Tamil Nadu,South,Priya,Credit Card
ORD1356,2026-05-20,C0519,Meera Agarwal,Laptop,Electronics,2.0,55000.0,45000,20,Bengaluru,Karnataka,South,Sneha,Debit Card
ORD2194,2026-03-15,C0777,Manish Mehta,Printer,Electronics,5.0,16000.0,12500,15,Lucknow,Uttar Pradesh,North,Ravi,Cash
ORD2717,2026-02-26,C0741,Shreya Gupta,Desk,Furniture,7.0,9000.0,6200,15,Lucknow,Uttar Pradesh, North ,Ravi,Debit Card
ORD4417,2026-03-06,C0525,Meera Verma,Printer,Electronics,6.0,16000.0,12500,15,Lucknow,Uttar Pradesh,North,Priya,Cash
ORD3605,2026-07-31,C0841,Rahul Chauhan,Monitor,Electronics,5.0,18000.0,14000,0,Hyderabad,Telangana,South,Neha,UPI
ORD5155,2026-03-17,C0565,Simran Chauhan,Laptop,Electronics,6.0,55000.0,45000,0,Pune,Maharashtra,West,Karan,UPI
ORD3829,2026-04-10,C0533,Rohan Kumar,Keyboard,Electronics,7.0,1800.0,1100,10,Pune,Maharashtra,West,Neha,Cash
ORD2705,2026-05-10,C0832,Kavita Tiwari,Keyboard,Electronics,4.0,1800.0,1100,15,Bengaluru,Karnataka,South,Sneha,Debit Card
ORD3864,2026-03-07,C0795,Sneha Yadav,Printer,Electronics,6.0,16000.0,12500,20,Bhubaneswar,Odisha,NORTH,Amit,Debit Card
ORD3619,2026-05-12,C0054,Sneha Agarwal,Notebook,Stationery,5.0,120.0,65,5,Pune,Maharashtra,West,Neha,Credit Card
ORD3401,2026-01-25,C0242,Amit Saxena,Laptop,Electronics,1.0,55000.0,45000,0,Lucknow,Uttar Pradesh,North,Amit,UPI
ORD3140,2026-04-06,C0002,Amit Saxena,Smartphone,Electronics,7.0,28000.0,22000,0,Kolkata,West Bengal,East,Priya,Debit Card
ORD4240,2026-07-23,C0916,Meera Patel, LAPTOP ,Stationery,6.0,250.0,140,10,Chennai,Tamil Nadu,South,Karan,Credit Card
ORD3384,2026-04-15,C0885,Pooja Tiwari,Notebook,Stationery,7.0,120.0,65,10,Lucknow,Uttar Pradesh,North,Neha,UPI
ORD4219,2026-08-05,C0787,Vikas Yadav,Headphones,Electronics,4.0,3500.0,2200,20,Lucknow,Uttar Pradesh,North,Neha,Credit Card
ORD5797,2026-01-10,C0109,Ravi Verma,Smartphone,Electronics,2.0,28000.0,22000,20,Chennai,Tamil Nadu,South,Priya,Credit Card
ORD2286,2026-07-09,C0814,Manish Sharma,Desk,Furniture,1.0,9000.0,6200,20,Ahmedabad,Gujarat,West,Sneha,Net Banking
ORD4870,2026-06-15,C0169,Kavita Agarwal,Headphones,Electronics,2.0,3500.0,2200,0,Ahmedabad,Gujarat,West,Sneha,Debit Card
ORD4896,2026-01-26,C0885,Pooja Tiwari,Notebook,Stationery,5.0,120.0,65,0,Pune,Maharashtra,West,Priya,Cash
ORD5495,2026-07-13,C0784,Meera Gupta,Laptop,Electronics,3.0,55000.0,45000,15,Pune,Maharashtra,West,Neha,UPI
ORD3088,2026-05-02,C0675,Amit Singh,Office Chair,Furniture,5.0,12000.0,8500,0,Mumbai,Maharashtra,West,Ravi,Cash
ORD2890,2026-01-29,C0550,Anjali Yadav,Monitor,Electronics,1.0,18000.0,14000,10,Lucknow,Uttar Pradesh,North,Neha,Debit Card
ORD4559,2026-07-10,C0253,Aditya Sharma,Keyboard,Electronics,4.0,1800.0,1100,20,Bhubaneswar,Odisha,East,Karan,Debit Card
ORD2592,2026-07-17,C0639,Rahul Joshi,Office Chair,Furniture,4.0,12000.0,8500,10,Bengaluru,Karnataka,South,Amit,Debit Card
ORD2347,2026-04-02,C0938,Ravi Chauhan,Laptop,Electronics,1.0,55000.0,45000,15,Gorakhpur,Uttar Pradesh,North,Sneha,Debit Card
ORD5458,2026-08-09,C0450,Karan Joshi,laptop,Electronics,1.0,18000.0,14000,5,Bengaluru,Karnataka,South,Priya,Credit Card
ORD3163,2026-04-26,C0779,Shreya Kumar,Pen Set,Stationery,3.0,250.0,140,5,Gorakhpur,Uttar Pradesh,North,Neha,Cash
ORD3397,2026-04-16,C0186,Priya Gupta,Pen Set,Stationery,3.0,250.0,140,0,Pune,Maharashtra,West,Ravi,Net Banking
ORD4698,2026-05-29,C0816,Ravi Singh,Desk,Furniture,4.0,9000.0,6200,20,Bhubaneswar,Odisha,East,Neha,Debit Card
ORD3272,2026-08-18,C0921,Sneha Saxena,Printer,Electronics,4.0,16000.0,12500,15,Jaipur,Rajasthan,North,Neha,Debit Card
ORD5517,2026-07-14,C0344,Rohan Gupta,Laptop,Electronics,3.0,55000.0,45000,0,Delhi,Delhi,North,Neha,Credit Card
ORD4112,2026-02-16,C0222,Rohan Patel,Desk,Furniture,5.0,9000.0,6200,5,Hyderabad,Telangana,South,Sneha,UPI
ORD2138,2026-06-22,C0118,Meera Yadav,Desk,Furniture,6.0,9000.0,6200,5,Mumbai,Maharashtra,West,Amit,Debit Card
ORD4952,2026-08-26,C0461,Priya Singh,Keyboard,Electronics,1.0,1800.0,1100,5,Bengaluru,Karnataka,South,Ravi,UPI
ORD1973,2026-01-31,C0781,Sneha Kumar,Headphones,Electronics,5.0,3500.0,2200,0,Bengaluru,Karnataka,South,Ravi,Debit Card
ORD1796,2026-02-22,C0572,Arjun Verma,Office Chair,Furniture,6.0,12000.0,8500,5,Chennai,Tamil Nadu,South,Ravi,UPI
ORD4021,2026-03-17,C0328,Rahul Saxena,Desk,Furniture,2.0,9000.0,6200,20,Kolkata,West Bengal,East,Amit,Debit Card
ORD2712,2026-05-18,C0590,Shreya Gupta,Printer,Electronics,5.0,16000.0,12500,0,Hyderabad,Telangana,South,Ravi,Debit Card
ORD4388,2026-08-05,C0316,Pooja Patel,Desk,Furniture,2.0,9000.0,6200,10,Lucknow,Uttar Pradesh,North,Priya,Credit Card
ORD1037,2026-03-29,C0536,Rohan Saxena,Notebook,Stationery,7.0,120.0,65,15,Mumbai,Maharashtra,West,Ravi,Debit Card
ORD1454,2026-06-18,C0275,Nisha Agarwal,Printer,Electronics,1.0,16000.0,12500,15,Ahmedabad,Gujarat,West,Sneha,UPI
ORD1914,2026-08-10,C0082,Amit Tiwari,Desk,Furniture,7.0,9000.0,6200,10,Lucknow,Uttar Pradesh,North,Karan,Credit Card
ORD5115,2026-05-24,C0424,Aditya Chauhan,Pen Set,Stationery,6.0,250.0,140,15,Kolkata,West Bengal,East,Sneha,Credit Card
ORD2200,2026-05-08,C0139,Manish Yadav,Pen Set,Stationery,3.0,250.0,140,15,Lucknow,Uttar Pradesh,North,Ravi,Cash
ORD2275,2026-06-18,C0889,Manish Tiwari,Headphones,Electronics,3.0,3500.0,2200,5,Jaipur,Rajasthan,North,Karan,Cash
ORD3376,2026-04-06,C0215,Nisha Chauhan,Keyboard,Electronics,6.0,1800.0,1100,0,Gorakhpur,Uttar Pradesh, North ,Sneha,Net Banking
ORD1038,2026-05-02,C0496,Pooja Yadav,Pen Set,Stationery,-3.0,250.0,140,20,Jaipur,Rajasthan,North,Karan,Cash
ORD1975,2026-04-25,C0388,Sneha Joshi,Keyboard,Electronics,7.0,1800.0,1100,15,Bengaluru,Karnataka,South,Neha,Net Banking
ORD4196,2026-03-18,C0794,Ravi Mishra,Office Chair,Furniture,6.0,12000.0,8500,15,Lucknow,Uttar Pradesh,North,Karan,Net Banking
ORD1984,2026-02-23,C0303,Rohan Chauhan,Laptop,Electronics,1.0,55000.0,45000,5,Chennai,Tamil Nadu,South,Neha,Credit Card
ORD4961,2026-07-18,C0236,Simran Gupta,Smartphone,Electronics,6.0,28000.0,22000,0,Ahmedabad,Gujarat,West,Priya,Net Banking
ORD5606,2026-06-21,C0843,Manish Joshi,Smartphone, Electronics ,3.0,28000.0,22000,10,Mumbai,Maharashtra,West,Neha,Cash
ORD2419,2026-08-06,C0777,Manish Mehta,Printer,Electronics,3.0,16000.0,12500,10,Chennai,Tamil Nadu,South,Priya,Credit Card
ORD4333,2026-01-15,C0150,Meera Yadav,Headphones,Electronics,3.0,3500.0,2200,15,Bhubaneswar,Odisha,East,Karan,Debit Card
ORD2561,2026-03-15,C0884,Priya Yadav,Office Chair,Furniture,5.0,12000.0,8500,5,Bengaluru,Karnataka,South,Sneha,UPI
ORD1040,2026-07-09,C0244,Anjali Mishra,Office Chair,Furniture,7.0,12000.0,8500,10,Jaipur,Rajasthan,North,Amit,Credit Card
ORD2487,2026-02-08,C0750,Nisha Joshi,Office Chair,Furniture,1.0,12000.0,8500,0,Ahmedabad,Gujarat,West,Priya,Credit Card
ORD4940,2026-01-04,C0684,Arjun Sharma,Monitor,Electronics,6.0,18000.0,14000,15,Kolkata,West Bengal,East,Sneha,Debit Card
ORD1170,2026-04-22,C0755,Meera Chauhan,Desk,Furniture,5.0,9000.0,6200,15,Delhi,Delhi,North,Priya,Debit Card
ORD2356,2026-02-03,C0621,Anjali Joshi,Desk,Furniture,7.0,9000.0,6200,15,Ahmedabad,Gujarat,West,Ravi,UPI
ORD3786,2026-07-29,C0089,Rohan Agarwal,Pen Set,Stationery,1.0,250.0,140,5,Gorakhpur,Uttar Pradesh,North,Sneha,UPI
ORD4687,2026-05-27,C0614,Varun Agarwal,Pen Set,Stationery,5.0,250.0,140,0,Mumbai,Maharashtra,West,Amit,Credit Card
ORD5778,2026-02-24,C0524,Meera Gupta,Printer,Electronics,4.0,16000.0,12500,20,Chennai,Tamil Nadu,South,Sneha,Debit Card
ORD5822,2026-05-25,C0796,Karan Patel,Notebook,Stationery,3.0,120.0,65,15,Jaipur,Rajasthan,North,Ravi,Debit Card
ORD3683,2026-02-25,C0463,Ravi Sharma,Monitor,Electronics,6.0,18000.0,14000,20,Jaipur,Rajasthan,North,Neha,Net Banking
ORD5733,2026-08-13,C0742,Aditya Chauhan,Printer,Electronics,5.0,16000.0,12500,10,Lucknow,Uttar Pradesh,North,Sneha,Net Banking
ORD5083,2026-08-22,C0372,Rohan Joshi,Keyboard,Electronics,4.0,1800.0,1100,10,Gorakhpur,Uttar Pradesh,North,Priya,Credit Card
ORD2641,2026-02-06,C0755,Meera Chauhan,Desk,Furniture,5.0,9000.0,6200,10,Ahmedabad,Gujarat,West,Sneha,Net Banking
ORD2291,2026-06-21,C0683,Meera Verma,Laptop,Electronics,3.0,55000.0,45000,15,Mumbai,Maharashtra,West,Priya,Debit Card
ORD2381,2026-04-02,C0374,Varun Gupta,Smartphone,Electronics,6.0,28000.0,22000,15,Bengaluru,Karnataka,South,Amit,Net Banking
ORD2934,2026-02-26,C0973,Priya Yadav,Office Chair,Furniture,4.0,12000.0,8500,20,Kolkata,West Bengal,East,Sneha,Net Banking
ORD1580,2026-02-06,C0941,Pooja Saxena,Headphones,Electronics,4.0,3500.0,2200,5,Bhubaneswar,Odisha,East,Amit,Credit Card
ORD5246,2026-02-19,C0717,Rohan Kumar,Printer,Electronics,7.0,16000.0,12500,10,Bengaluru,Karnataka,South,Karan,Debit Card
ORD4161,2026-08-01,C0209,Amit Mishra,Laptop,Electronics,2.0,55000.0,45000,20,Delhi,Delhi,North,Karan,Net Banking
ORD3031,2026-02-03,C0464,Meera Patel,Keyboard,Electronics,6.0,1800.0,1100,20,Mumbai,Maharashtra,West,Sneha,Credit Card
ORD1893,2026-03-20,C0393,Pooja Tiwari,Keyboard,Electronics,4.0,1800.0,1100,10,Ahmedabad,Gujarat,West,Priya,Credit Card
ORD5009,2026-03-04,C0671,Meera Saxena,Pen Set,Stationery,3.0,250.0,140,20,Bengaluru,Karnataka,South,Amit,Net Banking
ORD1781,2026-02-07,C0974,Amit Gupta,Headphones,Electronics,7.0,3500.0,2200,5,Pune,Maharashtra,West,Amit,Net Banking
ORD1160,2026-05-03,C0783,Vikas Saxena,Printer,Electronics,5.0,16000.0,12500,20,Bhubaneswar,Odisha,East,Amit,Net Banking
ORD1003,2026-03-25,C0719,Priya Joshi,Pen Set,Stationery,3.0,250.0,140,15,Pune,Maharashtra,West,Sneha,Credit Card
ORD3264,2026-04-09,C0165,Rahul Mishra,Desk,Furniture,7.0,9000.0,6200,0,Kolkata,West Bengal,East,Karan,Cash
ORD4217,2026-02-03,C0903,Kavita Singh,Monitor,Electronics,1.0,18000.0,14000,5,Lucknow,Uttar Pradesh,North,Neha,Cash
ORD3110,2026-05-31,C0265,Aditya Yadav,Desk,Furniture,1.0,9000.0,6200,15,Chennai,Tamil Nadu,South,Priya,Cash
ORD1850,2026-03-06,C0169,Kavita Agarwal,Headphones,Electronics,5.0,3500.0,2200,10,Gorakhpur,Uttar Pradesh,North,Karan,Credit Card
ORD3738,2026-07-15,C0726,Meera Kumar,Desk,Furniture,2.0,9000.0,6200,15,Bhubaneswar,Odisha,East,Priya,Net Banking
ORD3467,2026-06-24,C0234,Meera Sharma,Office Chair,Furniture,4.0,12000.0,8500,15,Lucknow,Uttar Pradesh,North,Sneha,Credit Card
ORD4751,2026-02-14,C0670,Meera Tiwari,Laptop,Electronics,5.0,55000.0,45000,0,Kolkata,West Bengal,East,Karan,Net Banking
ORD4705,2026-02-11,C0265,Aditya Yadav,Notebook,Stationery,6.0,120.0,65,10,Ahmedabad,Gujarat,West,Amit,Cash
ORD2597,2026-04-08,C0969,Pooja Gupta,Office Chair,Furniture,6.0,12000.0,8500,15,Gorakhpur,Uttar Pradesh,North,Priya,Debit Card
ORD2777,2026-01-06,C0628,Vikas Mehta,Pen Set,Stationery,1.0,250.0,140,5,Bhubaneswar,Odisha,East,Amit,Net Banking
ORD2914,2026-05-04,C0814,Manish Sharma,Smartphone,Electronics,3.0,28000.0,22000,15,Bengaluru,Karnataka,South,Amit,Cash
ORD2044,2026-08-21,C0765,Arjun Patel,Monitor,Electronics,4.0,18000.0,14000,15,Gorakhpur,Uttar Pradesh,North,Priya,Debit Card
ORD5742,2026-05-26,C0808,Rohan Kumar,Keyboard,Electronics,5.0,1800.0,1100,20,Pune,Maharashtra,West,Amit,Cash
ORD2545,2026-08-05,C0245,Rohan Patel,Notebook,Stationery,1.0,120.0,65,0,Mumbai,Maharashtra,West,Ravi,Net Banking
ORD3737,2026-05-19,C0994,Priya Verma,Notebook,Stationery,1.0,120.0,65,20,Bhubaneswar,Odisha,East,Ravi,Credit Card
ORD4761,2026-02-20,C0407,Ravi Joshi,Smartphone,Electronics,4.0,28000.0,22000,15,Bengaluru,Karnataka,South,Neha,Credit Card
ORD5645,2026-04-15,C0052,Priya Joshi,Keyboard,Electronics,4.0,1800.0,1100,5,Chennai,Tamil Nadu,South,Karan,UPI
ORD1054,2026-04-27,C0439,Nisha Chauhan,Office Chair,Furniture,3.0,12000.0,8500,10,Lucknow,Uttar Pradesh,North,Ravi,UPI
ORD2797,2026-07-07,C0527,Ravi Verma,Headphones,Electronics,6.0,3500.0,2200,20,Mumbai,Maharashtra,West,Amit,Net Banking
ORD4589,2026-02-26,C0538,Rohan Kumar,Headphones,ELECTRONICS,4.0,3500.0,2200,15,Chennai,Tamil Nadu,South,Priya,Cash
ORD2912,2026-02-20,C0170,Rohan Yadav,Notebook,Stationery,1.0,120.0,65,5,Delhi,Delhi,North,Priya,Cash
ORD3307,2026-02-03,C0502,Kavita Tiwari,Desk,Furniture,4.0,9000.0,6200,15,Lucknow,Uttar Pradesh,North,Ravi,Credit Card
ORD3554,2026-06-03,C0079,Amit Chauhan,Headphones,Electronics,5.0,3500.0,2200,15,Delhi,Delhi,North,Neha,Net Banking
ORD3801,2026-08-28,C0249,Priya Singh,Headphones,Electronics,2.0,3500.0,2200,20,Gorakhpur,Uttar Pradesh,North,Priya,UPI
ORD1937,2026-02-18,C0952,Kavita Mishra,Smartphone,Electronics,2.0,28000.0,22000,15,Gorakhpur,Uttar Pradesh,North,Ravi,UPI
ORD5153,2026-03-03,C0669,Kavita Sharma,Pen Set,Stationery,1.0,250.0,140,0,Bengaluru,Karnataka,South,Amit,Credit Card
ORD1825,2026-07-06,C0211,Nisha Joshi,Keyboard,Electronics,4.0,1800.0,1100,15,Mumbai,Maharashtra,West,Neha,UPI
ORD5763,2026-07-30,C0501,Priya Mehta,Keyboard,Electronics,3.0,1800.0,1100,20,Ahmedabad,Gujarat,West,Priya,Net Banking
ORD4179,2026-03-07,C0397,Anjali Sharma,Headphones,Electronics,6.0,3500.0,2200,5,Bhubaneswar,Odisha,East,Neha,Net Banking
ORD4402,2026-08-15,C0766,Karan Agarwal,Keyboard,Electronics,1.0,1800.0,1100,15,Bhubaneswar,Odisha,East,Karan,Cash
ORD2390,2026-04-28,C0684,Arjun Sharma,Monitor,Electronics,6.0,18000.0,14000,5,Gorakhpur,Uttar Pradesh,North,Amit,Credit Card
ORD4565,2026-04-03,C0962,Pooja Joshi,Office Chair,Furniture,3.0,12000.0,8500,20,Kolkata,West Bengal,East,Amit,Cash
ORD5907,2026-02-07,C0069,Nisha Sharma,Office Chair,Furniture,4.0,12000.0,8500,15,Hyderabad,Telangana,South,Karan,Net Banking
ORD1885,2026-06-27,C0327,Arjun Verma,Pen Set,Stationery,3.0,250.0,140,0,Gorakhpur,Uttar Pradesh,North,Ravi,Cash
ORD4860,2026-01-14,C0168,Shreya Sharma,Monitor,Electronics,7.0,18000.0,14000,5,Ahmedabad,Gujarat,West,Ravi,UPI
ORD2608,2026-04-19,C0726,,Office Chair,Furniture,1.0,12000.0,8500,20,Lucknow,Uttar Pradesh,North,Neha,UPI
ORD2595,2026-02-13,C0644,Rohan Saxena,Printer,Electronics,5.0,16000.0,12500,20,Pune,Maharashtra,West,Sneha,Credit Card
ORD1772,2026-07-20,C0751,Karan Saxena,Headphones,Electronics,3.0,3500.0,2200,5,Chennai,Tamil Nadu,South,Amit,Credit Card
ORD3612,2026-04-28,C0581,Pooja Joshi,Smartphone,Electronics,3.0,28000.0,22000,10,Gorakhpur,Uttar Pradesh,North,Sneha,Cash
ORD4911,2026-04-24,C0128,Rahul Singh, Laptop,Electronics,4.0,18000.0,14000,5,Bhubaneswar,Odisha,East,Sneha,Credit Card
ORD3274,2026-06-09,C0023,Priya Saxena,Monitor,Electronics,6.0,18000.0,14000,0,Chennai,Tamil Nadu,South,Priya,Net Banking
ORD2869,2026-08-24,C0769,Kavita Chauhan,Office Chair,Furniture,5.0,12000.0,8500,15,Bengaluru,Karnataka,South,Priya,Debit Card
ORD2086,2026-05-21,C0364,Priya Tiwari,Monitor,Electronics,6.0,18000.0,14000,10,Chennai,Tamil Nadu,South,Ravi,Cash
ORD1011,2026-03-26,C0366,Kavita Mehta,Notebook,Stationery,3.0,120.0,65,20,Delhi,Delhi,North,Sneha,Debit Card
ORD4666,2026-01-24,C0731,Arjun Sharma,Laptop,Electronics,2.0,55000.0,45000,20,Chennai,Tamil Nadu,South,Ravi,Net Banking
ORD2326,2026-04-09,C0145,Anjali Tiwari,Monitor,Electronics,2.0,18000.0,14000,0,Mumbai,Maharashtra,West,Neha,Net Banking
ORD4391,2026-04-16,C0716,Ravi Singh,Keyboard,Electronics,1.0,1800.0,1100,5,Chennai,Tamil Nadu,South,Priya,Credit Card
ORD2464,2026-04-10,C0924,Arjun Yadav,Pen Set,Stationery,2.0,250.0,140,15,Hyderabad,Telangana,South,Priya,Credit Card
ORD1807,2026-07-07,C0601,,Monitor,Electronics,3.0,18000.0,14000,20,Kolkata,West Bengal,East,Neha,Net Banking
ORD4790,2026-05-06,C0855,Nisha Gupta,Printer,Electronics,5.0,16000.0,12500,20,Hyderabad,Telangana,South,Ravi,Credit Card
ORD5373,2026-03-05,C0448,Shreya Patel,Smartphone,Electronics,2.0,28000.0,22000,15,Chennai,Tamil Nadu,South,Karan,Debit Card
ORD4826,2026-08-19,C0573,Pooja Chauhan,Laptop,Electronics,3.0,55000.0,45000,15,Bengaluru,Karnataka,South,Ravi,Credit Card
ORD3109,2026-03-24,C0334,Pooja Singh,Monitor,Electronics,1.0,18000.0,14000,0,Bhubaneswar,Odisha,East,Priya,UPI
ORD5389,2026-06-11,C0250,Rohan Verma,Laptop,Electronics,1.0,55000.0,45000,15,Bengaluru,Karnataka,South,Neha,Debit Card
ORD5987,2026-03-30,C0536,Rohan Saxena,Laptop ,Electronics,5.0,16000.0,12500,5,Jaipur,Rajasthan,North,Sneha,Debit Card
ORD3235,2026-04-05,C0569,Nisha Chauhan,Office Chair,Furniture,3.0,12000.0,8500,0,Bhubaneswar,Odisha,East,Ravi,Net Banking
ORD4212,2026-03-21,C0927,Nisha Sharma,Smartphone,Electronics,2.0,28000.0,22000,15,Hyderabad,Telangana,South,Ravi,UPI
ORD1964,2026-02-10,C0666,Manish Saxena,Monitor,Electronics,3.0,18000.0,14000,20,Hyderabad,Telangana,South,Amit,Debit Card
ORD4416,2026-04-14,C0781,Sneha Kumar,Laptop,Electronics,3.0,55000.0,45000,0,Hyderabad,Telangana,South,Amit,Net Banking
ORD4808,2026-07-13,C0236,Simran Gupta,Keyboard,Electronics,7.0,1800.0,1100,15,Kolkata,West Bengal,East,Sneha,Debit Card
ORD1399,2026-06-03,C0989,Anjali Gupta,Notebook,Stationery,2.0,120.0,65,10,Bengaluru,Karnataka,South,Amit,Cash
ORD3633,2026-07-03,C0370,Neha Singh,Office Chair,Furniture,1.0,12000.0,8500,0,Jaipur,Rajasthan,North,Ravi,Net Banking
ORD5881,2026-07-22,C0592,Rohan Mehta,Keyboard,Electronics,4.0,1800.0,1100,0,Jaipur,Rajasthan,North,Neha,Credit Card
ORD3997,2026-04-04,C0025,Ravi Saxena,Notebook,Stationery,2.0,120.0,65,15,Pune,Maharashtra,West,Amit,Net Banking
ORD1705,2026-01-06,C0965,Anjali Gupta,Printer,Electronics,7.0,16000.0,12500,15,Mumbai,Maharashtra,West,Amit,Debit Card
ORD1432,2026-03-14,C0195,Shreya Agarwal,Laptop,Electronics,,55000.0,45000,15,Chennai,Tamil Nadu,South,Priya,Cash
ORD1293,2026-01-20,C0058,Manish Sharma,Desk,Furniture,3.0,9000.0,6200,0,Bengaluru,Karnataka,South,Amit,Credit Card
ORD5897,2026-08-07,C0079,Amit Chauhan,Headphones,Electronics,2.0,3500.0,2200,15,Hyderabad,Telangana,South,Amit,Credit Card
ORD1146,2026-01-21,C0632,Rahul Chauhan,Keyboard,Electronics,7.0,1800.0,1100,0,Lucknow,Uttar Pradesh,North,Sneha,Net Banking
ORD5559,2026-01-24,C0466,Aditya Chauhan,Keyboard,Electronics,6.0,1800.0,1100,10,Hyderabad,Telangana,South,Ravi,Credit Card
ORD3034,2026-08-02,C0376,Nisha Chauhan,Laptop,Electronics,3.0,55000.0,45000,0,Ahmedabad,Gujarat,West,Ravi,UPI
ORD5232,2026-03-12,C0080,Rohan Yadav,Office Chair,Furniture,2.0,12000.0,8500,15,Pune,Maharashtra,West,Sneha,Credit Card
ORD2166,2026-02-27,C0615,Amit Singh,Smartphone,Electronics,5.0,28000.0,22000,0,Kolkata,West Bengal,East,Karan,Debit Card
ORD4501,2026-02-22,C0441,Manish Patel,Monitor,Electronics,7.0,18000.0,14000,15,Hyderabad,Telangana,South,Neha,UPI
ORD3051,2026-06-15,C0480,Amit Tiwari,Monitor,Electronics,6.0,18000.0,14000,15,Bengaluru,Karnataka,South,Karan,Net Banking
ORD3625,2026-02-11,C0030,Aditya Saxena,Pen Set,Stationery,6.0,250.0,140,10,Hyderabad,Telangana,NORTH,Ravi,Credit Card
ORD5405,2026-06-12,C0445,Karan Saxena,Monitor,Electronics,2.0,18000.0,14000,0,Bhubaneswar,Odisha,East,Amit,UPI
ORD1340,2026-05-18,C0417,Sneha Singh,Keyboard,Electronics,1.0,1800.0,1100,10,Kolkata,West Bengal,East,Sneha,Credit Card
ORD4936,2026-05-06,C0054,Sneha Agarwal,Pen Set,Stationery,1.0,250.0,140,15,Bhubaneswar,Odisha,East,Sneha,Net Banking
ORD4784,2026-03-07,C0568,Pooja Mishra,Printer,Electronics,7.0,16000.0,12500,5,Mumbai,Maharashtra,West,Neha,Credit Card
ORD3974,2026-04-05,C0112,Priya Agarwal,Keyboard,Electronics,5.0,1800.0,1100,10,Chennai,Tamil Nadu,South,Ravi,Credit Card
ORD1266,2026-01-14,C0221,Simran Saxena,Monitor,Electronics,3.0,18000.0,14000,20,Ahmedabad,Gujarat,West,Amit,UPI
ORD3425,2026-03-16,C0183,Priya Mehta,Keyboard,Electronics,6.0,1800.0,1100,5,Mumbai,Maharashtra,West,Amit,Credit Card
ORD2263,2026-07-24,C0187,Ravi Kumar,Keyboard,ELECTRONICS,1.0,1800.0,1100,0,Lucknow,Uttar Pradesh,North,Neha,Debit Card
ORD2772,2026-06-21,C0447,Shreya Chauhan,Smartphone,Electronics,7.0,28000.0,22000,15,Delhi,Delhi,North,Amit,Net Banking
ORD4512,2026-04-14,C0494,Karan Sharma,Keyboard,Electronics,2.0,1800.0,1100,0,Gorakhpur,Uttar Pradesh,North,Amit,Debit Card
ORD1272,2026-04-01,C0130,Meera Joshi,Smartphone,Electronics,1.0,28000.0,22000,10,Kolkata,West Bengal,East,Ravi,Credit Card
ORD1697,2026-06-29,C0773,Neha Patel,Keyboard,Electronics,2.0,1800.0,1100,15,Pune,Maharashtra,West,Karan,UPI
ORD1748,2026-04-05,C0684,Arjun Sharma,Monitor,Electronics,6.0,18000.0,14000,0,Delhi,Delhi,North,Neha,Credit Card
ORD1245,2026-08-26,C0856,Amit Verma,Monitor,Electronics,7.0,18000.0,14000,0,Kolkata,West Bengal,East,Neha,UPI
ORD1318,2026-01-19,C0687,Kavita Gupta,Desk,Furniture,2.0,9000.0,6200,15,Mumbai,Maharashtra,West,Neha,Net Banking
ORD1477,2026-02-28,C0728,Test Customer,Keyboard,Electronics,1.0,1800.0,1100,5,Mumbai,Maharashtra,West,Karan,Credit Card
ORD3033,2026-01-15,C0146,Shreya Mishra,Laptop,Electronics,,55000.0,45000,5,Delhi,Delhi,North,Amit,Net Banking
ORD1958,2026-07-24,C0255,Neha Patel,Pen Set,Stationery,6.0,250.0,140,10,Mumbai,Maharashtra,West,Karan,Credit Card
ORD4872,2026-04-17,C0179,Unknown Customer,Office Chair,Furniture,1.0,12000.0,8500,0,Bengaluru,Karnataka,South,Neha,Credit Card
ORD1814,2026-04-01,C0855,Nisha Gupta,Laptop,Electronics,7.0,55000.0,45000,10,Gorakhpur,Uttar Pradesh,North,Ravi,UPI
ORD5197,2026-06-22,C0463,Ravi Sharma,Laptop,Electronics,7.0,55000.0,45000,0,Ahmedabad,Gujarat,West,Sneha,Net Banking
ORD2915,2026-08-11,C0468,Arjun Kumar,Pen Set,Stationery,7.0,250.0,140,15,Lucknow,Uttar Pradesh,North,Neha,Debit Card
ORD5630,2026-06-04,C0916,Meera Patel,Keyboard,Electronics,7.0,1800.0,1100,15,,Gujarat,West,Ravi,UPI
ORD4488,2026-08-14,C0739,Aditya Mishra,Printer,Electronics,6.0,16000.0,12500,0,Gorakhpur,Uttar Pradesh,North,Neha,Cash
ORD2298,2026-01-12,C0487,Aditya Mishra,Notebook,Stationery,2.0,120.0,65,0,Kolkata,West Bengal,East,Karan,UPI
ORD5088,2026-02-09,C0362,Priya Kumar,Keyboard,Electronics,7.0,1800.0,1100,20,Hyderabad,Telangana,South,Karan,Credit Card
ORD2805,2026-08-22,C0841,Rahul Chauhan,Office Chair,Furniture,7.0,12000.0,8500,10,Bengaluru,Karnataka,South,Neha,Debit Card
ORD1759,2026-01-03,C0862,Sneha Gupta,Notebook,Stationery,5.0,120.0,65,15,Gorakhpur,Uttar Pradesh,North,Sneha,Debit Card
ORD1251,2026-01-26,C0820,Manish Joshi,Pen Set,Stationery,4.0,250.0,140,5,Gorakhpur,Uttar Pradesh,North,Amit,Credit Card
ORD3462,2026-01-05,C0974,Amit Gupta,Pen Set,ELECTRONICS,4.0,250.0,140,20,Delhi,Delhi,North,Sneha,UPI
ORD1546,2026-04-10,C0372,Rohan Joshi,Office Chair,Furniture,6.0,12000.0,8500,15,Pune,Maharashtra,West,Karan,Cash
ORD4242,2026-02-25,C0582,Anjali Chauhan,Headphones,Electronics,6.0,3500.0,2200,20,Kolkata,West Bengal,East,Priya,Debit Card
ORD1739,2026-03-22,C0998,Karan Tiwari,Smartphone,Electronics,6.0,28000.0,22000,0,Bengaluru,Karnataka,South,Priya,Net Banking
ORD1311,2026-05-20,C0505,Kavita Agarwal,Keyboard,Electronics,4.0,1800.0,1100,5,Gorakhpur,Uttar Pradesh,North,Ravi,Net Banking
ORD4835,2026-03-31,C0718,Nisha Chauhan,Notebook,Stationery,4.0,120.0,65,15,Gorakhpur,Uttar Pradesh,North,Karan,Net Banking
ORD3942,2026-08-11,C0648,Ravi Kumar,Monitor,Electronics,4.0,18000.0,14000,20,Delhi,Delhi,North,Priya,Debit Card
ORD2132,2026-08-24,C0725,Sneha Kumar,Laptop, Electronics ,3.0,55000.0,45000,10,Jaipur,Rajasthan,North,Amit,Net Banking
ORD2450,2026-03-22,C0040,Karan Yadav,Desk,Furniture,7.0,9000.0,6200,10,Hyderabad,Telangana,South,Sneha,Debit Card
ORD5950,2026-04-01,C0415,Vikas Yadav,Smartphone,Electronics,7.0,28000.0,22000,20,Pune,Maharashtra,West,Karan,Debit Card
ORD1016,2026-02-04,C0164,Anjali Singh,Pen Set,Stationery,2.0,250.0,140,20,Delhi,Delhi,North,Amit,UPI
ORD4233,2026-01-17,C0108,Amit Gupta,Pen Set,Stationery,5.0,250.0,140,15,Gorakhpur,Uttar Pradesh,North,Sneha,Credit Card
ORD3770,2026-07-08,C0356,Shreya Yadav,Office Chair,Furniture,7.0,12000.0,8500,10,Chennai,Tamil Nadu,South,Amit,Cash
ORD4469,2026-01-07,C0577,Arjun Kumar,Smartphone,Electronics,4.0,28000.0,22000,15,Ahmedabad,Gujarat,West,Priya,Debit Card
ORD1921,2026-02-12,C0990,Nisha Mehta,Printer,Electronics,2.0,16000.0,12500,5,Hyderabad,Telangana,South,Sneha,UPI
ORD4030,2026-08-19,C0039,Vikas Kumar,Notebook,Stationery,1.0,120.0,65,20,Pune,Maharashtra,West,Karan,UPI
ORD2373,2026-04-21,C0201,Priya Mehta,Smartphone,Electronics,1.0,28000.0,22000,5,Pune,Maharashtra,West,Priya,Cash
ORD4588,2026-07-30,C0262,Rohan Singh,Headphones,Electronics,3.0,3500.0,2200,5,Chennai,Tamil Nadu,South,Amit,Cash
ORD3545,2026-02-19,C0379,Anjali Agarwal,Desk,Furniture,1.0,9000.0,6200,5,Lucknow,Uttar Pradesh,North,Karan,Net Banking
ORD4599,2026-07-29,C0260,Sneha Verma,Pen Set,Stationery,4.0,250.0,140,0,Chennai,Tamil Nadu,South,Neha,Net Banking
ORD1039,2026-07-02,C0676,Ravi Agarwal,Office Chair,Furniture,4.0,12000.0,8500,5,Ahmedabad,Gujarat,West,Amit,Debit Card
ORD1364,2026-02-01,C0150,Meera Yadav,Monitor,Electronics,4.0,18000.0,14000,15,Chennai,Tamil Nadu,South,Ravi,Cash
ORD5127,2026-03-30,C0227,Aditya Singh,Laptop,Electronics,1.0,55000.0,45000,5,Pune,Maharashtra,West,Sneha,UPI
ORD1183,2026-08-20,C0782,Amit Tiwari,Monitor,Electronics,3.0,18000.0,14000,20,Gorakhpur,Uttar Pradesh,North,Sneha,Cash
ORD4034,2026-04-21,C0006,Shreya Agarwal,Notebook,Stationery,5.0,120.0,65,10,Gorakhpur,Uttar Pradesh,North,Karan,Net Banking
ORD3984,2026-08-27,C0168,Shreya Sharma,Smartphone,Electronics,7.0,28000.0,22000,15,Pune,Maharashtra,West,Priya,UPI
ORD2195,2026-01-07,C0283,Rahul Joshi,Printer,Electronics,3.0,16000.0,12500,0,Chennai,Tamil Nadu,South,Sneha,Net Banking
ORD3853,2026-04-18,C0868,Pooja Kumar,Keyboard,Electronics,2.0,1800.0,1100,5,Chennai,Tamil Nadu,South,Priya,Debit Card
ORD4821,2026-05-26,C0343,Karan Sharma,Desk,Furniture,6.0,9000.0,6200,5,Jaipur,Rajasthan,North,Ravi,Debit Card
ORD2122,2026-02-21,C0908,Karan Chauhan,Desk,Furniture,2.0,9000.0,6200,15,Bhubaneswar,Odisha,East,Neha,Cash
ORD3236,2026-01-04,C0734,Meera Verma,Headphones,Electronics,5.0,3500.0,2200,0,Chennai,Tamil Nadu,South,Priya,Credit Card
ORD3668,2026-06-29,C0075,Shreya Yadav,Keyboard,Electronics,3.0,"₹55,000",1100,0,Hyderabad,Telangana,South,Karan,Debit Card
ORD4754,2026-04-02,C0364,Priya Tiwari,Keyboard,Electronics,3.0,1800.0,1100,10,Jaipur,Rajasthan,North,Priya,Debit Card
ORD4224,2026-04-03,C0128,Aditya Verma,Headphones,Electronics,1.0,3500.0,2200,10,Kolkata,West Bengal,East,Priya,Net Banking
ORD2183,2026-03-07,C0683,Meera Verma,Pen Set,Stationery,4.0,250.0,140,5,Pune,Maharashtra,West,Sneha,Cash
ORD5210,2026-01-14,C0005,Priya Mishra,Smartphone,Electronics,4.0,28000.0,22000,20,Bengaluru,Karnataka,South,Neha,Credit Card
ORD5320,2026-02-23,C0721,Kavita Joshi,Keyboard,Electronics,4.0,1800.0,1100,10,Gorakhpur,Uttar Pradesh,North,Sneha,Debit Card
ORD1615,2026-04-04,C0470,Karan Chauhan,Office Chair,Furniture,5.0,12000.0,8500,15,Delhi,Delhi,North,Priya,Cash
ORD5939,2026-05-25,C0045,Karan Sharma,Notebook,Stationery,7.0,120.0,65,15,Lucknow,Uttar Pradesh,North,Priya,Cash
ORD2467,2026-02-08,C0313,Neha Joshi,Smartphone,Electronics,3.0,28000.0,22000,20,Kolkata,West Bengal,East,Priya,UPI
ORD1402,2026-06-22,C0915,Rohan Yadav,Monitor,Electronics,6.0,18000.0,14000,15,Delhi,Delhi,North,Ravi,Credit Card
ORD4043,2026-02-27,C0906,,Notebook,Stationery,2.0,120.0,65,15,Mumbai,Maharashtra,West,Sneha,UPI
ORD1935,2026-06-20,C0741,Shreya Gupta,Office Chair,Furniture,3.0,12000.0,8500,15,Hyderabad,Telangana,South,Karan,UPI
ORD3420,2026-06-16,C0634,Sneha Joshi,Office Chair,Furniture,,12000.0,8500,10,Pune,Maharashtra,West,Ravi,Debit Card
ORD5087,2026-08-16,C0264,Karan Joshi,Laptop,Electronics,2.0,55000.0,45000,10,Jaipur,Rajasthan,North,Karan,Debit Card
ORD5541,2026-06-06,C0562,Pooja Kumar,Notebook,Stationery,4.0,120.0,65,20,Chennai,Tamil Nadu,South,Sneha,Debit Card
ORD3642,2026-06-24,C0120,Shreya Agarwal,Pen Set,Stationery,5.0,250.0,140,20,Ahmedabad,Gujarat,West,Sneha,Debit Card
ORD5075,2026-07-11,C0918,Pooja Tiwari,Pen Set,Stationery,3.0,250.0,140,20,Pune,Maharashtra,West,Amit,Net Banking
ORD1727,2026-07-15,C0992,Karan Gupta,Laptop,Electronics,4.0,55000.0,45000,0,Kolkata,West Bengal,East,Ravi,UPI
ORD1827,2026-04-18,C0578,Ravi Kumar,Smartphone,Electronics,4.0,28000.0,22000,5,Mumbai,Maharashtra,West,Amit,Debit Card
ORD2522,2026-03-04,C0636,Rohan Mehta,Keyboard,Electronics,2.0,1800.0,1100,15,Bengaluru,Karnataka,South,Amit,Cash
ORD5774,2026-07-15,C0231,Neha Kumar,Desk,Furniture,1.0,9000.0,6200,5,Hyderabad,Telangana,South,Amit,UPI
ORD3931,2026-06-27,C0673,Rohan Verma,Smartphone,Electronics,1.0,28000.0,22000,15,Jaipur,Rajasthan,North,Ravi,Net Banking
ORD1137,2026-08-05,C0600,Amit Mishra,Office Chair,Furniture,4.0,12000.0,8500,5,Jaipur,Rajasthan,North,Priya,Credit Card
ORD4591,2026-07-16,C0454,Kavita Mishra,Pen Set,Stationery,7.0,250.0,140,20,Mumbai,Maharashtra,West,Sneha,Credit Card
ORD1629,2026-08-01,C0696,Priya Chauhan,Notebook,Stationery,6.0,120.0,65,20,Hyderabad,Telangana,South,Neha,Cash
ORD1335,2026-02-01,C0675,Amit Singh,Printer,Electronics,1.0,16000.0,12500,0,Bengaluru,Karnataka,South,Ravi,Credit Card
ORD1391,2026-08-17,C0444,Simran Yadav,Notebook,Stationery,3.0,120.0,65,0,Hyderabad,Telangana,South,Amit,UPI
ORD5885,2026-04-24,C0888,Arjun Saxena, Laptop,Furniture,3.0,12000.0,8500,20,Hyderabad,Telangana,South,Amit,
ORD5906,2026-07-07,C0744,Varun Mishra,Monitor,Electronics,5.0,18000.0,14000,15,Lucknow,Uttar Pradesh,North,Sneha,Debit Card
ORD4888,2026-05-29,C0846,Rohan Joshi,Smartphone,Electronics,1.0,28000.0,22000,5,Bhubaneswar,Odisha,East,Sneha,Net Banking
ORD2818,2026-07-10,C0527,Ravi Verma,Smartphone,Electronics,2.0,28000.0,22000,15,Mumbai,Maharashtra,West,Sneha,Debit Card
ORD1401,2026-02-18,C0368,Anjali Joshi,Keyboard,Electronics,2.0,1800.0,1100,15,Bengaluru,Karnataka,South,Priya,Cash
ORD1711,2026-06-27,C0789,Sneha Agarwal,Printer,Electronics,5.0,16000.0,12500,5,Kolkata,West Bengal,East,Amit,Cash
ORD2040,2026-04-30,C0003,Nisha Gupta,Office Chair,Furniture,4.0,12000.0,8500,20,Mumbai,Maharashtra,West,Sneha,Credit Card
ORD5047,2026-03-14,C0986,Arjun Mehta,Monitor,Electronics,5.0,18000.0,14000,5,Kolkata,West Bengal,East,Priya,UPI
ORD4360,2026-06-13,C0074,Kavita Sharma,Desk,Furniture,5.0,9000.0,6200,20,Delhi,Delhi,North,Ravi,Debit Card
ORD1047,2026-03-07,C0993,Ravi Chauhan,Office Chair,Furniture,5.0,12000.0,8500,20,Pune,Maharashtra,West,Karan,Credit Card
ORD2562,2026-07-09,C0967,Ravi Patel,Keyboard,Electronics,2.0,1800.0,1100,0,Pune,Maharashtra,West,Karan,Net Banking
ORD5829,2026-01-27,C0534,Simran Chauhan,Notebook,Stationery,3.0,120.0,65,10,Bhubaneswar,Odisha,East,Neha,Debit Card
ORD4643,2026-02-17,C0634,Sneha Joshi,Headphones,Electronics,4.0,3500.0,2200,0,Gorakhpur,Uttar Pradesh,North,Amit,UPI
ORD4727,2026-01-12,C0998,Karan Tiwari,Printer,Electronics,1.0,16000.0,12500,15,Jaipur,Rajasthan,North,Neha,Net Banking
ORD5873,2026-08-16,C0278,Nisha Sharma,Notebook,Stationery,1.0,120.0,65,10,Ahmedabad,Gujarat,West,Karan,Net Banking
ORD2113,2026-05-23,C0679,Kavita Gupta,Keyboard,Electronics,1.0,1800.0,1100,15,Mumbai,Maharashtra,West,Sneha,Cash
ORD3514,2026-05-04,C0156,Karan Verma,Desk,Furniture,7.0,9000.0,6200,5,Bengaluru,Karnataka,South,Karan,Net Banking
ORD4609,2026-04-14,C0680,Arjun Yadav,Keyboard,Electronics,1.0,1800.0,1100,15,Bengaluru,Karnataka,South,Ravi,Cash
ORD2224,2026-03-13,C0649,Anjali Joshi,Printer,Electronics,3.0,16000.0,12500,15,Chennai,Tamil Nadu,South,Priya,UPI
ORD5887,2026-06-10,C0116,Vikas Mehta,Pen Set,Stationery,4.0,250.0,140,20,Delhi,Delhi,North,Priya,Net Banking
ORD4024,2026-01-26,C0125,Rahul Gupta,Smartphone,Electronics,7.0,28000.0,22000,20,Pune,Maharashtra,West,Neha,Debit Card
ORD3422,2026-01-26,C0202,Nisha Saxena,Pen Set,Stationery,7.0,250.0,140,5,Gorakhpur,Uttar Pradesh,North,Priya,Credit Card
ORD2509,2026-01-10,C0334,Pooja Singh,Notebook,Stationery,6.0,120.0,65,15,Pune,Maharashtra,West,Amit,UPI
ORD2751,2026-03-29,C0856,Amit Verma,Smartphone,Electronics,7.0,28000.0,22000,15,Gorakhpur,Uttar Pradesh,North,Ravi,UPI
ORD5867,2026-07-09,C0962,Pooja Joshi,Pen Set,Stationery,6.0,250.0,140,15,Pune,Maharashtra,West,Amit,Cash
ORD5122,2026-04-30,C0878,Nisha Kumar,Smartphone,Electronics,3.0,28000.0,22000,5,Delhi,Delhi,North,Neha,UPI
ORD2800,2026-05-14,C0506,Sneha Tiwari,Office Chair,Furniture,7.0,12000.0,8500,15,Pune,Maharashtra,West,Ravi,UPI
ORD1339,2026-06-26,C0076,Nisha Yadav,Office Chair,Furniture,5.0,12000.0,8500,5,Delhi,Delhi,North,Ravi,UPI
ORD1216,2026-08-16,C0642,Priya Verma,Notebook,Stationery,2.0,120.0,65,15,Delhi,Delhi,North,Karan,UPI
ORD4664,2026-03-04,C0005,Priya Mishra,Smartphone,Electronics,4.0,28000.0,22000,10,Hyderabad,Telangana,South,Ravi,Cash
ORD2342,2026-05-01,C0595,Amit Mishra,Notebook,Stationery,5.0,120.0,65,5,Lucknow,Uttar Pradesh,North,Ravi,Debit Card
ORD1012,2026-02-17,C0646,Kavita Kumar,Smartphone,Electronics,1.0,28000.0,22000,0,Kolkata,West Bengal,East,Neha,Debit Card
ORD2521,2026-03-25,C0547,Manish Sharma,Pen Set,Stationery,4.0,250.0,140,15,Kolkata,West Bengal,East,Karan,Cash
ORD4641,2026-08-22,C0789,Sneha Agarwal,Smartphone,Electronics,1.0,28000.0,22000,5,Chennai,Tamil Nadu,South,Amit,Debit Card
ORD5953,2026-01-13,C0333,Aditya Tiwari,Keyboard,Electronics,5.0,1800.0,1100,15,Bhubaneswar,Odisha,East,Priya,UPI
ORD4830,2026-05-05,C0908,Karan Chauhan,Office Chair,Furniture,3.0,12000.0,8500,15,Delhi,Delhi,North,Sneha,Cash
ORD4005,2026-07-19,C0307,Priya Gupta,Office Chair,Furniture,3.0,12000.0,8500,5,Jaipur,Rajasthan,North,Priya,Net Banking
ORD3865,2026-04-22,C0248,Amit Yadav,Headphones,Electronics,5.0,3500.0,2200,15,Bhubaneswar,Odisha,East,Ravi,Net Banking
ORD4116,2026-01-06,C0913,Anjali Patel,Smartphone,Electronics,6.0,28000.0,22000,10,Pune,Maharashtra,West,Ravi,Debit Card
ORD5870,2026-03-09,C0998,Karan Tiwari,Pen Set,Stationery,1.0,250.0,140,0,Jaipur,Rajasthan,North,Neha,Debit Card
ORD3323,2026-03-05,C0256,Amit Kumar,Notebook,Stationery,7.0,120.0,65,10,Bhubaneswar,Odisha,East,Neha,Debit Card
ORD3572,2026-07-17,C0756,Priya Mishra,Printer,Electronics,6.0,16000.0,12500,20,Bengaluru,Karnataka,South,Sneha,Credit Card
ORD3914,2026-01-20,C0133,Kavita Yadav,Smartphone,Electronics,2.0,28000.0,22000,20,Jaipur,Rajasthan,North,Karan,Net Banking
ORD1102,2026-05-30,C0613,Vikas Gupta,laptop,Stationery,1.0,120.0,65,5,Jaipur,Rajasthan,north,Sneha,Debit Card
ORD4550,2026-04-18,C0945,Vikas Mishra,Monitor,Electronics,2.0,18000.0,14000,10,Jaipur,Rajasthan,North,Amit,UPI
ORD2459,2026-06-18,C0558,Priya Mehta,Smartphone,Electronics,5.0,28000.0,22000,15,Chennai,Tamil Nadu,South,Ravi,Debit Card
ORD1172,2026-03-14,C0734,Meera Verma,Office Chair,Furniture,1.0,12000.0,8500,5,Chennai,Tamil Nadu,South,Ravi,UPI
ORD1108,2026-03-16,C0716,Ravi Singh,Notebook,Stationery,1.0,120.0,65,15,Lucknow,Uttar Pradesh,North,Ravi,Credit Card
ORD5222,2026-06-26,C0599,Karan Agarwal,Printer,Electronics,3.0,16000.0,12500,5,Chennai,Tamil Nadu,South,Sneha,Net Banking
ORD4570,2026-03-11,C0302,Anjali Singh,Laptop,ELECTRONICS,4.0,55000.0,45000,10,Jaipur,Rajasthan,North,Amit,Credit Card
ORD1015,2026-04-13,C0932,Varun Agarwal,Pen Set,Stationery,2.0,250.0,140,15,Jaipur,Rajasthan,North,Amit,Credit Card
ORD5322,2026-02-22,C0370,Neha Singh,Smartphone,Electronics,5.0,28000.0,22000,0,Jaipur,Rajasthan,North,Amit,Net Banking
ORD1025,2026-04-14,C0068,Amit Singh,Monitor,Electronics,4.0,18000.0,14000,5,Kolkata,West Bengal,NORTH,Neha,UPI
ORD4918,2026-04-29,C0394,Shreya Saxena,Laptop,Electronics,6.0,55000.0,45000,15,Bhubaneswar,Odisha,East,Ravi,Credit Card
ORD5148,2026-04-15,C0273,Meera Saxena,Office Chair,Furniture,4.0,12000.0,8500,20,Pune,Maharashtra,West,Neha,Net Banking
ORD1939,2026-08-20,C0942,Anjali Mehta,Pen Set,Stationery,3.0,250.0,140,15,Kolkata,West Bengal,East,Amit,Cash
ORD1061,2026-01-02,C0351,Sneha Tiwari,Office Chair,Furniture,2.0,12000.0,8500,0,Ahmedabad,Gujarat,West,Neha,Credit Card
ORD2241,2026-03-16,C0868,Pooja Kumar,Notebook,Stationery,5.0,120.0,65,10,Pune,Maharashtra,West,Sneha,Cash
ORD5665,2026-04-18,C0244,Anjali Mishra,Monitor,Electronics,4.0,18000.0,14000,15,Chennai,Tamil Nadu,South,Sneha,Credit Card
ORD2041,2026-04-27,C0783,Vikas Saxena,Smartphone,Electronics,1.0,28000.0,22000,15,Mumbai,Maharashtra,West,Sneha,Credit Card
ORD5213,2026-04-30,C0107,Varun Yadav,Office Chair,Furniture,1.0,12000.0,8500,0,Gorakhpur,Uttar Pradesh,North,Priya,Net Banking
ORD3761,2026-04-26,C0084,Ravi Mishra,Office Chair, Electronics ,3.0,12000.0,8500,0,Mumbai,Maharashtra,West,Sneha,Debit Card
ORD3121,2026-08-03,C0041,Shreya Mishra,Desk,Furniture,7.0,9000.0,6200,0,Pune,Maharashtra,West,Priya,Net Banking
ORD2525,2026-06-04,C0244,Anjali Mishra,Keyboard,Electronics,2.0,1800.0,1100,0,Chennai,Tamil Nadu,South,Amit,UPI
ORD4522,2026-01-08,C0060,Manish Verma,Monitor,Electronics,6.0,18000.0,14000,10,Gorakhpur,Uttar Pradesh,North,Ravi,Debit Card
ORD1154,2026-05-26,C0263,Rahul Gupta,Desk,Furniture,4.0,9000.0,6200,5,Kolkata,West Bengal,East,Ravi,Debit Card
ORD3249,2026-03-16,C0299,Rahul Saxena,Monitor,Electronics,6.0,18000.0,14000,5,Chennai,Tamil Nadu,South,Priya,UPI
ORD1482,2026-06-30,C0942,Anjali Mehta,Notebook,Stationery,1.0,120.0,65,10,Ahmedabad,Gujarat,West,Sneha,Debit Card
ORD5259,2026-02-27,C0028,Ravi Mehta,Laptop,Electronics,3.0,55000.0,45000,10,Gorakhpur,Uttar Pradesh,North,Sneha,Debit Card
ORD5332,2026-05-15,C0332,Nisha Kumar,Laptop,Electronics,6.0,55000.0,45000,20,Gorakhpur,Uttar Pradesh,North,Ravi,Debit Card
ORD4579,2026-06-07,C0326,,Laptop,Electronics,7.0,55000.0,45000,5,Gorakhpur,Uttar Pradesh,North,Ravi,UPI
ORD5151,2026-03-27,C0385,Meera Joshi,Headphones,Electronics,7.0,3500.0,2200,15,Bhubaneswar,Odisha,East,Karan,Credit Card
ORD4563,2026-03-02,C0857,Varun Chauhan,Desk,Furniture,2.0,9000.0,6200,5,Gorakhpur,Uttar Pradesh,North,Priya,Credit Card
ORD4316,2026-05-23,C0716,Ravi Singh,Printer,Electronics,2.0,16000.0,12500,20,Hyderabad,Telangana,South,Karan,Credit Card
ORD2763,2026-06-24,C0248,Amit Yadav,Headphones,Electronics,7.0,3500.0,2200,5,Chennai,Tamil Nadu,South,Ravi,Debit Card
ORD4539,2026-05-04,C0266,Sneha Tiwari,Pen Set,Stationery,3.0,250.0,140,5,Gorakhpur,Uttar Pradesh,North,Ravi,Debit Card
ORD5833,2026-02-28,C0501,Priya Mehta,Laptop,Electronics,7.0,55000.0,45000,5,Bhubaneswar,Odisha,East,Sneha,Net Banking
ORD1751,2026-01-14,C0233,Simran Agarwal,Office Chair,Furniture,6.0,12000.0,8500,5,Chennai,Tamil Nadu,South,Amit,Debit Card
ORD4620,2026-03-05,C0372,Rohan Joshi,Notebook,Stationery,7.0,120.0,65,20,Jaipur,Rajasthan,North,Amit,UPI
ORD2786,2026-05-28,C0652,Kavita Sharma,Headphones,Electronics,4.0,3500.0,2200,5,Bengaluru,Karnataka,South,Amit,Debit Card
ORD5297,2026-07-07,C0017,Priya Singh,Monitor,Electronics,4.0,18000.0,14000,15,Mumbai,Maharashtra,West,Neha,Debit Card
ORD4384,2026-06-12,C0877,Sneha Patel,Monitor,Electronics,1.0,18000.0,14000,20,Mumbai,Maharashtra,West,Karan,Credit Card
ORD5164,2026-03-20,C0688,Rohan Agarwal,Pen Set,Stationery,1.0,250.0,140,20,Bengaluru,Karnataka,South,Amit,Net Banking
ORD1406,2026-08-23,C0261,,Keyboard,Electronics,3.0,1800.0,1100,20,Bengaluru,Karnataka,South,Karan,Credit Card
ORD1758,2026-06-16,C0520,Rohan Verma,Notebook,Stationery,5.0,120.0,65,10,Chennai,Tamil Nadu,South,Karan,Cash
ORD3712,2026-05-06,C0093,Varun Mishra,Notebook,Stationery,1.0,120.0,65,10,Ahmedabad,Gujarat,West,Karan,Credit Card
ORD3671,2026-03-13,C0694,Neha Mehta,Notebook,Stationery,6.0,120.0,65,10,Chennai,Tamil Nadu,South,Karan,Debit Card
ORD5041,2026-08-01,C0837,Shreya Chauhan,Monitor,Electronics,2.0,18000.0,14000,20,Gorakhpur,Uttar Pradesh,North,Amit,Credit Card
ORD1098,2026-04-28,C0167,Rohan Patel,Keyboard,Electronics,1.0,1800.0,1100,0,Kolkata,West Bengal,East,Neha,Net Banking
ORD2334,2026-01-22,C0994,Priya Verma,Laptop,Electronics,3.0,55000.0,45000,15,Jaipur,Rajasthan,North,Sneha,Net Banking
ORD5478,2026-03-05,C0745,Anjali Yadav,Monitor,Electronics,6.0,18000.0,14000,20,Delhi,Delhi,North,Ravi,Cash
ORD3792,2026-03-27,C0066,Amit Agarwal,Notebook,Stationery,1.0,120.0,65,20,Bhubaneswar,Odisha,East,Amit,Credit Card
ORD3855,2026-08-02,C0472,Kavita Singh,Monitor,Electronics,1.0,18000.0,14000,5,Chennai,Tamil Nadu,South,Amit,Net Banking
ORD1187,2026-02-06,C0654,Nisha Gupta,Laptop,Electronics,2.0,55000.0,45000,15,Delhi,Delhi,North,Neha,Cash
ORD5061,2026-07-20,C0750,Nisha Joshi,Office Chair,Furniture,1.0,12000.0,8500,5,,Tamil Nadu,South,Sneha,UPI
ORD3724,2026-08-05,C0825,Shreya Yadav,Monitor,Electronics,1.0,18000.0,14000,5,Hyderabad,Telangana,South,Amit,UPI
ORD4584,2026-05-29,C0871,Aditya Yadav,Headphones,Electronics,3.0,3500.0,2200,5,Delhi,Delhi,North,Sneha,UPI
ORD3059,2026-02-20,C0314,Shreya Singh,Keyboard,Electronics,1.0,1800.0,1100,10,Pune,Maharashtra,West,Karan,Cash
ORD2320,2026-08-16,C0655,Karan Saxena,Monitor,Electronics,6.0,18000.0,14000,0,Chennai,Tamil Nadu,South,Priya,UPI
ORD5224,2026-04-22,C0545,Pooja Saxena,Laptop,Electronics,3.0,55000.0,45000,15,Mumbai,Maharashtra,West,Sneha,Cash
ORD1149,2026-05-11,C0077,Rahul Joshi,Desk,Furniture,1.0,9000.0,6200,0,Bhubaneswar,Odisha,East,Sneha,Cash
ORD1029,2026-07-29,C0095,Rohan Patel,Keyboard,Electronics,2.0,1800.0,1100,15,Delhi,Delhi,North,Priya,Cash
ORD5166,2026-04-27,C0271,Rohan Agarwal,Headphones,Electronics,3.0,3500.0,2200,20,Bhubaneswar,Odisha,East,Karan,Credit Card
ORD5067,2026-04-20,C0845,Kavita Mishra,Pen Set,Stationery,3.0,250.0,140,15,Pune,Maharashtra,West,Amit,Credit Card
ORD4364,2026-02-03,C0498,Karan Mehta,Headphones,Electronics,1.0,3500.0,2200,15,Bengaluru,Karnataka,South,Amit,Cash
ORD1693,2026-03-06,C0957,Arjun Chauhan,Pen Set,Stationery,1.0,250.0,140,10,Lucknow,Uttar Pradesh,North,Neha,UPI
ORD3867,2026-08-23,C0041,Shreya Mishra,Desk,Furniture,6.0,9000.0,6200,5,Pune,Maharashtra,West,Priya,Debit Card
ORD4777,2026-06-23,C0828,Anjali Verma,Desk,Furniture,2.0,9000.0,6200,5,Bhubaneswar,Odisha,East,Priya,Debit Card
ORD2387,2026-01-09,C0037,Anjali Chauhan,Headphones,Electronics,7.0,3500.0,2200,5,Pune,Maharashtra,West,Sneha,UPI
ORD2846,2026-02-11,C0773,Neha Patel,Printer,Electronics,-3.0,16000.0,12500,20,Kolkata,West Bengal,East,Amit,Cash
ORD5760,2026-06-22,C0920,Neha Saxena,Pen Set,Stationery,5.0,250.0,140,15,Bhubaneswar,Odisha,East,Ravi,UPI
ORD1130,2026-08-07,C0301,Arjun Yadav,Smartphone,Electronics,7.0,28000.0,22000,0,Bengaluru,Karnataka,South,Amit,UPI
ORD2600,2026-04-11,C0186,Priya Gupta,Smartphone,Electronics,1.0,28000.0,22000,0,Lucknow,Uttar Pradesh,North,Priya,UPI
ORD4630,2026-05-15,C0758,Neha Kumar,Notebook,Stationery,1.0,120.0,65,0,Hyderabad,Telangana,South,Neha,UPI
ORD5530,2026-07-25,C0331,Shreya Gupta,Monitor,Electronics,2.0,18000.0,14000,20,Ahmedabad,Gujarat,West,Amit,Debit Card
ORD1702,2026-02-23,C0532,Manish Chauhan,Smartphone,Electronics,4.0,28000.0,22000,10,Gorakhpur,Uttar Pradesh,North,Neha,Credit Card
ORD5040,2026-08-20,C0306,Amit Yadav,Headphones,Electronics,3.0,3500.0,2200,150,Delhi,Delhi,North,Amit,Cash
ORD4029,2026-02-28,C0973,Priya Yadav,Notebook,Stationery,1.0,120.0,65,20,Bengaluru,Karnataka,South,Ravi,Cash
ORD3970,2026-06-16,C0362,Priya Kumar,Headphones,Electronics,5.0,3500.0,2200,15,Kolkata,West Bengal,East,Neha,Cash
ORD5383,2026-07-04,C0727,Vikas Verma,Notebook,Stationery,5.0,120.0,65,0,Ahmedabad,Gujarat,West,Sneha,Credit Card
ORD2709,2026-03-25,C0914,Rahul Mishra,Notebook,Stationery,2.0,120.0,65,15,Mumbai,Maharashtra,West,Ravi,Credit Card
ORD3954,2026-04-01,C0506,Sneha Tiwari,Pen Set,Stationery,1.0,250.0,140,20,Bhubaneswar,Odisha,East,Ravi,Credit Card
ORD1455,2026-06-29,C0158,Manish Mehta,Laptop,Electronics,3.0,55000.0,45000,5,Lucknow,Uttar Pradesh,North,Amit,Credit Card
ORD3869,2026-04-08,C0519,Meera Agarwal,Laptop,Electronics,4.0,55000.0,45000,10,Delhi,Delhi,North,Sneha,Debit Card
ORD3041,2026-03-18,C0249,Priya Singh,Printer,Electronics,5.0,16000.0,12500,20,Hyderabad,Telangana,South,Sneha,Debit Card
ORD2773,2026-02-01,C0119,Amit Yadav,Keyboard,Electronics,2.0,1800.0,1100,10,Bengaluru,Karnataka,South,Ravi,Credit Card
ORD3316,2026-06-26,C0959,Rahul Mishra,Keyboard,Electronics,6.0,1800.0,1100,5,Ahmedabad,Gujarat,West,Sneha,UPI
ORD1610,2026-08-08,C0387,Manish Joshi,Office Chair,Furniture,4.0,12000.0,8500,20,Lucknow,Uttar Pradesh,North,Karan,Cash
ORD1168,2026-02-02,C0886,Rohan Mishra,Notebook,Stationery,7.0,120.0,65,20,Mumbai,Maharashtra,West,Karan,UPI
ORD1731,2026-07-05,C0978,Meera Patel,Headphones,Electronics,4.0,3500.0,2200,5,Chennai,Tamil Nadu,South,Neha,Debit Card
ORD5275,2026-06-23,C0910,Rahul Agarwal,Office Chair,Furniture,6.0,12000.0,8500,0,Jaipur,Rajasthan,North,Neha,Debit Card
ORD4359,2026-02-01,C0636,Rohan Mehta,Notebook,Stationery,3.0,120.0,65,5,Pune,Maharashtra,West,Ravi,Debit Card
ORD4897,2026-08-22,C0230,Rohan Patel,Desk,Furniture,3.0,9000.0,6200,5,Mumbai,Maharashtra,West,Sneha,Debit Card
ORD3075,2026-06-04,C0251,Manish Mishra,Smartphone,Electronics,2.0,28000.0,22000,15,Ahmedabad,Gujarat,West,Karan,Credit Card
ORD5097,2026-01-21,C0795,Sneha Yadav,Pen Set,Stationery,5.0,250.0,140,20,Lucknow,Uttar Pradesh,North,Amit,Debit Card
ORD4701,2026-03-28,C0756,Priya Mishra,Smartphone,Electronics,4.0,28000.0,22000,10,Bhubaneswar,Odisha,East,Karan,Credit Card
ORD2623,2026-01-20,C0901,Simran Kumar,Headphones,Electronics,2.0,3500.0,2200,10,Chennai,Tamil Nadu,South,Amit,Credit Card
ORD1588,2026-08-01,C0221,Unknown Customer,Desk,Furniture,5.0,9000.0,6200,5,Ahmedabad,Gujarat,West,Neha,Credit Card
ORD2402,2026-06-20,C0591,Vikas Verma,Laptop,Electronics,3.0,55000.0,45000,20,Mumbai,Maharashtra,West,Priya,Cash
ORD4046,2026-07-10,C0496,Pooja Yadav,Desk,Furniture,7.0,9000.0,6200,0,Lucknow,Uttar Pradesh,North,Neha,Net Banking
ORD4225,2026-05-27,C0088,Aditya Yadav,Desk,Furniture,4.0,9000.0,6200,0,Ahmedabad,Gujarat,West,Karan,Net Banking
ORD2701,2026-06-12,C0438,Nisha Tiwari,Headphones,Electronics,1.0,3500.0,2200,0,Bengaluru,Karnataka,South,Priya,Net Banking
ORD4089,2026-07-14,C0587,Meera Mishra,Office Chair,Furniture,4.0,12000.0,8500,10,Delhi,Delhi,North,Ravi,Cash
ORD5417,2026-02-22,C0846,Rohan Joshi,Headphones,Electronics,5.0,3500.0,2200,15,Hyderabad,Telangana,South,Priya,UPI
ORD3982,2026-02-18,C0514,Aditya Tiwari,Smartphone,Electronics,4.0,28000.0,22000,5,Mumbai,Maharashtra,West,Karan,Debit Card
ORD1041,2026-04-10,C0350,Priya Agarwal,Pen Set,Stationery,5.0,250.0,140,15,Hyderabad,Telangana,South,Sneha,Cash
ORD2380,2026-01-11,C0092,Anjali Saxena,Monitor,Electronics,1.0,18000.0,14000,5,Ahmedabad,Gujarat,West,Neha,Net Banking
ORD3090,2026-03-23,C0549,Karan Mehta,Notebook,Stationery,3.0,120.0,65,10,Kolkata,West Bengal,East,Ravi,Credit Card
ORD3176,2026-05-31,C0670,Meera Tiwari,Laptop,Electronics,6.0,55000.0,45000,20,Gorakhpur,Uttar Pradesh,North,Karan,Credit Card
ORD4218,2026-03-21,C0541,Meera Tiwari,Office Chair,Furniture,1.0,12000.0,8500,15,Mumbai,Maharashtra,West,Ravi,Net Banking
ORD3886,2026-07-14,C0811,Varun Joshi,Printer,electronics,5.0,16000.0,12500,15,Bengaluru,Karnataka,South,Neha,Credit Card
ORD1075,2026-06-26,C0678,Shreya Joshi,Smartphone,Electronics,1.0,28000.0,22000,20,Hyderabad,Telangana,South,Priya,Cash
ORD4966,2026-04-18,C0036,Ravi Sharma,Pen Set,Stationery,5.0,250.0,140,0,Delhi,Delhi,North,Priya,Credit Card
ORD4947,2026-02-13,C0474,Simran Agarwal,Desk,Furniture,7.0,9000.0,6200,0,Bengaluru,Karnataka,South,Ravi,Cash
ORD3658,2026-07-02,C0476,Arjun Gupta,Laptop,Electronics,4.0,55000.0,45000,5,Kolkata,West Bengal,East,Priya,Cash
ORD4181,2026-01-31,C0767,Rohan Chauhan,Monitor,Electronics,5.0,18000.0,14000,0,Bengaluru,Karnataka,South,Karan,Debit Card
ORD3077,2026-06-26,C0349,Rohan Kumar,Headphones,Electronics,2.0,3500.0,2200,15,Kolkata,West Bengal,East,Ravi,Cash
ORD1442,2026-07-22,C0040,Karan Yadav,Smartphone,Electronics,4.0,28000.0,22000,15,Mumbai,Maharashtra,West,Priya,Net Banking
ORD5104,2026-06-11,C0843,Manish Joshi,Laptop,Electronics,1.0,55000.0,45000,0,Delhi,Delhi,North,Priya,Cash
ORD3052,2026-04-10,C0043,Manish Mishra,Keyboard,Electronics,4.0,1800.0,1100,5,Kolkata,West Bengal,East,Amit,Cash
ORD3542,2026-05-13,C0138,Simran Verma,Monitor,Electronics,3.0,18000.0,14000,15,Kolkata,West Bengal,East,Karan,Debit Card
ORD4307,2026-06-16,C0225,Nisha Mishra,Desk,Furniture,6.0,9000.0,6200,20,Delhi,Delhi,North,Neha,Net Banking
ORD2302,2026-01-28,C0565,Simran Chauhan,Monitor,Electronics,3.0,18000.0,14000,5,Bengaluru,Karnataka,South,Ravi,Debit Card
ORD2782,2026-06-20,C0281,Rahul Saxena,Desk,Furniture,6.0,9000.0,6200,10,Lucknow,Uttar Pradesh,North,Ravi,Net Banking
ORD5092,2026-02-05,C0014,Aditya Singh,Pen Set,Stationery,2.0,250.0,140,20,Mumbai,Maharashtra,West,Priya,Net Banking
ORD4431,2026-08-15,C0698,Meera Saxena,Desk,Furniture,7.0,9000.0,6200,10,Hyderabad,Telangana,South,Amit,UPI
ORD2305,2026-05-06,C0345,Pooja Verma,Printer,Electronics,3.0,16000.0,12500,10,Jaipur,Rajasthan,North,Neha,Credit Card
ORD1237,2026-03-21,C0583,Unknown Customer,Printer,Electronics,4.0,16000.0,12500,15,Delhi,Delhi,North,Sneha,Debit Card
ORD3600,2026-07-24,C0409,Kavita Agarwal,Laptop,Electronics,4.0,55000.0,45000,20,Kolkata,West Bengal,East,Sneha,Credit Card
ORD1521,2026-08-10,C0799,Kavita Sharma,Printer,Electronics,6.0,16000.0,12500,15,Hyderabad,Telangana,South,Priya,Cash
ORD3574,2026-05-24,C0807,Arjun Yadav,Smartphone,Electronics,5.0,28000.0,22000,10,Bhubaneswar,Odisha,East,Priya,Net Banking
ORD4281,2026-07-09,C0994,Priya Verma,Monitor,Electronics,2.0,18000.0,14000,0,Bengaluru,Karnataka,South,Amit,Net Banking
ORD4187,2026-07-24,C0193,Amit Singh,Notebook,Stationery,7.0,120.0,65,0,Lucknow,Uttar Pradesh,North,Karan,Cash
ORD3769,2026-01-18,C0108,Amit Gupta,Headphones,Electronics,6.0,3500.0,2200,5,Bhubaneswar,Odisha,East,Sneha,Credit Card
ORD1736,2026-04-02,C0402,Nisha Joshi,Laptop,Electronics,5.0,55000.0,45000,20,Bhubaneswar,Odisha,East,Ravi,Cash
ORD5732,2026-05-19,C0446,Sneha Chauhan,Office Chair,Furniture,3.0,12000.0,8500,0,Lucknow,Uttar Pradesh,North,Karan,Net Banking
ORD5960,2026-08-21,C0778,Shreya Verma,Headphones,Electronics,1.0,3500.0,2200,15,Delhi,Delhi,North,Karan,Credit Card
ORD3107,2026-05-01,C0540,Meera Verma,Monitor,Electronics,6.0,18000.0,14000,5,Jaipur,Rajasthan,North,Ravi,UPI
ORD3680,2026-04-18,C0106,Simran Verma,Laptop,Electronics,7.0,55000.0,45000,5,Gorakhpur,Uttar Pradesh,North,Amit,Debit Card
ORD4230,2026-08-17,C0345,Pooja Verma,Desk,Furniture,6.0,9000.0,6200,10,Jaipur,Rajasthan,North,Neha,Cash
ORD3762,2026-03-13,C0220,Ravi Sharma,Keyboard,Electronics,1.0,,1100,20,Hyderabad,Telangana,South,Amit,Credit Card
ORD1593,2026-02-10,C0778,Shreya Verma,Keyboard,Electronics,5.0,1800.0,1100,5,Kolkata,West Bengal,East,Ravi,Credit Card
ORD2304,2026-05-20,C0307,Priya Gupta,Monitor,Electronics,7.0,18000.0,14000,20,Kolkata,West Bengal,East,Sneha,Credit Card
ORD2388,2026-08-05,C0014,Aditya Singh,Monitor,Electronics,3.0,18000.0,14000,20,Kolkata,West Bengal,East,Priya,Cash
ORD5723,2026-08-23,C0478,Neha Yadav,Smartphone,Electronics,1.0,28000.0,22000,20,Jaipur,Rajasthan,North,Ravi,Credit Card
ORD5553,2026-04-19,C0648,Ravi Kumar,Office Chair,Furniture,7.0,12000.0,8500,15,Bengaluru,Karnataka,South,Sneha,UPI
ORD5004,2026-01-12,C0434,Manish Verma,Keyboard,Electronics,2.0,1800.0,1100,10,Delhi,Delhi,North,Priya,Credit Card
ORD2891,2026-08-06,C0340,Arjun Gupta,Printer,Electronics,2.0,16000.0,12500,5,Pune,Maharashtra,West,Neha,Credit Card
ORD3988,2026-01-08,C0161,Manish Agarwal,Office Chair,Furniture,5.0,12000.0,8500,5,Chennai,Tamil Nadu,South,Karan,Credit Card
ORD5955,2026-07-11,C0373,Rohan Saxena,Laptop,Electronics,6.0,55000.0,45000,0,Bhubaneswar,Odisha,East,Amit,Credit Card
ORD4298,2026-08-26,C0646,Kavita Kumar,Notebook,Stationery,7.0,120.0,65,5,Bhubaneswar,Odisha,East,Amit,Net Banking
ORD1905,2026-01-06,C0984,Anjali Agarwal,Printer,Electronics,2.0,16000.0,12500,10,Delhi,Delhi,north,Neha,Net Banking
ORD5910,2026-06-03,C0409,Kavita Agarwal,Keyboard,Electronics,2.0,1800.0,1100,15,Jaipur,Rajasthan,North,Neha,UPI
ORD2280,2026-02-24,C0593,Arjun Verma,Keyboard,Electronics,4.0,1800.0,1100,10,Mumbai,Maharashtra,West,Sneha,Credit Card
ORD1934,2026-01-15,C0917,Shreya Patel,Monitor,Electronics,1.0,18000.0,14000,15,Mumbai,Maharashtra,West,Neha,Cash
ORD5930,2026-06-23,C0315,Karan Gupta,Smartphone,Electronics,7.0,28000.0,22000,15,Mumbai,Maharashtra,West,Priya,Cash
ORD3309,2026-08-16,C0905,Meera Gupta,Desk,Furniture,2.0,9000.0,6200,0,Hyderabad,Telangana,South,Amit,Net Banking
ORD2556,2026-08-16,C0554,Amit Kumar,Monitor,Electronics,6.0,18000.0,14000,15,Kolkata,West Bengal,East,Neha,UPI
ORD5560,2026-05-28,C0059,Rahul Kumar,Keyboard,Electronics,3.0,1800.0,1100,5,Jaipur,Rajasthan,North,Ravi,Debit Card
ORD4191,2026-05-16,C0113,Amit Verma,Printer,Electronics,5.0,16000.0,12500,10,Jaipur,Rajasthan,North,Amit,Debit Card
ORD5468,2026-08-13,C0985,Arjun Saxena,Monitor,Electronics,5.0,18000.0,14000,5,Gorakhpur,Uttar Pradesh,North,Karan,Credit Card
ORD1707,2026-08-06,C0490,Karan Mehta,Pen Set,Stationery,7.0,250.0,140,15,Gorakhpur,Uttar Pradesh,North,Amit,Credit Card
ORD5718,2026-04-26,C0361,Rahul Verma,Printer,Electronics,5.0,16000.0,12500,0,Lucknow,Uttar Pradesh,North,Amit,Debit Card
ORD4071,2026-03-30,C0951,Pooja Patel,Monitor,Electronics,5.0,18000.0,14000,10,Jaipur,Rajasthan,North,Karan,UPI
ORD1746,2026-07-19,C0320,Neha Saxena,Laptop,Electronics,5.0,55000.0,45000,15,Bengaluru,Karnataka,South,Neha,Cash
ORD4595,2026-03-04,C0321,Manish Tiwari,Printer,Electronics,5.0,16000.0,12500,5,Hyderabad,Telangana,South,Amit,Credit Card
ORD2940,2026-01-27,C0672,Simran Tiwari,Headphones,Electronics,5.0,3500.0,2200,0,Ahmedabad,Gujarat,West,Neha,Debit Card
ORD4608,2026-05-19,C0344,Rohan Gupta,Headphones,Electronics,3.0,3500.0,2200,10,Bhubaneswar,Odisha,East,Sneha,Credit Card
ORD3863,2026-05-02,C0014,Aditya Singh,Headphones,Electronics,7.0,3500.0,2200,5,Bengaluru,Karnataka,north,Priya,UPI
ORD5054,2026-06-04,C0386,Meera Singh,Keyboard,Electronics,6.0,1800.0,1100,5,Kolkata,West Bengal,East,Priya,Cash
ORD1514,2026-02-26,C0980,Rohan Gupta,Keyboard,Electronics,7.0,1800.0,1100,0,Bengaluru,Karnataka,South,Amit,Credit Card
ORD1082,2026-01-04,C0377,Vikas Gupta,Pen Set,Stationery,1.0,250.0,140,15,Delhi,Delhi,North,Amit,Cash
ORD4741,2026-08-27,C0141,Anjali Mishra,Laptop,Electronics,3.0,55000.0,45000,15,Ahmedabad,Gujarat,West,Ravi,Credit Card
ORD2309,2026-07-08,C0058,Manish Sharma,Headphones,Electronics,3.0,3500.0,2200,20,Ahmedabad,Gujarat,West,Priya,Cash
ORD5575,2026-07-10,C0967,Ravi Patel,Smartphone,Electronics,4.0,28000.0,22000,10,Chennai,Tamil Nadu,South,Karan,UPI
ORD1915,2026-05-02,C0979,Ravi Sharma,Headphones,Electronics,2.0,3500.0,2200,5,Mumbai,Maharashtra,West,Sneha,Debit Card
ORD4453,2026-01-11,C0011,Sneha Kumar,Keyboard,Electronics,1.0,1800.0,1100,15,Mumbai,Maharashtra,West,Neha,Net Banking
ORD4696,2026-05-25,C0502,Kavita Tiwari,Pen Set,Stationery,2.0,250.0,140,5,Gorakhpur,Uttar Pradesh,North,Neha,Net Banking
ORD5834,2026-01-02,C0736,Priya Tiwari,Printer,Electronics,5.0,16000.0,12500,20,Mumbai,Maharashtra,West,Neha,Cash
ORD4157,2026-08-20,C0984,Anjali Agarwal,Pen Set,Stationery,5.0,250.0,140,5,Mumbai,Maharashtra,West,Sneha,UPI
ORD3199,2026-03-29,C0547,Manish Sharma,Headphones,Electronics,4.0,3500.0,2200,20,Delhi,Delhi,North,Priya,Net Banking
ORD5258,2026-05-29,C0553,Simran Verma,Notebook,Stationery,6.0,120.0,65,0,Chennai,Tamil Nadu,South,Ravi,Credit Card
ORD1775,2026-03-11,C0941,Pooja Saxena,Laptop,Electronics,4.0,55000.0,45000,0,Hyderabad,Telangana,South,Karan,Debit Card
ORD1330,2026-04-01,C0593,Arjun Verma,Smartphone,Electronics,1.0,28000.0,22000,0,Ahmedabad,Gujarat,West,Ravi,UPI
ORD3055,2026-02-18,C0023,Priya Saxena,Monitor,Electronics,6.0,18000.0,14000,15,Pune,Maharashtra,West,Ravi,Cash
ORD3002,2026-04-11,C0009,Rohan Yadav,Keyboard,Electronics,3.0,1800.0,1100,5,Bengaluru,Karnataka,South,Neha,Net Banking
ORD1944,2026-07-21,C0629,Simran Tiwari,Pen Set,Stationery,1.0,250.0,140,10,Bhubaneswar,Odisha,East,Ravi,Debit Card
ORD1823,2026-01-28,C0643,Rahul Gupta,Pen Set,Stationery,3.0,250.0,140,0,Bhubaneswar,Odisha,East,Ravi,Net Banking
ORD5554,2026-03-15,C0116,Vikas Mehta,Pen Set,Stationery,7.0,250.0,140,20,Hyderabad,Telangana,South,Karan,Credit Card
ORD1910,2026-04-13,C0450,Karan Joshi,Monitor,Electronics,7.0,18000.0,14000,20,Gorakhpur,Uttar Pradesh,North,Karan,UPI
ORD3517,2026-03-18,C0284,Pooja Singh,Keyboard,Electronics,4.0,1800.0,1100,20,Pune,Maharashtra,West,Amit,Net Banking
ORD1182,2026-03-26,C0678,Shreya Joshi,Keyboard,Electronics,2.0,1800.0,1100,5,Delhi,Delhi,North,Karan,Debit Card
ORD1165,2026-02-09,C0422,Rohan Saxena,Office Chair,Furniture,4.0,12000.0,8500,0,Bhubaneswar,Odisha,East,Neha,Cash
ORD2524,2026-03-03,C0414,Nisha Saxena,Keyboard,Electronics,4.0,1800.0,1100,15,Kolkata,West Bengal,East,Priya,UPI
ORD1452,2026-04-10,C0533,Rohan Kumar,Keyboard,Electronics,2.0,1800.0,1100,10,Hyderabad,Telangana,South,Ravi,Net Banking
ORD4984,2026-08-27,C0408,Neha Saxena,Monitor,Electronics,2.0,18000.0,14000,20,Kolkata,West Bengal,East,Neha,Net Banking
ORD3539,2026-01-16,C0525,Meera Verma,Monitor,Electronics,7.0,18000.0,14000,15,Ahmedabad,Gujarat,West,Sneha,Credit Card
ORD5707,2026-04-20,C0895,Shreya Agarwal,Pen Set,Stationery,7.0,250.0,140,0,Lucknow,Uttar Pradesh,North,Priya,Net Banking
ORD5805,2026-05-20,C0975,,Office Chair,Furniture,1.0,12000.0,8500,0,Hyderabad,Telangana,South,Amit,Net Banking
ORD2312,2026-01-27,C0110,Arjun Yadav,Smartphone,Electronics,3.0,28000.0,22000,0,Bengaluru,Karnataka,South,Ravi,UPI
ORD4150,2026-08-05,C0005,Priya Mishra,Headphones,Electronics,6.0,3500.0,2200,0,Hyderabad,Telangana,South,Ravi,UPI
ORD2112,2026-03-31,C0441,Manish Patel,Headphones,Electronics,2.0,3500.0,2200,15,Hyderabad,Telangana,South,Amit,Credit Card
ORD5574,2026-04-30,C0291,Aditya Joshi,Office Chair,Furniture,7.0,12000.0,8500,0,Gorakhpur,Uttar Pradesh,North,Neha,Credit Card
ORD4875,2026-02-19,C0668,Neha Agarwal,Printer,Electronics,1.0,16000.0,12500,10,Lucknow,Uttar Pradesh,North,Neha,Cash
ORD4490,2026-01-17,C0410,Sneha Joshi,Smartphone,Electronics,1.0,28000.0,22000,15,Delhi,Delhi,North,Ravi,UPI
ORD2288,2026-05-21,C0768,Anjali Chauhan,Monitor,Electronics,5.0,18000.0,14000,20,Ahmedabad,Gujarat,West,Sneha,Net Banking
ORD5346,2026-07-25,C0445,Karan Saxena,Laptop,Electronics,5.0,55000.0,45000,5,Delhi,Delhi,North,Priya,Net Banking
ORD5673,2026-04-18,C0283,Rahul Joshi,Smartphone,Electronics,1.0,28000.0,22000,20,Gorakhpur,Uttar Pradesh,North,Sneha,UPI
ORD4681,2026-03-17,C0508,Anjali Verma,Laptop,Electronics,6.0,55000.0,45000,5,Hyderabad,Telangana,South,Karan,Debit Card
ORD5357,2026-05-01,C0171,Simran Verma,Notebook,Stationery,7.0,120.0,65,5,Bengaluru,Karnataka,South,Sneha,Cash
ORD5194,2026-05-10,C0443,Priya Chauhan,Monitor,Electronics,3.0,18000.0,14000,5,Chennai,Tamil Nadu,South,Priya,Net Banking
ORD4301,2026-03-20,C0962,Pooja Joshi,Headphones,Electronics,2.0,3500.0,2200,5,Lucknow,Uttar Pradesh,North,Priya,Debit Card
ORD4311,2026-06-02,C0314,Shreya Singh,Monitor,Electronics,6.0,18000.0,14000,20,Delhi,Delhi,North,Karan,Credit Card
ORD5583,2026-02-02,C0034,Kavita Agarwal,Smartphone,Electronics,5.0,28000.0,22000,15,Hyderabad,Telangana,South,Priya,Debit Card
ORD4126,2026-01-18,C0733,Varun Chauhan,Headphones,Electronics,1.0,3500.0,2200,15,Gorakhpur,Uttar Pradesh,North,Sneha,Debit Card
ORD1328,2026-02-06,C0181,Anjali Mishra,Headphones,Electronics,1.0,3500.0,2200,5,Ahmedabad,Gujarat,West,Amit,Cash
ORD2791,2026-03-13,C0759,Karan Joshi,Printer,Electronics,7.0,16000.0,12500,5,Jaipur,Rajasthan,North,Amit,Cash
ORD3491,2026-05-04,C0263,Rahul Gupta,Desk,Furniture,1.0,9000.0,6200,5,Kolkata,West Bengal,East,Ravi,Cash
ORD3007,2026-01-23,C0303,Rohan Chauhan,Pen Set,Stationery,1.0,250.0,140,10,Chennai,Tamil Nadu,South,Neha,Credit Card
ORD3008,2026-08-27,C0742,Aditya Chauhan,Laptop,Electronics,7.0,55000.0,45000,5,Mumbai,Maharashtra,West,Neha,Net Banking
ORD2859,2026-04-29,C0023,Priya Saxena,Pen Set,Stationery,7.0,250.0,140,15,Bengaluru,Karnataka,South,Karan,Debit Card
ORD5713,2026-02-15,C0368,Anjali Joshi,Smartphone,Electronics,7.0,28000.0,22000,5,Bengaluru,Karnataka,South,Karan,UPI
ORD1313,2026-04-18,C0936,Priya Verma,Notebook,Stationery,7.0,120.0,65,0,Pune,Maharashtra,West,Neha,Credit Card
ORD1833,2026-06-24,C0613,Vikas Gupta,Smartphone,Electronics,3.0,28000.0,22000,15,Bengaluru,Karnataka,South,Sneha,Cash
ORD4080,2026-08-21,C0144,Ravi Gupta,Office Chair,Furniture,2.0,12000.0,8500,0,Pune,Maharashtra,West,Ravi,Cash
ORD5746,2026-07-02,C0362,Priya Kumar,Monitor,Electronics,1.0,18000.0,14000,10,Mumbai,Maharashtra,West,Priya,Debit Card
ORD4463,2026-08-26,C0625,Shreya Verma,Laptop,Electronics,4.0,55000.0,45000,0,Jaipur,Rajasthan,North,Neha,Net Banking
ORD2202,2026-05-03,C0820,Manish Joshi,Headphones,Electronics,4.0,3500.0,2200,5,Bengaluru,Karnataka,South,Sneha,Credit Card
ORD5418,2026-06-18,C0580,Neha Singh,Desk,Furniture,3.0,9000.0,6200,20,Chennai,Tamil Nadu,South,Amit,UPI
ORD4548,2026-05-12,C0086,Rohan Joshi,Monitor,Electronics,3.0,18000.0,14000,20,Ahmedabad,Gujarat,West,Ravi,Net Banking
ORD5051,2026-07-14,C0269,Neha Verma,Laptop,Electronics,6.0,55000.0,45000,15,Lucknow,Uttar Pradesh,North,Priya,UPI
ORD3135,2026-01-11,C0178,Aditya Verma,Office Chair,Furniture,3.0,12000.0,8500,5,Pune,Maharashtra,West,Karan,Credit Card
ORD4452,2026-03-11,C0041,Shreya Mishra,Laptop,Electronics,4.0,55000.0,45000,20,Bhubaneswar,Odisha,East,Neha,Credit Card
ORD3210,2026-06-22,C0381,Shreya Singh,Keyboard,Electronics,3.0,1800.0,1100,20,Jaipur,Rajasthan,North,Sneha,Debit Card
ORD2902,2026-08-08,C0789,Sneha Agarwal,Desk,Furniture,2.0,9000.0,6200,20,Hyderabad,Telangana,South,Ravi,Cash
ORD2482,2026-02-27,C0125,Rahul Gupta,Printer,Electronics,5.0,16000.0,12500,10,Jaipur,Rajasthan,North,Karan,Cash
ORD1778,2026-01-17,C0646,Kavita Kumar,Monitor,Electronics,1.0,18000.0,14000,20,Bhubaneswar,Odisha,East,Amit,Debit Card
ORD1800,2026-08-17,C0389,Shreya Patel,Headphones,electronics,6.0,3500.0,2200,15,Pune,Maharashtra,West,Karan,Debit Card
ORD4715,2026-08-24,C0225,Nisha Mishra,Laptop,Electronics,3.0,55000.0,45000,10,Jaipur,Rajasthan,North,Ravi,Debit Card
ORD4943,2026-01-30,C0879,Pooja Gupta,Notebook,Stationery,6.0,120.0,65,5,Bhubaneswar,Odisha,East,Ravi,Credit Card
ORD1055,2026-08-26,C0947,Karan Joshi,Laptop,Electronics,6.0,55000.0,45000,0,Kolkata,West Bengal,East,Karan,Credit Card
ORD3973,2026-04-13,C0882,Sneha Patel,Laptop ,Stationery,1.0,120.0,65,5,Pune,Maharashtra,West,Amit,Debit Card
ORD4336,2026-07-12,C0144,Ravi Gupta,Headphones,Electronics,7.0,3500.0,2200,10,Lucknow,Uttar Pradesh,North,Priya,Net Banking
ORD2921,2026-05-30,C0470,Karan Chauhan,Keyboard,Electronics,5.0,1800.0,1100,0,Gorakhpur,Uttar Pradesh,North,Amit,Credit Card
ORD4716,2026-08-21,C0270,Pooja Verma,Pen Set,Stationery,3.0,250.0,140,5,Mumbai,Maharashtra,West,Neha,Credit Card
ORD5674,2026-07-10,C0691,Rohan Singh,Desk,Furniture,3.0,9000.0,6200,5,Mumbai,Maharashtra,West,Amit,Cash
ORD1947,2026-08-23,C0127,Kavita Yadav,Monitor,Electronics,2.0,18000.0,14000,10,Kolkata,West Bengal,East,Amit,Net Banking
ORD2702,2026-08-16,C0341,Pooja Mehta,Smartphone,Electronics,3.0,28000.0,22000,0,Delhi,Delhi,North,Priya,Cash
ORD4294,2026-03-20,C0070,Shreya Mishra,Laptop,Electronics,1.0,55000.0,45000,5,Bengaluru,Karnataka,South,Sneha,Debit Card
ORD3162,2026-01-21,C0502,Kavita Tiwari,Office Chair,Furniture,3.0,12000.0,8500,20,Hyderabad,Telangana,South,Neha,Net Banking
ORD2137,2026-02-16,C0344,Rohan Gupta,Headphones,Electronics,1.0,3500.0,2200,15,Kolkata,West Bengal,East,Sneha,Debit Card
ORD1988,2026-08-28,C0545,Pooja Saxena,Smartphone,Electronics,6.0,28000.0,22000,0,Bhubaneswar,Odisha,East,Priya,Net Banking
ORD3550,2026-02-21,C0249,Priya Singh,Pen Set,Stationery,4.0,250.0,140,150,Delhi,Delhi,North,Neha,UPI
ORD1194,2026-01-27,C0493,Aditya Agarwal,Desk,Furniture,5.0,9000.0,6200,15,Jaipur,Rajasthan,North,Karan,UPI
ORD4058,2026-08-18,C0565,Simran Chauhan,Keyboard,Electronics,7.0,1800.0,1100,20,Hyderabad,Telangana,South,Neha,Debit Card
ORD4247,2026-03-02,C0505,Kavita Agarwal,Office Chair,Furniture,2.0,12000.0,8500,20,Jaipur,Rajasthan,North,Priya,Credit Card
ORD2395,2026-04-12,C0270,Pooja Verma,Headphones,Electronics,3.0,3500.0,2200,0,Mumbai,Maharashtra,West,Priya,
ORD3638,2026-02-17,C0362,Priya Kumar,Smartphone,Electronics,2.0,28000.0,22000,5,Pune,Maharashtra,West,Ravi,Debit Card
ORD1769,2026-03-14,C0933,Meera Mishra,Office Chair,Furniture,1.0,12000.0,8500,15,Bengaluru,Karnataka,South,Priya,Net Banking
ORD5731,2026-03-09,C0257,Priya Yadav,Monitor,Electronics,7.0,18000.0,14000,5,Jaipur,Rajasthan,North,Neha,Net Banking
ORD4091,2026-08-26,C0712,Kavita Yadav,Office Chair,Furniture,7.0,12000.0,8500,10,Mumbai,Maharashtra,West,Neha,UPI
ORD4496,2026-03-17,C0605,Vikas Yadav,Headphones,Electronics,1.0,3500.0,2200,5,Chennai,Tamil Nadu,South,Karan,UPI
ORD4216,2026-08-04,C0429,Kavita Agarwal,Notebook,Stationery,2.0,120.0,65,5,Kolkata,West Bengal,East,Ravi,Cash
ORD1286,2026-04-23,C0859,Aditya Yadav,Smartphone,Electronics,4.0,28000.0,22000,10,Ahmedabad,Gujarat,West,Ravi,Credit Card
ORD5969,2026-03-30,C0541,Meera Tiwari,Monitor,Electronics,3.0,18000.0,14000,10,Delhi,Delhi,North,Amit,Net Banking
ORD1429,2026-07-29,C0561,Rohan Verma,Notebook,Stationery,5.0,120.0,65,15,Pune,Maharashtra,West,Amit,Cash
ORD5940,2026-06-28,C0868,Pooja Kumar,Desk,Furniture,1.0,9000.0,6200,20,Pune,Maharashtra,West,Priya,Cash
ORD3333,2026-04-08,C0258,Manish Saxena,Office Chair,Furniture,6.0,12000.0,8500,10,Jaipur,Rajasthan,North,Ravi,Cash
ORD3718,2026-08-15,C0945,Vikas Mishra,Pen Set,Stationery,7.0,,140,10,Pune,Maharashtra,West,Neha,Debit Card
ORD3080,2026-03-22,C0574,Manish Agarwal,Smartphone,Electronics,7.0,28000.0,22000,10,Jaipur,Rajasthan,North,Amit,Credit Card
ORD4390,2026-06-01,C0301,Arjun Yadav,Laptop,Electronics,6.0,55000.0,45000,15,Lucknow,Uttar Pradesh,North,Priya,Credit Card
ORD1723,2026-06-21,C0804,Arjun Agarwal,Headphones,Electronics,4.0,3500.0,2200,0,Bhubaneswar,Odisha,East,Karan,Net Banking
ORD1952,2026-01-09,C0963,Simran Mehta,Office Chair,Furniture,3.0,12000.0,8500,10,Gorakhpur,Uttar Pradesh,North,Sneha,Cash
ORD5410,2026-04-29,C0461,Priya Singh,Office Chair,Furniture,3.0,12000.0,8500,0,Hyderabad,Telangana,South,Priya,Cash
ORD5393,2026-02-16,C0090,Karan Agarwal,Headphones,Electronics,3.0,3500.0,2200,0,Delhi,Delhi,North,Karan,Credit Card
ORD3263,2026-08-03,C0088,Aditya Yadav,Printer,Electronics,4.0,16000.0,12500,10,Ahmedabad,Gujarat, North ,Karan,Credit Card
ORD1990,2026-07-25,C0837,Shreya Chauhan,Monitor,Electronics,6.0,18000.0,14000,10,Hyderabad,Telangana,South,Karan,Net Banking
ORD4213,2026-03-20,C0633,Sneha Patel,Headphones,Electronics,7.0,3500.0,2200,20,Delhi,Delhi,North,Sneha,Net Banking
ORD2760,2026-08-19,C0728,Nisha Kumar,Pen Set,Stationery,4.0,250.0,140,0,Hyderabad,Telangana,South,Amit,Debit Card
ORD5572,2026-05-21,C0698,Meera Saxena,Notebook,Stationery,2.0,120.0,65,20,Jaipur,Rajasthan,North,Neha,Net Banking
ORD1327,2026-08-19,C0930,Sneha Verma,Monitor,Electronics,6.0,18000.0,14000,15,Lucknow,Uttar Pradesh, North ,Karan,UPI
ORD3609,2026-02-26,C0361,Rahul Verma,Pen Set,Stationery,5.0,250.0,140,15,Mumbai,Maharashtra,West,Sneha,Net Banking
ORD2384,2026-08-11,C0805,Ravi Chauhan,Laptop,Electronics,6.0,55000.0,45000,10,Kolkata,West Bengal,East,Ravi,Net Banking
ORD2725,2026-02-03,C0897,Priya Singh,Headphones,Electronics,4.0,3500.0,2200,20,Chennai,Tamil Nadu,South,Karan,Net Banking
ORD2087,2026-06-29,C0994,Priya Verma,Pen Set,Stationery,3.0,250.0,140,5,Hyderabad,Telangana,South,Karan,Cash
ORD3524,2026-01-11,C0599,Karan Agarwal,Headphones,Electronics,1.0,3500.0,2200,0,Jaipur,Rajasthan,North,Ravi,UPI
ORD1342,2026-03-12,C0537,Pooja Mishra,Headphones,Electronics,5.0,3500.0,2200,5,Jaipur,Rajasthan,North,Neha,UPI
ORD4702,2026-08-24,C0988,Sneha Sharma,Headphones,Electronics,3.0,3500.0,2200,0,Hyderabad,Telangana,South,Karan,UPI
ORD1689,2026-04-05,C0368,Anjali Joshi,Keyboard,Electronics,4.0,1800.0,1100,0,Hyderabad,Telangana,South,Priya,Credit Card
ORD4433,2026-01-10,C0012,Rahul Mishra,Keyboard,Electronics,7.0,1800.0,1100,5,Mumbai,Maharashtra,West,Neha,Debit Card
ORD1967,2026-02-13,C0148,Pooja Singh,Headphones,Electronics,2.0,3500.0,2200,0,Lucknow,Uttar Pradesh,North,Ravi,Cash
ORD5756,2026-04-20,C0257,Priya Yadav,Pen Set,Stationery,6.0,250.0,140,5,Chennai,Tamil Nadu,South,Neha,UPI
ORD3204,2026-05-27,C0373,Rohan Saxena,Pen Set,Stationery,2.0,250.0,140,20,Delhi,Delhi,North,Amit,Credit Card
ORD3714,2026-06-11,C0928,Meera Tiwari,Headphones,Electronics,7.0,3500.0,2200,15,Kolkata,West Bengal,East,Karan,Debit Card
ORD4573,2026-08-03,C0587,Meera Mishra,Keyboard,Electronics,1.0,1800.0,1100,20,Chennai,Tamil Nadu,South,Karan,UPI
ORD2991,2026-05-25,C0890,Anjali Sharma,Monitor,Electronics,2.0,18000.0,14000,5,Kolkata,West Bengal,East,Karan,Debit Card
ORD5128,2026-01-21,C0981,Vikas Yadav,Monitor,Electronics,3.0,18000.0,14000,5,Pune,Maharashtra,West,Ravi,Credit Card
ORD5772,2026-05-11,C0891,Shreya Kumar,Pen Set,Stationery,7.0,250.0,140,10,Lucknow,Uttar Pradesh,North,Neha,Credit Card
ORD4601,2026-01-16,C0702,Neha Kumar,Monitor,Electronics,4.0,18000.0,14000,10,Kolkata,West Bengal,East,Neha,Debit Card
ORD5594,2026-06-14,C0373,Rohan Saxena,Monitor,Electronics,2.0,18000.0,14000,5,Chennai,Tamil Nadu,South,Neha,Debit Card
ORD5268,2026-01-17,C0639,Rahul Joshi,Pen Set,Stationery,7.0,250.0,140,0,Mumbai,Maharashtra,West,Karan,Net Banking
ORD5150,2026-05-25,C0598,Anjali Patel,Smartphone,Electronics,3.0,28000.0,22000,5,Ahmedabad,Gujarat,West,Ravi,Credit Card
ORD1386,2026-04-11,C0693,Sneha Yadav,Keyboard,Electronics,2.0,1800.0,1100,15,Lucknow,Uttar Pradesh,North,Amit,Credit Card
ORD5397,2026-02-17,C0971,Rahul Joshi,Notebook,Stationery,6.0,120.0,65,5,Chennai,Tamil Nadu,South,Ravi,Net Banking
ORD5596,2026-08-22,C0217,Pooja Singh,Keyboard,Electronics,2.0,1800.0,1100,20,Mumbai,Maharashtra,West,Sneha,Debit Card
ORD1537,2026-03-13,C0539,Manish Gupta,Headphones,Electronics,2.0,3500.0,2200,5,Gorakhpur,Uttar Pradesh,North,Priya,Cash
ORD5693,2026-05-20,C0872,Sneha Mishra,Monitor,Electronics,5.0,18000.0,14000,5,Bhubaneswar,Odisha,East,Amit,Debit Card
ORD4508,2026-07-20,C0044,Varun Saxena,Monitor,Electronics,4.0,18000.0,14000,20,Bengaluru,Karnataka,South,Priya,Debit Card
ORD1202,2026-05-03,C0135,Priya Yadav,Headphones,Electronics,1.0,3500.0,2200,0,Hyderabad,Telangana,South,Amit,Net Banking
ORD2333,2026-07-31,C0127,Kavita Yadav,Pen Set,Stationery,2.0,250.0,140,5,Kolkata,West Bengal,East,Priya,UPI
ORD4503,2026-07-15,C0638,Meera Yadav,Pen Set,Stationery,1.0,250.0,140,5,Bhubaneswar,Odisha,East,Amit,Debit Card
ORD3709,2026-07-01,C0255,Neha Patel,Keyboard,Electronics,4.0,1800.0,1100,15,Hyderabad,Telangana,South,Neha,Net Banking
ORD5022,2026-05-28,C0677,Ravi Patel,Notebook,Stationery,7.0,120.0,65,10,Gorakhpur,Uttar Pradesh,North,Neha,UPI
ORD2855,2026-07-28,C0487,Aditya Mishra,Printer,Electronics,7.0,16000.0,12500,20,Chennai,Tamil Nadu,South,Sneha,UPI
ORD5703,2026-07-21,C0971,Rahul Joshi,Desk,Furniture,6.0,9000.0,6200,5,Delhi,Delhi,North,Neha,Net Banking
ORD3873,2026-06-04,C0387,Manish Joshi,Smartphone,Electronics,1.0,28000.0,22000,20,Jaipur,Rajasthan,North,Priya,Debit Card
ORD4031,2026-02-14,C0014,Aditya Singh,Smartphone,Electronics,5.0,28000.0,22000,0,Chennai,Tamil Nadu,South,Priya,Net Banking
ORD2206,2026-01-23,C0584,Aditya Verma,Notebook,Stationery,3.0,120.0,65,10,Pune,Maharashtra,West,Amit,Debit Card
ORD2646,2026-05-22,C0349,Rohan Kumar,Notebook,Stationery,6.0,120.0,65,10,Bhubaneswar,Odisha,East,Amit,Debit Card
ORD4418,2026-07-23,C0466,Aditya Chauhan,Office Chair,Furniture,4.0,12000.0,8500,5,Hyderabad,Telangana,South,Neha,Net Banking
ORD4477,2026-05-17,C0762,Sneha Patel,Monitor,Electronics,6.0,18000.0,14000,20,Bhubaneswar,Odisha,East,Sneha,Cash
ORD3862,2026-03-09,C0433,Ravi Joshi,Office Chair,Furniture,5.0,12000.0,8500,15,Hyderabad,Telangana,South,Sneha,Credit Card
ORD2793,2026-08-01,C0754,Kavita Sharma,Printer, Electronics ,7.0,16000.0,12500,0,Mumbai,Maharashtra,West,Sneha,Credit Card
ORD4798,2026-06-08,C0982,Shreya Mishra,Printer,Electronics,6.0,16000.0,12500,20,Kolkata,West Bengal,East,Priya,UPI
ORD4369,2026-02-22,C0245,Rohan Patel,Office Chair,Furniture,1.0,12000.0,8500,0,Pune,Maharashtra,West,Karan,Debit Card
ORD4368,2026-05-23,C0734,Meera Verma,Office Chair,Furniture,7.0,12000.0,8500,10,Lucknow,Uttar Pradesh,North,Amit,UPI
ORD4534,2026-06-05,C0142,Priya Tiwari,Pen Set,Stationery,4.0,250.0,140,0,Bengaluru,Karnataka,South,Sneha,Net Banking
ORD4450,2026-05-20,C0700,Meera Mishra,Office Chair,Furniture,7.0,12000.0,8500,0,Kolkata,West Bengal,East,Priya,Debit Card
ORD1604,2026-08-14,C0496,Pooja Yadav,Office Chair,Furniture,3.0,12000.0,8500,20,Mumbai,Maharashtra,West,Neha,Cash
ORD4057,2026-03-19,C0155,Varun Saxena,Keyboard,Electronics,4.0,1800.0,1100,0,Chennai,Tamil Nadu,South,Neha,UPI
ORD5387,2026-05-02,C0105,Neha Agarwal,Desk,Furniture,5.0,9000.0,6200,10,Delhi,Delhi,North,Karan,Net Banking
ORD1127,2026-02-22,C0078,Anjali Mishra,Headphones,Electronics,4.0,3500.0,2200,10,Lucknow,Uttar Pradesh,North,Neha,UPI
ORD4877,2026-06-23,C0250,Rohan Verma,Printer,Electronics,7.0,16000.0,12500,15,Bengaluru,Karnataka,South,Sneha,Credit Card
ORD3936,2026-03-23,C0668,Neha Agarwal,Monitor,Electronics,4.0,18000.0,14000,15,Bengaluru,Karnataka,South,Amit,Net Banking
ORD4532,2026-02-21,C0775,Simran Tiwari,Keyboard,Electronics,1.0,1800.0,1100,20,Kolkata,West Bengal,East,Priya,Net Banking
ORD3731,2026-05-19,C0144,Ravi Gupta,Pen Set,Stationery,7.0,250.0,140,15,Bhubaneswar,Odisha,East,Priya,Cash
ORD1828,2026-02-22,C0449,Varun Chauhan,Smartphone,Electronics,7.0,28000.0,22000,0,Bengaluru,Karnataka,South,Ravi,Debit Card
ORD2640,2026-07-23,C0010,Shreya Yadav,Office Chair,electronics,5.0,12000.0,8500,0,Chennai,Tamil Nadu, North ,Priya,Debit Card
ORD1985,2026-08-26,C0620,Anjali Verma,Office Chair,Furniture,3.0,12000.0,8500,20,Hyderabad,Telangana,South,Karan,Cash
ORD4282,2026-03-10,C0981,Vikas Yadav,Headphones,Electronics,4.0,3500.0,2200,15,Chennai,Tamil Nadu,South,Neha,UPI
ORD1251,2026-01-26,C0820,Manish Joshi,Pen Set,Stationery,4.0,250.0,140,5,Gorakhpur,Uttar Pradesh,North,Amit,Credit Card
ORD3189,2026-01-17,C0955,Nisha Joshi,Notebook,Stationery,2.0,120.0,65,10,Hyderabad,Telangana,South,Priya,Debit Card
ORD5640,2026-08-23,C0223,Sneha Mishra,Keyboard,Electronics,1.0,1800.0,1100,0,Delhi,Delhi,North,Amit,Cash
ORD3444,2026-05-19,C0477,Amit Chauhan,Office Chair,Furniture,3.0,12000.0,8500,5,Lucknow,Uttar Pradesh,North,Amit,Debit Card
ORD1363,2026-02-28,C0390,Rahul Yadav,Monitor,Electronics,4.0,18000.0,14000,20,Hyderabad,Telangana,South,Priya,UPI
ORD3350,2026-07-24,C0938,Ravi Chauhan,Printer,Electronics,5.0,16000.0,12500,0,Jaipur,Rajasthan,North,Amit,Net Banking
ORD1346,2026-06-09,C0392,Manish Yadav,Smartphone,Electronics,6.0,28000.0,22000,15,Bengaluru,Karnataka,South,Amit,Cash
ORD1815,2026-03-31,C1000,Meera Chauhan,Headphones,Electronics,7.0,3500.0,2200,10,Bhubaneswar,Odisha,East,Karan,
ORD4206,2026-04-08,C0704,Pooja Joshi,Smartphone,Electronics,7.0,28000.0,22000,5,Bhubaneswar,Odisha,East,Ravi,UPI
ORD5460,2026-02-26,C0188,Ravi Tiwari,Keyboard,Electronics,3.0,1800.0,1100,10,Pune,Maharashtra,West,Ravi,Debit Card
ORD5825,2026-01-07,C0910,Rahul Agarwal,Headphones,Electronics,6.0,3500.0,2200,5,Chennai,Tamil Nadu,South,Amit,Cash
ORD4326,2026-01-16,C0448,Shreya Patel,Pen Set,Stationery,,250.0,140,0,Lucknow,Uttar Pradesh,North,Amit,UPI
ORD5107,2026-06-26,C0664,Priya Sharma,Headphones,Electronics,3.0,3500.0,2200,10,Jaipur,Rajasthan,North,Karan,Debit Card
ORD3117,2026-01-05,C0634,Sneha Joshi,Laptop,Electronics,5.0,55000.0,45000,20,Ahmedabad,Gujarat,West,Sneha,Debit Card
ORD2835,2026-05-19,C0215,Nisha Chauhan,Pen Set,Stationery,5.0,250.0,140,10,Hyderabad,Telangana,South,Priya,Debit Card
ORD1794,2026-08-26,C0036,Ravi Sharma,Laptop,Electronics,2.0,55000.0,45000,10,Kolkata,West Bengal,East,Amit,Net Banking
ORD5977,2026-06-16,C0918,Pooja Tiwari,Printer,Electronics,5.0,16000.0,12500,15,Hyderabad,Telangana,South,Ravi,Credit Card
ORD3675,2026-02-22,C0458,Pooja Joshi,Headphones,Electronics,6.0,3500.0,2200,10,Delhi,Delhi,north,Ravi,Debit Card
ORD1095,2026-04-03,C0778,Shreya Verma,Pen Set,Stationery,4.0,250.0,140,15,Pune,Maharashtra,West,Neha,Cash
ORD4757,2026-04-06,C0096,Rahul Yadav,Laptop,Electronics,1.0,55000.0,45000,15,Mumbai,Maharashtra,West,Priya,Credit Card
ORD3892,2026-02-23,C0140,Arjun Tiwari,Laptop,Electronics,3.0,55000.0,45000,10,Delhi,Delhi,North,Sneha,UPI
ORD3372,2026-05-01,C0125,Rahul Gupta,Smartphone,Electronics,3.0,28000.0,22000,20,Hyderabad,Telangana,South,Priya,Cash
ORD5175,2026-02-25,C0135,Priya Yadav,Smartphone,Electronics,5.0,28000.0,22000,0,Hyderabad,Telangana,South,Ravi,UPI
ORD5459,2026-04-29,C0360,Shreya Gupta,Keyboard,Electronics,2.0,1800.0,1100,20,Kolkata,West Bengal,East,Ravi,Debit Card
ORD4229,2026-05-16,C0417,Sneha Singh,Desk,Furniture,1.0,9000.0,6200,20,Gorakhpur,Uttar Pradesh,North,Amit,UPI
ORD3854,2026-08-27,C0891,Shreya Kumar,Printer,Electronics,5.0,16000.0,12500,15,Kolkata,West Bengal,East,Ravi,Net Banking
ORD3913,2026-01-16,C0966,Shreya Kumar,Laptop,Electronics,5.0,55000.0,45000,20,Ahmedabad,Gujarat,West,Priya,Cash
ORD2866,2026-05-28,C0074,Kavita Sharma,Headphones,Electronics,3.0,3500.0,2200,0,Gorakhpur,Uttar Pradesh,North,Neha,Cash
ORD2858,2026-08-21,C0300,Anjali Saxena,Headphones,Electronics,4.0,3500.0,2200,0,Jaipur,Rajasthan,North,Priya,Debit Card
ORD3646,2026-08-24,C0691,Rohan Singh,Headphones,Electronics,4.0,3500.0,2200,20,Chennai,Tamil Nadu,South,Ravi,Debit Card
ORD3244,2026-03-20,C0964,Vikas Mehta,Notebook,Stationery,7.0,120.0,65,20,Delhi,Delhi,North,Priya,Credit Card
ORD3337,2026-07-01,C0184,Rahul Patel,Laptop,Electronics,4.0,55000.0,45000,5,Delhi,Delhi,North,Priya,Credit Card
ORD1951,2026-02-07,C0186,Priya Gupta,Headphones,Electronics,6.0,3500.0,2200,10,Kolkata,West Bengal,East,Karan,Credit Card
ORD4069,2026-02-24,C0100,Rahul Kumar,Headphones,Electronics,3.0,3500.0,2200,20,Mumbai,Maharashtra,West,Sneha,Cash
ORD2121,2026-01-03,C0602,Neha Saxena,Printer,Electronics,5.0,16000.0,12500,5,Bengaluru,Karnataka,South,Ravi,Debit Card
ORD3598,2026-04-30,C0167,Rohan Patel,Printer,Electronics,5.0,16000.0,12500,10,Kolkata,West Bengal,East,Karan,Cash
ORD3205,2026-07-24,C0229,Priya Gupta,Keyboard,Electronics,7.0,1800.0,1100,20,Ahmedabad,Gujarat,West,Priya,Debit Card
ORD1420,2026-01-28,C0470,Karan Chauhan,Printer,Electronics,5.0,16000.0,12500,0,Gorakhpur,Uttar Pradesh,North,Amit,Cash
ORD1923,2026-07-11,C0576,Varun Chauhan,Pen Set,Stationery,4.0,250.0,140,0,Jaipur,Rajasthan,North,Neha,Credit Card
ORD2255,2026-01-19,C0599,Karan Agarwal,Keyboard,Electronics,3.0,1800.0,1100,10,Lucknow,Uttar Pradesh,North,Karan,Cash
ORD1478,2026-06-07,C0614,Varun Agarwal,Headphones,Electronics,3.0,3500.0,2200,0,Gorakhpur,Uttar Pradesh,North,Ravi,Debit Card
ORD3036,2026-06-09,C0863,Manish Joshi,Keyboard,Electronics,3.0,1800.0,1100,20,Lucknow,Uttar Pradesh,North,Sneha,Cash
ORD2203,2026-01-19,C0272,,Notebook,Stationery,5.0,120.0,65,10,Pune,Maharashtra,West,Ravi,Net Banking
ORD3627,2026-01-10,C0055,Kavita Kumar,Notebook,Stationery,1.0,120.0,65,5,Mumbai,Maharashtra,West,Neha,Credit Card
ORD5848,2026-06-19,C0488,Karan Yadav,Laptop,Electronics,6.0,55000.0,45000,0,Hyderabad,Telangana,South,Karan,Debit Card
ORD2971,2026-06-08,C0217,Pooja Singh,Laptop,Electronics,2.0,55000.0,45000,20,Delhi,Delhi,North,Neha,Debit Card
ORD4111,2026-04-05,C0431,Rohan Gupta,Pen Set,Stationery,5.0,250.0,140,15,Bengaluru,Karnataka,South,Priya,Net Banking
ORD5019,2026-07-12,C0904,Rahul Tiwari,Keyboard,Electronics,3.0,1800.0,1100,15,Gorakhpur,Uttar Pradesh,North,Sneha,Credit Card
ORD3152,2026-08-10,C0922,Varun Patel,Laptop,Electronics,6.0,55000.0,45000,10,Kolkata,West Bengal,East,Ravi,Debit Card
ORD4688,2026-06-13,C0419,Ravi Chauhan,Desk,Furniture,6.0,9000.0,6200,20,Jaipur,Rajasthan,North,Neha,UPI
ORD2998,2026-08-27,C0818,Manish Yadav,Monitor,Electronics,7.0,18000.0,14000,5,Pune,Maharashtra,West,Priya,Credit Card
ORD5034,2026-08-07,C0349,Rohan Kumar,Pen Set,Stationery,1.0,250.0,140,20,Hyderabad,Telangana,South,Sneha,Cash
ORD4055,2026-07-17,C0890,Anjali Sharma,Office Chair,Furniture,7.0,12000.0,8500,20,Hyderabad,Telangana,South,Priya,Credit Card
ORD2249,2026-07-28,C0223,Sneha Mishra,Laptop,Electronics,2.0,55000.0,45000,20,Ahmedabad,Gujarat,West,Priya,Debit Card
ORD3193,2026-03-06,C0509,Manish Patel,Office Chair,Furniture,6.0,12000.0,8500,0,Bhubaneswar,Odisha,East,Amit,Cash
ORD3713,2026-03-13,C0337,Vikas Mehta,Monitor,Electronics,5.0,18000.0,14000,20,Mumbai,Maharashtra,West,Amit,Credit Card
ORD1993,2026-07-11,C0718,Nisha Chauhan,Notebook,Stationery,4.0,120.0,65,20,Chennai,Tamil Nadu,South,Ravi,Net Banking
ORD3191,2026-05-04,C0527,Ravi Verma,Smartphone,ELECTRONICS,1.0,28000.0,22000,20,Pune,Maharashtra,West,Ravi,Net Banking
ORD4763,2026-02-03,C0966,Unknown Customer,Laptop,Electronics,6.0,55000.0,45000,0,Bengaluru,Karnataka,South,Neha,Credit Card
ORD4598,2026-08-08,C0330,Amit Kumar,Monitor,Electronics,3.0,18000.0,14000,5,Kolkata,West Bengal,East,Karan,Cash
ORD2319,2026-02-24,C0161,Manish Agarwal,Smartphone,Electronics,3.0,28000.0,22000,5,Lucknow,Uttar Pradesh,North,Ravi,Credit Card
ORD2864,2026-01-14,C0095,Rohan Patel,Smartphone,Electronics,2.0,28000.0,22000,5,Hyderabad,Telangana,South,Sneha,Debit Card
ORD3344,2026-06-06,C0996,Simran Chauhan,Office Chair,Furniture,1.0,12000.0,8500,10,Chennai,Tamil Nadu,South,Amit,Cash
ORD3450,2026-08-13,C0506,Sneha Tiwari,Pen Set,Stationery,5.0,250.0,140,15,Bhubaneswar,Odisha,East,Priya,Net Banking
ORD3137,2026-01-30,C0431,Rohan Gupta,Notebook,Stationery,1.0,120.0,65,5,Gorakhpur,Uttar Pradesh,North,Amit,Cash
ORD2066,2026-03-16,C0330,Amit Kumar,Office Chair,Furniture,6.0,12000.0,8500,5,Jaipur,Rajasthan,North,Sneha,Debit Card
ORD5991,2026-08-09,C0867,Anjali Agarwal,Desk,Furniture,4.0,9000.0,6200,15,Pune,Maharashtra,West,Priya,Credit Card
ORD3622,2026-05-19,C0559,Sneha Joshi,Keyboard,Electronics,1.0,1800.0,1100,0,Kolkata,West Bengal,East,Priya,Cash
ORD1078,2026-07-14,C0942,Anjali Mehta,Pen Set,Stationery,6.0,250.0,140,5,Kolkata,West Bengal,East,Priya,Debit Card
ORD3899,2026-08-23,C0251,Manish Mishra,Office Chair,Furniture,7.0,12000.0,8500,20,Jaipur,Rajasthan,North,Neha,Debit Card
ORD2315,2026-08-27,C0298,Rahul Gupta,Pen Set,Stationery,5.0,250.0,140,15,Ahmedabad,Gujarat,West,Amit,Net Banking
ORD5399,2026-08-20,C0908,Karan Chauhan,Desk,Furniture,1.0,9000.0,6200,10,Lucknow,Uttar Pradesh,North,Sneha,UPI
ORD1873,2026-04-13,C0063,Vikas Mishra,Office Chair,Furniture,1.0,12000.0,8500,10,Ahmedabad,Gujarat,West,Amit,Credit Card
ORD4851,2026-06-28,C0711,Vikas Joshi,Desk,Furniture,7.0,9000.0,6200,15,Hyderabad,Telangana,South,Ravi,Cash
ORD5817,2026-02-22,C0398,Simran Sharma,Monitor,Electronics,6.0,18000.0,14000,20,Ahmedabad,Gujarat,West,Karan,UPI
ORD3966,2026-01-03,C0800,Amit Saxena,Headphones,Electronics,2.0,3500.0,2200,20,Kolkata,West Bengal,East,Priya,Credit Card
ORD4392,2026-01-09,C0279,Meera Gupta,Keyboard,Electronics,4.0,1800.0,1100,15,Lucknow,Uttar Pradesh,North,Neha,UPI
ORD3561,2026-06-15,C0478,Neha Yadav,Pen Set,Stationery,1.0,250.0,140,5,Lucknow,Uttar Pradesh,North,Amit,Cash
ORD5927,2026-05-03,C0001,Priya Gupta,laptop,Furniture,7.0,9000.0,6200,5,Bengaluru,Karnataka,South,Sneha,Cash
ORD3636,2026-05-10,C0422,Rohan Saxena,Laptop,Electronics,5.0,55000.0,45000,20,Hyderabad,Telangana, North ,Ravi,Debit Card
ORD4531,2026-03-04,C0022,Kavita Tiwari,Keyboard,Electronics,1.0,1800.0,1100,10,Jaipur,Rajasthan,North,Amit,Cash
ORD1376,2026-06-14,C0117,Sneha Singh,Desk,Furniture,5.0,9000.0,6200,0,Chennai,Tamil Nadu,South,Sneha,Credit Card
ORD2909,2026-04-29,C0252,Arjun Joshi,Printer,Electronics,4.0,16000.0,12500,0,Bhubaneswar,Odisha,East,Priya,Debit Card
ORD5359,2026-01-12,C0030,Aditya Saxena,Smartphone,Electronics,1.0,28000.0,22000,10,Kolkata,West Bengal,East,Ravi,Net Banking
ORD5406,2026-02-03,C0857,Varun Chauhan,Laptop,Electronics,7.0,55000.0,45000,5,Bengaluru,Karnataka,South,Sneha,Debit Card
ORD5028,2026-06-17,C0241,Karan Chauhan,Monitor,Electronics,7.0,18000.0,14000,5,Kolkata,West Bengal,East,Sneha,Debit Card
ORD2605,2026-01-11,C0397,Anjali Sharma,Keyboard,Electronics,3.0,1800.0,1100,10,Chennai,Tamil Nadu,South,Amit,Net Banking
ORD2119,2026-04-02,C0656,Rohan Singh,Desk,Furniture,3.0,9000.0,6200,15,Jaipur,Rajasthan,North,Sneha,Credit Card
ORD4678,2026-05-01,C0408,Neha Saxena,Printer,Electronics,7.0,16000.0,12500,5,Lucknow,Uttar Pradesh,North,Sneha,Credit Card
ORD4491,2026-06-13,C0570,Meera Kumar,Pen Set,Stationery,7.0,250.0,140,5,Hyderabad,Telangana,South,Priya,Cash
ORD5894,2026-03-12,C0495,Arjun Saxena,Office Chair,Furniture,5.0,12000.0,8500,0,Bengaluru,Karnataka,South,Neha,Cash
ORD3959,2026-05-11,C0477,Amit Chauhan,Headphones,Electronics,2.0,3500.0,2200,20,Mumbai,Maharashtra,West,Neha,Net Banking
ORD2995,2026-07-23,C0613,Vikas Gupta,Monitor,Electronics,1.0,18000.0,14000,0,Lucknow,Uttar Pradesh,North,Priya,Cash
ORD5986,2026-05-04,C0191,Manish Verma,Office Chair,Furniture,5.0,12000.0,8500,20,Pune,Maharashtra,West,Ravi,Net Banking
ORD5382,2026-04-10,C0707,Pooja Verma,laptop,Furniture,6.0,9000.0,6200,5,Pune,Maharashtra,West,Amit,Cash
ORD3377,2026-06-29,C0042,Amit Chauhan,Smartphone,Electronics,6.0,28000.0,22000,0,Lucknow,Uttar Pradesh,North,Amit,Credit Card
ORD2343,2026-02-18,C0047,Amit Tiwari,Pen Set,Stationery,3.0,250.0,140,15,Hyderabad,Telangana,South,Sneha,UPI
ORD1321,2026-05-25,C0982,Shreya Mishra,Office Chair,Furniture,3.0,12000.0,8500,10,Ahmedabad,Gujarat,West,Ravi,Cash
ORD2620,2026-05-04,C0225,Nisha Mishra,Printer,Electronics,5.0,16000.0,12500,5,Pune,Maharashtra,West,Ravi,Debit Card
ORD4714,2026-06-08,C0321,Manish Tiwari,Notebook,Stationery,2.0,120.0,65,20,Hyderabad,Telangana,South,Ravi,Net Banking
ORD3061,2026-03-18,C0180,Vikas Gupta,Office Chair,Furniture,1.0,12000.0,8500,5,Bengaluru,Karnataka,South,Karan,Cash
ORD3220,2026-03-15,C0962,Pooja Joshi,Printer,Electronics,1.0,16000.0,12500,20,Bengaluru,Karnataka,South,Amit,Debit Card
ORD2674,2026-06-17,C0080,Rohan Yadav,Desk,Furniture,5.0,9000.0,6200,10,Lucknow,Uttar Pradesh,North,Sneha,Credit Card
ORD1261,2026-01-15,C0796,Karan Patel,Headphones,Electronics,4.0,3500.0,2200,15,Bengaluru,Karnataka,South,Ravi,Cash
ORD5444,2026-06-10,C0545,Pooja Saxena,Desk,Furniture,4.0,9000.0,6200,10,Kolkata,West Bengal,East,Sneha,Debit Card
ORD3040,2026-07-18,C0197,Arjun Agarwal,Keyboard,Electronics,6.0,1800.0,1100,5,Bhubaneswar,Odisha,East,Ravi,Cash
ORD1902,2026-05-08,C0242,Amit Saxena,Monitor,Electronics,2.0,18000.0,14000,10,Hyderabad,Telangana,South,Priya,Credit Card
ORD4745,2026-08-07,C0894,Shreya Tiwari,Monitor,Electronics,4.0,18000.0,14000,0,Bhubaneswar,Odisha,East,Sneha,Debit Card
ORD3027,2026-07-27,C0659,Pooja Singh,Desk, Electronics ,3.0,9000.0,6200,15,Bhubaneswar,Odisha,East,Karan,Net Banking
ORD5235,2026-07-23,C0750,Nisha Joshi,Keyboard,Electronics,3.0,1800.0,1100,15,Kolkata,West Bengal,East,Amit,Cash
ORD2918,2026-08-12,C0222,Rohan Patel,Monitor,Electronics,6.0,18000.0,14000,10,Gorakhpur,Uttar Pradesh,North,Sneha,Net Banking
ORD2829,2026-08-21,C0475,Aditya Singh,Laptop,Electronics,7.0,55000.0,45000,10,Ahmedabad,Gujarat,West,Sneha,Debit Card
ORD2574,2026-02-22,C0719,Priya Joshi,Monitor,Electronics,5.0,18000.0,14000,0,Ahmedabad,Gujarat,West,Priya,Net Banking
ORD5421,2026-08-07,C0437,Karan Sharma,Printer,Electronics,2.0,16000.0,12500,15,Ahmedabad,Gujarat,West,Priya,Credit Card
ORD5209,2026-07-10,C0075,Shreya Yadav,Pen Set,Stationery,6.0,250.0,140,10,Lucknow,Uttar Pradesh,North,Amit,Credit Card
ORD1225,2026-08-20,C0388,Sneha Joshi,Monitor,Electronics,3.0,18000.0,14000,15,Mumbai,Maharashtra,West,Ravi,Credit Card
ORD1724,2026-08-16,C0607,Manish Tiwari,Printer,Electronics,3.0,16000.0,12500,5,Gorakhpur,Uttar Pradesh,North,Ravi,Net Banking
ORD5512,2026-07-03,C0234,Meera Sharma,Office Chair,Furniture,2.0,12000.0,8500,5,Delhi,Delhi,North,Karan,UPI
ORD2142,2026-08-09,C0864,Shreya Verma,Office Chair,Furniture,4.0,12000.0,8500,15,Pune,Maharashtra,West,Amit,Debit Card
ORD3763,2026-06-07,C0048,Simran Sharma,Smartphone,Electronics,6.0,28000.0,22000,15,Bengaluru,Karnataka,South,Ravi,Credit Card
ORD1847,2026-03-09,C0401,Simran Saxena,Laptop,Electronics,4.0,55000.0,45000,10,Pune,Maharashtra,West,Neha,Debit Card
ORD3552,2026-06-28,C0258,Manish Saxena,Pen Set,Stationery,4.0,250.0,140,20,Bengaluru,Karnataka,South,Neha,Cash
ORD3929,2026-01-01,C0687,Kavita Gupta,Pen Set,Stationery,5.0,250.0,140,20,Ahmedabad,Gujarat,West,Amit,UPI
ORD1118,2026-01-08,C0480,Amit Tiwari,Pen Set,Stationery,3.0,250.0,140,5,Chennai,Tamil Nadu,South,Priya,Debit Card
ORD1646,2026-01-24,C0012,Rahul Mishra,Smartphone,Electronics,1.0,28000.0,22000,5,Bengaluru,Karnataka,South,Ravi,Cash
ORD1004,2026-02-27,C0293,Arjun Chauhan,Notebook,Stationery,7.0,120.0,65,5,Bhubaneswar,Odisha,East,Karan,Net Banking
ORD5171,2026-08-16,C0602,Neha Saxena,Pen Set,Stationery,2.0,250.0,140,5,Chennai,Tamil Nadu,South,Sneha,Debit Card
ORD1468,2026-03-26,C0912,Arjun Gupta,Desk,Furniture,2.0,9000.0,6200,10,Jaipur,Rajasthan,North,Priya,Cash
ORD1006,2026-02-02,C0357,Amit Tiwari,Printer,Electronics,7.0,16000.0,12500,0,Bhubaneswar,Odisha,East,Priya,Debit Card
ORD1920,2026-06-08,C0751,Karan Saxena,Keyboard,Electronics,6.0,1800.0,1100,10,Ahmedabad,Gujarat,West,Priya,Debit Card
ORD3596,2026-03-18,C0960,Anjali Mehta,Pen Set,Stationery,5.0,250.0,140,0,Hyderabad,Telangana,South,Sneha,Cash
ORD2064,2026-01-17,C0873,Manish Saxena, Laptop,Furniture,4.0,12000.0,8500,5,Jaipur,Rajasthan,North,Ravi,Credit Card
ORD3591,2026-08-21,C0667,Nisha Verma,Laptop,Electronics,5.0,55000.0,45000,5,Pune,Maharashtra,West,Sneha,Net Banking
ORD1243,2026-08-04,C0953,Rohan Chauhan,Desk,Furniture,2.0,9000.0,6200,10,Hyderabad,Telangana,South,Ravi,Cash
ORD2161,2026-06-22,C0442,Rahul Singh,Printer,Electronics,4.0,16000.0,12500,10,Pune,Maharashtra,West,Neha,Debit Card
ORD3871,2026-05-10,C0685,,Desk, Electronics ,7.0,9000.0,6200,10,Hyderabad,Telangana,South,Neha,UPI
ORD4736,2026-04-23,C0796,Karan Patel,Keyboard,Electronics,5.0,1800.0,1100,15,Jaipur,Rajasthan,North,Karan,Net Banking
ORD3398,2026-01-27,C0117,Sneha Singh,Monitor,Electronics,1.0,18000.0,14000,10,Bhubaneswar,Odisha,East,Priya,UPI
ORD4518,2026-03-10,C0806,Rahul Agarwal,Monitor,Electronics,4.0,18000.0,14000,15,Kolkata,West Bengal,East,Priya,UPI
ORD4422,2026-07-17,C0398,Simran Sharma,Smartphone,Electronics,7.0,28000.0,22000,10,Bhubaneswar,Odisha,East,Neha,UPI
ORD3564,2026-01-13,C0777,Manish Mehta,Headphones,Electronics,7.0,3500.0,2200,15,Mumbai,Maharashtra,West,Amit,Cash
ORD2606,2026-06-14,C0063,Vikas Mishra,Desk,Furniture,3.0,9000.0,6200,0,Gorakhpur,Uttar Pradesh,North,Priya,UPI
ORD5858,2026-04-04,C0011,Sneha Kumar,Headphones,Electronics,2.0,3500.0,2200,10,Jaipur,Rajasthan,North,Sneha,Credit Card
ORD3325,2026-03-16,C0326,Rahul Mishra,Printer,Electronics,6.0,16000.0,12500,5,Pune,Maharashtra,West,Amit,Debit Card
ORD3710,2026-01-21,C0129,Ravi Kumar,Laptop,Electronics,6.0,55000.0,45000,0,Gorakhpur,Uttar Pradesh,North,Neha,UPI
ORD5425,2026-06-17,C0001,Priya Gupta,Smartphone,Electronics,3.0,28000.0,22000,15,Bengaluru,Karnataka,South,Ravi,UPI
ORD2313,2026-07-13,C0669,Kavita Sharma,Headphones,Electronics,7.0,3500.0,2200,5,Mumbai,Maharashtra,West,Priya,Debit Card
ORD4449,2026-05-24,C0056,Rohan Agarwal,Monitor,Electronics,2.0,18000.0,14000,0,Jaipur,Rajasthan,North,Sneha,UPI
ORD4813,2026-05-12,C0273,Meera Saxena,Headphones,Electronics,5.0,3500.0,2200,10,Bengaluru,Karnataka,South,Neha,Debit Card
ORD5801,2026-05-28,C0236,Simran Gupta,Laptop,Electronics,1.0,55000.0,45000,20,Pune,Maharashtra,West,Amit,UPI
ORD3363,2026-08-01,C0548,Anjali Kumar,Office Chair,Furniture,6.0,12000.0,8500,20,Mumbai,Maharashtra,West,Amit,UPI
ORD2976,2026-01-02,C0260,Sneha Verma,Desk,Furniture,5.0,9000.0,6200,5,Mumbai,Maharashtra,West,Neha,Debit Card
ORD4515,2026-02-18,C0774,Amit Joshi,Monitor,Electronics,6.0,18000.0,14000,10,Chennai,Tamil Nadu,South,Neha,Cash
ORD2762,2026-07-08,C0366,Kavita Mehta,Office Chair,Furniture,1.0,12000.0,8500,15,Pune,Maharashtra,West,Neha,Credit Card
ORD3740,2026-04-23,C0059,Rahul Kumar,Office Chair,Furniture,2.0,12000.0,8500,15,Jaipur,Rajasthan,North,Neha,UPI
ORD5687,2026-07-19,C0209,Amit Mishra,Office Chair,Furniture,3.0,12000.0,8500,20,Lucknow,Uttar Pradesh,North,Amit,Credit Card
ORD3473,2026-03-09,C0086,Rohan Joshi,Notebook,Stationery,1.0,120.0,65,10,Mumbai,Maharashtra,West,Priya,UPI
ORD5008,2026-04-27,C0931,Aditya Singh,Keyboard,Electronics,1.0,1800.0,1100,15,Bhubaneswar,Odisha,East,Sneha,Debit Card
ORD2494,2026-07-23,C0627,Aditya Kumar,Headphones,Electronics,4.0,3500.0,2200,15,Bengaluru,Karnataka,South,Karan,Debit Card
ORD5207,2026-08-20,C0871,Aditya Yadav,Pen Set,Stationery,2.0,250.0,140,5,Delhi,Delhi,North,Priya,UPI
ORD3159,2026-05-07,C0079,Amit Chauhan,Pen Set,Stationery,7.0,250.0,140,5,,Rajasthan,North,Karan,Debit Card
ORD2170,2026-05-15,C0243,Arjun Mishra,Notebook,ELECTRONICS,2.0,120.0,65,20,Mumbai,Maharashtra,West,Amit,UPI
ORD5543,2026-05-04,C0226,Shreya Verma,Printer,Electronics,4.0,16000.0,12500,5,Delhi,Delhi,North,Karan,Net Banking
ORD1233,2026-01-08,C0292,Amit Verma,Laptop,Electronics,6.0,55000.0,45000,5,Jaipur,Rajasthan,North,Priya,Credit Card
ORD1067,2026-06-24,C0820,Manish Joshi,Headphones,Electronics,7.0,3500.0,2200,5,Bengaluru,Karnataka,South,Amit,Credit Card
ORD2604,2026-03-25,C0592,Rohan Mehta,Printer,Electronics,6.0,16000.0,12500,10,Bengaluru,Karnataka,South,Ravi,Credit Card
ORD4284,2026-08-25,C0483,Nisha Patel,Monitor,Electronics,3.0,18000.0,14000,20,Ahmedabad,Gujarat,West,Priya,Credit Card
ORD4597,2026-01-25,C0564,Rohan Mehta,Notebook,Stationery,7.0,120.0,65,20,Delhi,Delhi,North,Ravi,Credit Card
ORD1126,2026-05-09,C0838,Vikas Joshi,Smartphone,electronics,1.0,28000.0,22000,5,Lucknow,Uttar Pradesh,North,Ravi,Cash
ORD2297,2026-07-04,C0535,Varun Kumar,Printer,Electronics,7.0,16000.0,12500,0,Lucknow,Uttar Pradesh,North,Sneha,Net Banking
ORD2977,2026-07-14,C0756,Priya Mishra,Notebook,Stationery,1.0,120.0,65,10,Kolkata,West Bengal,East,Priya,Net Banking
ORD5544,2026-06-29,C0584,Aditya Verma,Pen Set,Stationery,4.0,250.0,140,20,Delhi,Delhi,North,Sneha,Credit Card
ORD5508,2026-07-10,C0314,Shreya Singh,Smartphone,Electronics,7.0,28000.0,22000,5,Pune,Maharashtra,West,Ravi,Net Banking
ORD3076,2026-02-17,C0774,Amit Joshi,Laptop,Electronics,1.0,55000.0,45000,20,Chennai,Tamil Nadu,South,Neha,Credit Card
ORD4087,2026-08-08,C0831,Amit Singh,Pen Set,Stationery,2.0,250.0,140,0,Gorakhpur,Uttar Pradesh,North,Sneha,Net Banking
ORD5372,2026-08-19,C0770,Kavita Mehta,Office Chair,Furniture,4.0,12000.0,8500,10,Delhi,Delhi,North,Sneha,Debit Card
ORD4346,2026-03-13,C0316,Pooja Patel,Headphones,Electronics,1.0,3500.0,2200,15,Bhubaneswar,Odisha,East,Sneha,Debit Card
ORD5491,2026-06-29,C0379,Anjali Agarwal,Smartphone,Electronics,1.0,28000.0,22000,5,Chennai,Tamil Nadu,South,Amit,Debit Card
ORD3798,2026-07-26,C0915,Rohan Yadav,Laptop,Electronics,1.0,55000.0,45000,5,Ahmedabad,Gujarat,West,Priya,Cash
ORD1919,2026-01-01,C0850,Sneha Singh,Keyboard,Electronics,2.0,1800.0,1100,20,Bengaluru,Karnataka,South,Ravi,Cash
ORD2647,2026-02-27,C0963,Simran Mehta,Desk,Furniture,2.0,9000.0,6200,0,Bhubaneswar,Odisha,East,Karan,Cash
ORD1365,2026-07-11,C0611,Neha Verma,Smartphone,Electronics,7.0,28000.0,22000,5,Ahmedabad,Gujarat,West,Sneha,Net Banking
ORD4288,2026-02-10,C0433,Ravi Joshi,Desk,Furniture,7.0,9000.0,6200,5,Pune,Maharashtra,West,Neha,Net Banking
ORD3126,2026-06-25,C0505,Kavita Agarwal,Keyboard,Electronics,5.0,1800.0,1100,5,Hyderabad,Telangana,South,Priya,Cash
ORD5124,2026-02-21,C0417,Sneha Singh,Notebook,Stationery,7.0,120.0,65,20,Gorakhpur,Uttar Pradesh,North,Ravi,UPI
ORD1526,2026-05-20,C0479,Anjali Verma,Monitor,Electronics,2.0,18000.0,14000,5,Hyderabad,Telangana,South,Ravi,Cash
ORD1056,2026-07-26,C0351,Sneha Tiwari,Headphones,Electronics,7.0,3500.0,2200,5,Kolkata,West Bengal,East,Karan,Debit Card
ORD1639,2026-01-22,C0831,Amit Singh,Printer,Electronics,6.0,16000.0,12500,10,Ahmedabad,Gujarat,West,Neha,Credit Card
ORD1303,2026-03-26,C0121,Rohan Saxena,Monitor,Electronics,6.0,18000.0,14000,15,Kolkata,West Bengal,East,Neha,UPI
ORD3767,2026-05-30,C0862,Sneha Gupta,Desk,Furniture,7.0,9000.0,6200,10,Gorakhpur,Uttar Pradesh,North,Karan,Debit Card
ORD2277,2026-07-11,C0819,Neha Kumar,Smartphone,Electronics,3.0,28000.0,22000,15,Bhubaneswar,Odisha,East,Ravi,Net Banking
ORD3056,2026-04-17,C0909,Ravi Mehta,Desk,Furniture,6.0,9000.0,6200,0,Pune,Maharashtra,West,Amit,Credit Card
ORD4645,2026-05-20,C0433,Ravi Joshi,Keyboard,Electronics,2.0,1800.0,1100,10,Mumbai,Maharashtra,West,Priya,Credit Card
ORD5144,2026-02-12,C0848,Neha Tiwari,Smartphone,Electronics,3.0,28000.0,22000,15,Hyderabad,Telangana,South,Ravi,UPI
ORD3879,2026-05-10,C0851,Neha Mehta,Keyboard,Electronics,2.0,1800.0,1100,5,Jaipur,Rajasthan,North,Sneha,Net Banking
ORD5203,2026-05-11,C0558,Priya Mehta,Keyboard,Electronics,1.0,1800.0,1100,15,Jaipur,Rajasthan,North,Sneha,Net Banking
ORD3287,2026-07-02,C0004,Neha Tiwari,Office Chair,Furniture,1.0,12000.0,8500,0,Chennai,Tamil Nadu,South,Ravi,UPI
ORD3262,2026-03-11,C0479,Anjali Verma,Laptop,Electronics,2.0,55000.0,45000,20,Chennai,Tamil Nadu,South,Karan,Cash
ORD3297,2026-06-12,C0132,Meera Mehta,Pen Set,Stationery,5.0,250.0,140,10,Pune,Maharashtra,West,Priya,UPI
ORD2754,2026-05-28,C0140,Arjun Tiwari,Smartphone,Electronics,4.0,28000.0,22000,15,Bengaluru,Karnataka,South,Sneha,Debit Card
ORD2969,2026-04-10,C0405,Sneha Mehta,Pen Set,Stationery,3.0,250.0,140,0,Lucknow,Uttar Pradesh,North,Priya,Net Banking
ORD5378,2026-05-09,C0871,Aditya Yadav,Smartphone,Electronics,5.0,28000.0,22000,20,Bhubaneswar,Odisha,East,Amit,UPI
ORD4118,2026-04-04,C0823,,Smartphone,Electronics,2.0,28000.0,22000,5,Jaipur,Rajasthan,NORTH,Amit,Net Banking
ORD3394,2026-05-19,C0739,Aditya Mishra,Printer,Electronics,1.0,16000.0,12500,20,Hyderabad,Telangana,South,Ravi,UPI
ORD1524,2026-05-16,C0521,Priya Kumar,Monitor,Electronics,2.0,18000.0,14000,20,Ahmedabad,Gujarat,West,Neha,Debit Card
ORD4901,2026-05-01,C0080,Rohan Yadav,Pen Set,Stationery,7.0,250.0,140,10,Chennai,Tamil Nadu,South,Ravi,Cash
ORD4123,2026-01-17,C0771,Meera Verma,Keyboard,Electronics,5.0,1800.0,1100,15,Jaipur,Rajasthan,North,Sneha,Credit Card
ORD5157,2026-01-12,C0150,Meera Yadav,Pen Set,Stationery,3.0,250.0,140,5,Bhubaneswar,Odisha,East,Karan,UPI
ORD2970,2026-07-12,C0995,Kavita Kumar,Keyboard,Electronics,1.0,1800.0,1100,0,Jaipur,Rajasthan,North,Priya,Debit Card
ORD1672,2026-08-14,C0925,Rahul Verma, Laptop,Furniture,7.0,12000.0,8500,0,Kolkata,West Bengal,East,Ravi,Credit Card
ORD5189,2026-08-07,C0573,Pooja Chauhan,Pen Set,Stationery,1.0,250.0,140,15,Bhubaneswar,Odisha,East,Ravi,Debit Card
ORD1667,2026-01-03,C0797,Meera Verma,Desk,Furniture,7.0,9000.0,6200,20,Pune,Maharashtra,West,Karan,Net Banking
ORD5680,2026-02-10,C0289,Meera Chauhan,Headphones,Electronics,5.0,3500.0,2200,20,Mumbai,Maharashtra,West,Karan,Debit Card
ORD2888,2026-06-11,C0384,Rohan Agarwal,Printer,Electronics,3.0,16000.0,12500,15,Hyderabad,Telangana,South,Amit,Cash
ORD4267,2026-07-06,C0345,Pooja Verma,Smartphone,Electronics,6.0,28000.0,22000,0,Bhubaneswar,Odisha,East,Ravi,Debit Card
ORD1281,2026-03-25,C0867,Anjali Agarwal,Smartphone,Electronics,1.0,28000.0,22000,15,,Delhi,North,Sneha,Cash
ORD2720,2026-02-08,C0989,Anjali Gupta,Laptop,Electronics,6.0,55000.0,45000,20,Mumbai,Maharashtra,West,Amit,Debit Card
ORD3948,2026-05-31,C0909,Ravi Mehta,Pen Set,Stationery,6.0,250.0,140,10,Mumbai,Maharashtra,West,Ravi,UPI
ORD1900,2026-06-04,C0294,Simran Mishra,Printer,Electronics,4.0,16000.0,12500,10,Pune,Maharashtra,West,Karan,Net Banking
ORD5880,2026-03-05,C0276,Simran Yadav,Notebook,Stationery,,120.0,65,10,Gorakhpur,Uttar Pradesh,North,Priya,UPI
ORD1761,2026-02-07,C0042,Amit Chauhan,Smartphone,Electronics,7.0,28000.0,22000,0,Hyderabad,Telangana,South,Karan,Net Banking
ORD2907,2026-07-19,C0696,Priya Chauhan,Laptop,Electronics,2.0,55000.0,45000,5,Kolkata,West Bengal,East,Amit,Debit Card
ORD5043,2026-03-19,C0399,Varun Singh,Smartphone,Electronics,3.0,28000.0,22000,15,Kolkata,West Bengal,East,Sneha,Net Banking
ORD4824,2026-06-25,C0323,Simran Joshi,Monitor,Electronics,1.0,18000.0,14000,20,Delhi,Delhi,North,Amit,Cash
ORD5139,2026-05-24,C0316,Pooja Patel,Desk,Furniture,3.0,9000.0,6200,5,Lucknow,Uttar Pradesh,North,Karan,UPI
ORD4819,2026-07-01,C0997,Simran Yadav,Monitor,Electronics,7.0,18000.0,14000,20,Jaipur,Rajasthan,North,Ravi,Cash
ORD5301,2026-03-26,C0597,Kavita Singh,Office Chair,Furniture,1.0,12000.0,8500,5,Lucknow,Uttar Pradesh,North,Amit,UPI
ORD3594,2026-06-09,C0451,Sneha Sharma,Pen Set,Stationery,6.0,250.0,140,10,Jaipur,Rajasthan,North,Neha,Debit Card
ORD5165,2026-02-27,C0284,Pooja Singh,Printer,Electronics,4.0,,12500,15,Bhubaneswar,Odisha,East,Karan,Net Banking
ORD4032,2026-08-09,C0549,Karan Mehta,Monitor,Electronics,7.0,18000.0,14000,5,Lucknow,Uttar Pradesh,North,Ravi,Net Banking
ORD4580,2026-03-03,C0141,Anjali Mishra,Keyboard,Electronics,1.0,1800.0,1100,15,Kolkata,West Bengal,East,Neha,UPI
ORD3833,2026-08-02,C0359,Manish Sharma,Keyboard,Electronics,1.0,1800.0,1100,20,Jaipur,Rajasthan,North,Karan,Credit Card
ORD4473,2026-04-08,C0653,Aditya Mehta,Keyboard,Electronics,1.0,1800.0,1100,5,Gorakhpur,Uttar Pradesh,North,Ravi,Credit Card
ORD1138,2026-01-17,C0779,Shreya Kumar,Notebook,Stationery,3.0,120.0,65,5,Mumbai,Maharashtra,West,Priya,Debit Card
ORD3181,2026-06-23,C0232,Neha Patel,Smartphone,Electronics,7.0,28000.0,22000,15,Kolkata,West Bengal,East,Karan,UPI
ORD3129,2026-07-16,C0384,Rohan Agarwal,Laptop,Electronics,6.0,55000.0,45000,20,Lucknow,Uttar Pradesh,North,Neha,UPI
ORD4178,2026-03-26,C0615,Amit Singh,Smartphone,Electronics,2.0,28000.0,22000,15,Chennai,Tamil Nadu,South,Sneha,UPI
ORD5394,2026-05-04,C0253,Aditya Sharma,Keyboard,Electronics,6.0,1800.0,1100,5,Bhubaneswar,Odisha,East,Priya,Credit Card
ORD5262,2026-04-13,C0118,Meera Yadav,Pen Set,Stationery,4.0,250.0,140,15,Mumbai,Maharashtra,West,Neha,Cash
ORD5345,2026-02-14,C0448,Shreya Patel,Headphones,Electronics,5.0,3500.0,2200,10,Bhubaneswar,Odisha,East,Priya,Net Banking
ORD2332,2026-03-17,C0887,Varun Singh,Office Chair,Furniture,2.0,12000.0,8500,0,Mumbai,Maharashtra,West,Sneha,Net Banking
ORD3018,2026-02-22,C0901,Simran Kumar,Printer,Electronics,3.0,16000.0,12500,10,Ahmedabad,Gujarat,West,Sneha,Net Banking
ORD3483,2026-02-21,C0389,Shreya Patel,Keyboard,Electronics,1.0,1800.0,1100,15,Ahmedabad,Gujarat,West,Karan,Cash
ORD2359,2026-04-11,C0683,Meera Verma,Printer,Electronics,2.0,16000.0,12500,10,Bhubaneswar,Odisha,East,Karan,Debit Card
ORD2330,2026-08-15,C0549,Karan Mehta,Printer,Electronics,1.0,16000.0,12500,15,Kolkata,West Bengal,East,Sneha,Net Banking
ORD3151,2026-06-13,C0058,Manish Sharma,Headphones,Electronics,2.0,3500.0,2200,20,Chennai,Tamil Nadu,South,Priya,Debit Card
ORD3123,2026-04-23,C0185,,Desk,Furniture,7.0,9000.0,6200,15,Bengaluru,Karnataka,South,Neha,Debit Card
ORD4982,2026-01-03,C0819,Neha Kumar,Notebook,Stationery,2.0,120.0,65,10,Ahmedabad,Gujarat,West,Sneha,Cash
ORD2253,2026-03-25,C0546,Arjun Mehta,Laptop,Electronics,3.0,55000.0,45000,10,Bhubaneswar,Odisha,East,Priya,Cash
ORD4279,2026-04-29,C0599,Karan Agarwal,Notebook,Stationery,2.0,120.0,65,0,Mumbai,Maharashtra,West,Amit,Net Banking
ORD4375,2026-03-20,C0412,Karan Yadav,Pen Set,Stationery,4.0,250.0,140,15,Kolkata,West Bengal,East,Karan,Cash
ORD3815,2026-01-02,C0912,Arjun Gupta,Monitor,Electronics,4.0,18000.0,14000,10,Lucknow,Uttar Pradesh,North,Neha,Cash
ORD2849,2026-02-18,C0829,Sneha Saxena,Laptop,Electronics,6.0,55000.0,45000,15,,Uttar Pradesh,North,Sneha,Credit Card
ORD4038,2026-06-12,C0871,Aditya Yadav,Laptop,Electronics,6.0,55000.0,45000,20,Bhubaneswar,Odisha,East,Amit,Credit Card
ORD1389,2026-08-28,C0214,Sneha Chauhan,Monitor,Electronics,1.0,18000.0,14000,10,Mumbai,Maharashtra,West,Amit,UPI
ORD1236,2026-07-22,C0983,Vikas Mehta,Smartphone,Electronics,7.0,28000.0,22000,0,Delhi,Delhi,North,Priya,UPI
ORD2078,2026-04-05,C0058,Manish Sharma,Notebook,Stationery,2.0,120.0,65,20,Jaipur,Rajasthan,North,Neha,Debit Card
ORD2985,2026-03-04,C0200,Manish Singh,Monitor,Electronics,1.0,18000.0,14000,15,Pune,Maharashtra,West,Ravi,Credit Card
ORD5364,2026-08-08,C0110,Arjun Yadav,Desk,Furniture,1.0,9000.0,6200,10,Chennai,Tamil Nadu,South,Ravi,Credit Card
ORD4963,2026-01-12,C0297,Anjali Mishra,Pen Set,Stationery,1.0,250.0,140,20,Pune,Maharashtra,West,Sneha,Cash
ORD1771,2026-07-03,C0072,Aditya Sharma,Keyboard,Electronics,5.0,1800.0,1100,5,Bengaluru,Karnataka,South,Sneha,Credit Card
ORD3166,2026-02-12,C0248,Amit Yadav,Monitor,Electronics,1.0,18000.0,14000,0,Chennai,Tamil Nadu,South,Sneha,Cash
ORD1674,2026-03-19,C0068,Amit Singh,Pen Set,Stationery,3.0,250.0,140,20,Bengaluru,Karnataka,South,Amit,Cash
ORD1250,2026-08-15,C0172,Meera Tiwari,Printer,Electronics,2.0,16000.0,12500,0,Delhi,Delhi,North,Karan,Cash
ORD2575,2026-05-24,C0169,Kavita Agarwal,Headphones,Electronics,2.0,3500.0,2200,0,Hyderabad,Telangana,South,Amit,Credit Card
ORD4420,2026-06-23,C0872,Sneha Mishra,Laptop,Electronics,1.0,55000.0,45000,10,Gorakhpur,Uttar Pradesh,North,Neha,Net Banking
ORD3082,2026-05-20,C0002,Amit Saxena,Smartphone,Electronics,1.0,28000.0,22000,5,Delhi,Delhi,North,Ravi,Cash
ORD2824,2026-06-22,C0329,Nisha Kumar,Office Chair,Furniture,3.0,12000.0,8500,20,Bengaluru,Karnataka,South,Priya,Credit Card
ORD1717,2026-04-16,C0857,Varun Chauhan,Monitor,Electronics,3.0,18000.0,14000,0,Jaipur,Rajasthan,North,Priya,UPI
ORD5696,2026-01-11,C0626,Nisha Yadav,Smartphone,Electronics,6.0,28000.0,22000,0,Bhubaneswar,Odisha,East,Ravi,Credit Card
ORD3049,2026-05-07,C0137,Nisha Yadav,Notebook,Stationery,2.0,120.0,65,15,,Telangana,South,Neha,UPI
ORD5179,2026-02-21,C0764,Amit Agarwal,Monitor,Electronics,2.0,18000.0,14000,5,Bhubaneswar,Odisha,East,Amit,Cash
ORD3725,2026-08-18,C0388,Sneha Joshi,Notebook,Stationery,1.0,120.0,65,10,Bengaluru,Karnataka,South,Sneha,Net Banking
ORD5548,2026-01-16,C0381,Shreya Singh,Headphones,Electronics,1.0,3500.0,2200,10,Bhubaneswar,Odisha,East,Karan,Cash
ORD2461,2026-08-22,C0416,Kavita Kumar,Smartphone,Electronics,2.0,28000.0,22000,0,Chennai,Tamil Nadu,South,Priya,UPI
ORD2669,2026-08-18,C0467,Kavita Singh,Office Chair,Furniture,2.0,12000.0,8500,20,Hyderabad,Telangana,South,Neha,Cash
ORD3757,2026-01-14,C0860,Nisha Saxena,laptop,Stationery,4.0,250.0,140,0,Pune,Maharashtra,West,Neha,Debit Card
ORD3001,2026-03-07,C0825,Shreya Yadav,Notebook,Stationery,6.0,120.0,65,20,Kolkata,West Bengal,East,Karan,UPI
ORD1405,2026-04-09,C0316,Pooja Patel,Desk,Furniture,1.0,9000.0,6200,5,Lucknow,Uttar Pradesh,North,Ravi,Credit Card
ORD1385,2026-08-09,C0822,Meera Agarwal,Laptop,Electronics,2.0,55000.0,45000,5,Kolkata,West Bengal,East,Priya,Net Banking
ORD5519,2026-08-09,C0153,Aditya Gupta,Laptop,Electronics,-3.0,55000.0,45000,5,Mumbai,Maharashtra,West,Karan,Net Banking
ORD3153,2026-07-08,C0572,Arjun Verma,Laptop ,Electronics,2.0,55000.0,45000,20,Mumbai,Maharashtra,West,Ravi,Credit Card
ORD2634,2026-03-11,C0091,Neha Joshi,Keyboard, Electronics ,1.0,1800.0,1100,10,Bhubaneswar,Odisha,East,Priya,Debit Card
ORD5613,2026-04-05,C0507,Pooja Saxena,Laptop,Electronics,6.0,55000.0,45000,20,Pune,Maharashtra,West,Karan,Credit Card
ORD4926,2026-01-07,C0294,Simran Mishra,Office Chair,Furniture,7.0,12000.0,8500,20,Mumbai,Maharashtra,West,Amit,Net Banking
ORD5159,2026-02-11,C0365,Nisha Saxena,Pen Set,Stationery,5.0,250.0,140,5,Bengaluru,Karnataka,South,Amit,Net Banking
ORD1224,2026-04-30,C0515,Manish Singh,Pen Set,Stationery,1.0,250.0,140,5,Chennai,Tamil Nadu,South,Karan,Net Banking
ORD3194,2026-07-07,C0379,Anjali Agarwal,Laptop,Electronics,3.0,55000.0,45000,10,Mumbai,Maharashtra,West,Priya,Credit Card
ORD4137,2026-05-30,C0889,Manish Tiwari, LAPTOP ,Stationery,1.0,120.0,65,0,Hyderabad,Telangana,South,Amit,Debit Card
ORD2825,2026-02-21,C0136,Manish Yadav,Office Chair,Furniture,3.0,12000.0,8500,0,Delhi,Delhi,North,Sneha,Debit Card
ORD5628,2026-02-04,C0857,Varun Chauhan,Office Chair,Furniture,5.0,12000.0,8500,0,Chennai,Tamil Nadu,South,Ravi,Credit Card
ORD1798,2026-04-11,C0582,Anjali Chauhan,Notebook,Stationery,2.0,120.0,65,20,Chennai,Tamil Nadu,South,Karan,Debit Card
ORD3872,2026-03-08,C0320,Neha Saxena,Pen Set,Stationery,4.0,250.0,140,10,Kolkata,West Bengal,East,Priya,Cash
ORD1010,2026-02-19,C0294,Simran Mishra,Keyboard,Electronics,4.0,1800.0,1100,10,Lucknow,Uttar Pradesh,North,Amit,Credit Card
ORD2945,2026-04-13,C0355,Nisha Chauhan,Desk,Furniture,3.0,9000.0,6200,15,Hyderabad,Telangana,South,Priya,Cash
ORD2839,2026-07-30,C0571,Varun Kumar,Desk,Furniture,999.0,9000.0,6200,0,Bhubaneswar,Odisha,East,Karan,Cash
ORD1256,2026-08-03,C0277,Rohan Tiwari,Desk,Furniture,6.0,9000.0,6200,5,Chennai,Tamil Nadu,South,Sneha,Net Banking
ORD5535,2026-03-03,C0198,Amit Joshi,Office Chair,Furniture,6.0,12000.0,8500,5,Bengaluru,Karnataka, North ,Amit,Net Banking
ORD2582,2026-04-16,C0672,Simran Tiwari,Notebook,Stationery,5.0,120.0,65,15,Mumbai,Maharashtra,West,Karan,Net Banking
ORD3957,2026-03-07,C0099,Nisha Saxena,Printer,Electronics,4.0,16000.0,12500,5,Mumbai,Maharashtra,West,Ravi,Cash
ORD1925,2026-04-20,C0411,Ravi Patel,Notebook,Stationery,3.0,120.0,65,15,Ahmedabad,Gujarat,West,Sneha,Net Banking
ORD5456,2026-01-12,C0661,Nisha Gupta,Office Chair,Furniture,5.0,12000.0,8500,0,Bengaluru,Karnataka,South,Priya,Cash
ORD3509,2026-03-08,C0185,Anjali Verma,Desk,Furniture,2.0,9000.0,6200,10,Kolkata,West Bengal,East,Amit,UPI
ORD4776,2026-05-19,C0873,Manish Saxena,Monitor,Electronics,3.0,18000.0,14000,10,Kolkata,West Bengal,East,Priya,Cash
ORD5137,2026-04-30,C0535,Varun Kumar,Notebook,Stationery,1.0,120.0,65,10,,West Bengal,East,Priya,Cash
ORD3780,2026-07-20,C0877,Sneha Patel,Office Chair,Furniture,5.0,12000.0,8500,10,Pune,Maharashtra,West,Sneha,Net Banking
ORD1540,2026-06-08,C0429,Kavita Agarwal,Office Chair,Furniture,6.0,12000.0,8500,10,Jaipur,Rajasthan,North,Karan,Cash
ORD3746,2026-05-18,C0614,Varun Agarwal,Keyboard,Electronics,3.0,1800.0,1100,10,Chennai,Tamil Nadu,South,Ravi,Net Banking
ORD5525,2026-05-23,C0017,Priya Singh,Headphones,Electronics,3.0,3500.0,2200,0,Delhi,Delhi,North,Amit,Debit Card
ORD5598,2026-03-09,C0324,Anjali Tiwari,Pen Set,Stationery,5.0,250.0,140,20,Pune,Maharashtra,West,Priya,Net Banking
ORD2146,2026-06-11,C0663,Kavita Mehta,Smartphone,ELECTRONICS,1.0,28000.0,22000,0,Kolkata,West Bengal,East,Sneha,Credit Card
ORD1668,2026-01-20,C0500,Sneha Agarwal,Printer,Electronics,4.0,16000.0,12500,20,Mumbai,Maharashtra,West,Sneha,UPI
ORD4020,2026-07-15,C0024,Pooja Yadav,Desk,Furniture,3.0,9000.0,6200,15,Jaipur,Rajasthan,North,Priya,Net Banking
ORD1358,2026-01-05,C0013,Amit Mehta,Pen Set,Stationery,7.0,250.0,140,5,Bengaluru,Karnataka,South,Priya,Debit Card
ORD3832,2026-08-23,C0438,Nisha Tiwari,Keyboard,Electronics,5.0,1800.0,1100,5,Ahmedabad,Gujarat,West,Neha,Net Banking
ORD3784,2026-08-22,C0633,Sneha Patel,Office Chair,Furniture,6.0,12000.0,8500,0,Bhubaneswar,Odisha,East,Ravi,Debit Card
ORD2354,2026-07-29,C0695,Manish Tiwari,Headphones,Electronics,2.0,3500.0,2200,15,Hyderabad,Telangana,South,Ravi,Cash
ORD1471,2026-06-05,C0112,Priya Agarwal,Laptop,Electronics,5.0,55000.0,45000,10,Kolkata,West Bengal,East,Ravi,UPI
ORD3704,2026-04-02,C0881,Priya Chauhan,Office Chair,Furniture,7.0,12000.0,8500,0,Jaipur,Rajasthan,North,Priya,UPI
ORD4331,2026-04-25,C0870,Pooja Singh,Desk,Furniture,4.0,9000.0,6200,20,Kolkata,West Bengal,East,Amit,Debit Card
ORD4638,2026-07-09,C0392,Manish Yadav,Headphones,Electronics,2.0,3500.0,2200,20,Mumbai,Maharashtra,West,Amit,Cash
ORD2397,2026-01-16,C0078,Anjali Mishra,Notebook,Stationery,4.0,120.0,65,5,Chennai,Tamil Nadu,South,Amit,UPI
ORD4585,2026-03-17,C0595,,Printer,Electronics,5.0,16000.0,12500,0,Lucknow,Uttar Pradesh,North,Ravi,Credit Card
ORD5513,2026-07-26,C0741,Shreya Gupta,Office Chair,Furniture,1.0,12000.0,8500,15,Gorakhpur,Uttar Pradesh,North,Sneha,Net Banking
ORD4377,2026-06-28,C0320,Neha Saxena,Desk,Furniture,2.0,9000.0,6200,10,Gorakhpur,Uttar Pradesh,North,Sneha,Net Banking
ORD2257,2026-08-03,C0023,Priya Saxena,Keyboard,Electronics,4.0,1800.0,1100,5,Lucknow,Uttar Pradesh,North,Ravi,Cash
ORD4513,2026-08-27,C0554,Amit Kumar,Keyboard,Electronics,5.0,1800.0,1100,5,Hyderabad,Telangana,South,Sneha,Cash
ORD2251,2026-06-26,C0376,Nisha Chauhan,Keyboard,Electronics,4.0,1800.0,1100,5,Gorakhpur,Uttar Pradesh,North,Amit,Credit Card
ORD5837,2026-01-10,C0933,Meera Mishra,Desk,Furniture,6.0,9000.0,6200,15,Lucknow,Uttar Pradesh,North,Priya,Debit Card
ORD5299,2026-05-27,C0501,Priya Mehta,Smartphone,Electronics,7.0,28000.0,22000,10,Lucknow,Uttar Pradesh, North ,Amit,Cash
ORD4285,2026-06-11,C0264,Karan Joshi,Monitor,Electronics,5.0,18000.0,14000,0,Chennai,Tamil Nadu,South,Karan,Cash
ORD3934,2026-07-10,C0090,Karan Agarwal,Office Chair,Furniture,5.0,12000.0,8500,20,Bhubaneswar,Odisha,East,Ravi,Cash
ORD5176,2026-06-21,C0458,Pooja Joshi,Pen Set,Stationery,7.0,250.0,140,20,Bengaluru,Karnataka,South,Priya,Credit Card
ORD2853,2026-07-22,C0640,Manish Yadav,Notebook,Stationery,4.0,120.0,65,20,Hyderabad,Telangana,South,Neha,Debit Card
ORD5899,2026-03-30,C0233,Simran Agarwal,Office Chair,Furniture,5.0,12000.0,8500,10,Ahmedabad,Gujarat,West,Amit,UPI
ORD3106,2026-08-22,C0173,Priya Patel,Desk,Furniture,6.0,9000.0,6200,20,Gorakhpur,Uttar Pradesh,North,Sneha,Cash
ORD1134,2026-08-08,C0077,Rahul Joshi,Keyboard,Electronics,7.0,1800.0,1100,15,Delhi,Delhi,North,Sneha,UPI
ORD1929,2026-04-06,C0958,Priya Chauhan,Pen Set,Stationery,5.0,250.0,140,0,Kolkata,West Bengal,East,Karan,Debit Card
ORD1824,2026-07-16,C0577,Arjun Kumar,Notebook,Stationery,2.0,120.0,65,5,Hyderabad,Telangana,South,Neha,Credit Card
ORD5570,2026-03-06,C0402,Nisha Joshi,Smartphone,Electronics,2.0,28000.0,22000,10,Lucknow,Uttar Pradesh,North,Ravi,Debit Card
ORD2532,2026-06-07,C0942,Anjali Mehta,Laptop,Electronics,1.0,55000.0,45000,0,Chennai,Tamil Nadu,South,Ravi,Debit Card
ORD2215,2026-05-25,C0692,Simran Joshi,Printer,Electronics,3.0,16000.0,12500,5,Pune,Maharashtra,West,Priya,Credit Card
ORD1505,2026-05-08,C0484,Priya Mishra,Keyboard,Electronics,4.0,1800.0,1100,20,Gorakhpur,Uttar Pradesh,North,Amit,UPI
ORD5286,2026-04-23,C0436,Kavita Mishra,Laptop,Electronics,7.0,55000.0,45000,10,Bengaluru,Karnataka,South,Priya,Cash
ORD2997,2026-06-24,C0494,,Laptop,Electronics,6.0,55000.0,45000,10,Mumbai,Maharashtra,West,Neha,Credit Card
ORD4073,2026-03-14,C0144,Ravi Gupta,Monitor,Electronics,7.0,18000.0,14000,5,Delhi,Delhi,North,Sneha,Credit Card
ORD2959,2026-01-13,C0728,Nisha Kumar,Printer,Electronics,4.0,16000.0,12500,20,Bengaluru,Karnataka,South,Neha,UPI
ORD2385,2026-07-04,C0642,Priya Verma,Office Chair,Furniture,7.0,12000.0,8500,10,Mumbai,Maharashtra,West,Priya,UPI
ORD1895,2026-04-07,C0716,Ravi Singh,Notebook,Stationery,2.0,120.0,65,20,Jaipur,Rajasthan,North,Sneha,Debit Card
ORD1456,2026-08-06,C0619,Aditya Kumar,Printer,Electronics,2.0,16000.0,12500,5,Hyderabad,Telangana,South,Priya,Debit Card
ORD5664,2026-03-22,C0887,Varun Singh,Notebook,Stationery,2.0,120.0,65,0,Kolkata,West Bengal,East,Sneha,Debit Card
ORD4710,2026-02-14,C0488,Karan Yadav,Notebook,Stationery,1.0,120.0,65,20,Mumbai,Maharashtra,West,Neha,UPI
ORD5646,2026-03-15,C0982,Shreya Mishra,Headphones,Electronics,1.0,3500.0,2200,10,Jaipur,Rajasthan,North,Ravi,Cash
ORD5269,2026-04-18,C0164,Anjali Singh,Printer,Electronics,3.0,16000.0,12500,10,Chennai,Tamil Nadu,South,Neha,Debit Card
ORD4523,2026-04-09,C0398,Simran Sharma,Desk,Furniture,2.0,9000.0,6200,0,Mumbai,Maharashtra,West,Sneha,Debit Card
ORD5135,2026-06-22,C0322,Aditya Tiwari,Monitor,Electronics,2.0,18000.0,14000,10,Lucknow,Uttar Pradesh,North,Sneha,Credit Card
ORD4603,2026-04-12,C0634,Sneha Joshi,Headphones,Electronics,3.0,3500.0,2200,20,Ahmedabad,Gujarat,West,Ravi,Cash
ORD1714,2026-01-22,C0633,Sneha Patel,Printer,Electronics,5.0,16000.0,12500,5,Hyderabad,Telangana,South,Neha,Net Banking
ORD5187,2026-01-24,C0835,Unknown Customer,Pen Set,Stationery,2.0,250.0,140,0,Hyderabad,Telangana,South,Priya,Credit Card
ORD3215,2026-05-24,C0795,Sneha Yadav,Monitor,Electronics,6.0,18000.0,14000,10,Lucknow,Uttar Pradesh,North,Ravi,Cash
ORD3924,2026-05-30,C0169,Kavita Agarwal,Smartphone,Electronics,3.0,28000.0,22000,20,Jaipur,Rajasthan,North,Karan,Cash
ORD2811,2026-03-11,C0992,Karan Gupta,Laptop,Electronics,2.0,55000.0,45000,15,Gorakhpur,Uttar Pradesh,North,Amit,Net Banking
ORD4487,2026-07-10,C0797,Meera Verma,Monitor,Electronics,1.0,18000.0,14000,20,Gorakhpur,Uttar Pradesh,North,Priya,Net Banking
ORD4142,2026-08-15,C0169,Kavita Agarwal,Laptop,Electronics,1.0,55000.0,45000,0,Bengaluru,Karnataka,South,Sneha,Debit Card
ORD2828,2026-01-14,C0555,Manish Mishra,Headphones,Electronics,2.0,3500.0,2200,10,Chennai,Tamil Nadu,South,Priya,Debit Card
ORD2156,2026-06-02,C0621,Anjali Joshi,Laptop,Electronics,1.0,55000.0,45000,10,Mumbai,Maharashtra,West,Priya,Credit Card
ORD2325,2026-08-13,C0862,Sneha Gupta,Pen Set,Stationery,6.0,250.0,140,15,Lucknow,Uttar Pradesh,North,Karan,Net Banking
ORD5313,2026-03-08,C0227,Aditya Singh,Smartphone,Electronics,5.0,28000.0,22000,15,Gorakhpur,Uttar Pradesh,North,Sneha,Credit Card
ORD1511,2026-05-25,C0728,Nisha Kumar,Notebook,Stationery,2.0,120.0,65,15,Kolkata,West Bengal,East,Neha,Debit Card
ORD2681,2026-08-15,C0189,Arjun Gupta,Keyboard,Electronics,7.0,1800.0,1100,20,Bengaluru,Karnataka,South,Karan,Net Banking
ORD1500,2026-03-10,C0786,Sneha Sharma,Keyboard,Electronics,4.0,1800.0,1100,20,Bhubaneswar,Odisha,East,Sneha,Credit Card
ORD5563,2026-03-17,C0182,Simran Mishra,laptop,Electronics,7.0,28000.0,22000,10,Bhubaneswar,Odisha,East,Ravi,Cash
ORD2857,2026-07-17,C0069,Nisha Sharma,Office Chair,Furniture,5.0,12000.0,8500,5,Jaipur,Rajasthan,North,Neha,Credit Card
ORD2389,2026-08-18,C0643,Rahul Gupta,Monitor,Electronics,1.0,18000.0,14000,0,Delhi,Delhi,North,Ravi,Cash
ORD4720,2026-01-09,C0401,Simran Saxena,Headphones,Electronics,7.0,3500.0,2200,10,Chennai,Tamil Nadu,South,Amit,UPI
ORD3387,2026-04-20,C0444,Simran Yadav,Monitor,Electronics,7.0,18000.0,14000,15,Pune,Maharashtra,West,Amit,Net Banking
ORD4237,2026-08-20,C0635,Meera Verma,Keyboard,Electronics,6.0,1800.0,1100,5,Lucknow,Uttar Pradesh,North,Ravi,Debit Card
ORD2541,2026-04-24,C0738,Karan Verma,Headphones,Electronics,5.0,3500.0,2200,15,Bhubaneswar,Odisha,East,Karan,Net Banking
ORD2218,2026-06-26,C0514,Aditya Tiwari,Keyboard,Electronics,3.0,1800.0,1100,0,Bhubaneswar,Odisha,East,Ravi,Cash
ORD3682,2026-03-22,C0490,Karan Mehta,Smartphone,Electronics,4.0,28000.0,22000,5,Pune,Maharashtra,West,Priya,Cash
ORD3994,2026-05-19,C0452,Anjali Kumar,Printer,Electronics,3.0,16000.0,12500,10,Lucknow,Uttar Pradesh,North,Neha,UPI
ORD2192,2026-07-01,C0730,Aditya Mishra,Pen Set,Stationery,6.0,250.0,140,10,Chennai,Tamil Nadu,South,Karan,Debit Card
ORD2543,2026-02-14,C0904,Rahul Tiwari,Laptop,Electronics,6.0,55000.0,45000,15,Gorakhpur,Uttar Pradesh,North,Neha,Cash
ORD4302,2026-04-01,C0553,Simran Verma,Desk,Furniture,4.0,9000.0,6200,0,Jaipur,Rajasthan,North,Ravi,UPI
ORD4325,2026-04-18,C0998,Karan Tiwari,Laptop,Electronics,3.0,55000.0,45000,5,Bengaluru,Karnataka,South,Neha,UPI
ORD3540,2026-07-07,C0260,Sneha Verma,Office Chair,Furniture,2.0,12000.0,8500,0,Mumbai,Maharashtra,West,Amit,UPI
ORD1954,2026-05-13,C0237,Simran Verma,Monitor,Electronics,1.0,18000.0,14000,5,Lucknow,Uttar Pradesh,North,Amit,Cash
ORD5331,2026-04-25,C0588,Amit Saxena,Smartphone,Electronics,5.0,28000.0,22000,10,Lucknow,Uttar Pradesh,North,Priya,Debit Card
ORD1733,2026-04-26,C0473,Aditya Singh,Smartphone,Electronics,3.0,28000.0,22000,15,Pune,Maharashtra,West,Neha,UPI
ORD2157,2026-06-23,C0788,Simran Singh,Laptop,Electronics,7.0,55000.0,45000,5,Hyderabad,Telangana,South,Amit,Debit Card
ORD4295,2026-06-24,C0959,Rahul Mishra,Pen Set,Stationery,4.0,250.0,140,0,Bengaluru,Karnataka,South,Neha,Net Banking
ORD3983,2026-08-28,C0299,Rahul Saxena,Printer,Electronics,5.0,16000.0,12500,5,Delhi,Delhi,North,Karan,Credit Card
ORD3157,2026-02-20,C0811,Varun Joshi,Desk,Furniture,3.0,9000.0,6200,10,Bhubaneswar,Odisha,East,Neha,Net Banking
ORD2063,2026-08-28,C0340,Arjun Gupta,Notebook,Stationery,5.0,120.0,65,15,Lucknow,Uttar Pradesh,North,Amit,Cash
ORD3617,2026-01-18,C0471,Nisha Chauhan,Printer,Electronics,2.0,16000.0,12500,5,Bengaluru,Karnataka,South,Neha,Cash
ORD2168,2026-06-23,C0639,Rahul Joshi,Office Chair,Furniture,5.0,12000.0,8500,15,Bengaluru,Karnataka,South,Karan,Cash
ORD4223,2026-06-24,C0676,Ravi Agarwal,Laptop,Electronics,6.0,55000.0,45000,0,Lucknow,Uttar Pradesh,North,Ravi,Credit Card
ORD4637,2026-05-25,C0396,Karan Verma,Laptop,Electronics,7.0,55000.0,45000,5,Bhubaneswar,Odisha,East,Sneha,UPI
ORD3939,2026-04-03,C0650,Vikas Saxena,Notebook,Stationery,4.0,120.0,65,10,Bengaluru,Karnataka,South,Amit,Cash
ORD5492,2026-02-22,C0455,Rahul Yadav,Printer,Electronics,1.0,16000.0,12500,10,Lucknow,Uttar Pradesh,North,Priya,Cash
ORD4141,2026-07-25,C0788,Simran Singh,Notebook,Stationery,7.0,120.0,65,15,Kolkata,West Bengal,East,Priya,Credit Card
ORD1144,2026-03-07,C0286,Anjali Mehta,Notebook,Stationery,6.0,120.0,65,20,Jaipur,Rajasthan,North,Priya,Debit Card
ORD4578,2026-01-16,C0410,Sneha Joshi,Notebook,Stationery,3.0,120.0,65,15,Kolkata,West Bengal,East,Karan,Debit Card
ORD3783,2026-08-25,C0361,Rahul Verma,Laptop,Electronics,5.0,55000.0,45000,10,Chennai,Tamil Nadu,South,Priya,Net Banking
ORD1718,2026-08-22,C0633,Sneha Patel,Smartphone,Electronics,3.0,,22000,5,Bengaluru,Karnataka,South,Ravi,Cash
ORD2820,2026-04-26,C0470,Karan Chauhan,Laptop,Electronics,4.0,55000.0,45000,0,Chennai,Tamil Nadu,South,Amit,Net Banking
ORD3503,2026-01-22,C0740,Shreya Singh,Notebook,Stationery,4.0,120.0,65,0,Mumbai,Maharashtra,West,Ravi,UPI
ORD5361,2026-06-13,C0383,Meera Chauhan,Monitor,Electronics,7.0,18000.0,14000,0,Jaipur,Rajasthan,North,Ravi,Net Banking
ORD5172,2026-08-01,C0674,Sneha Sharma,Pen Set,Stationery,2.0,250.0,140,5,Delhi,Delhi,North,Sneha,Credit Card
ORD1396,2026-03-10,C0179,Amit Tiwari,Pen Set,Stationery,7.0,250.0,140,0,Delhi,Delhi, North ,Priya,Debit Card
ORD5866,2026-08-10,C0768,Anjali Chauhan,Office Chair,Furniture,5.0,12000.0,8500,15,Delhi,Delhi,North,Neha,Debit Card
ORD5493,2026-02-05,C0710,Varun Chauhan,Notebook, Electronics ,1.0,120.0,65,0,Bhubaneswar,Odisha,East,Amit,
ORD2366,2026-03-01,C0768,Anjali Chauhan, Laptop,Electronics,4.0,1800.0,1100,10,Ahmedabad,Gujarat,West,Sneha,Credit Card
ORD5585,2026-08-05,C0989,Anjali Gupta,Laptop ,Electronics,1.0,16000.0,12500,5,Bengaluru,Karnataka, North ,Sneha,Net Banking
ORD1596,2026-02-14,C0248,Amit Yadav,Pen Set,Stationery,3.0,250.0,140,20,Jaipur,Rajasthan,north,Sneha,Credit Card
ORD4953,2026-03-12,C0615,Amit Singh,Pen Set,Stationery,4.0,250.0,140,15,Kolkata,West Bengal,East,Neha,Credit Card
ORD3915,2026-08-02,C0005,Priya Mishra,Notebook,Stationery,4.0,120.0,65,10,Lucknow,Uttar Pradesh,North,Sneha,Credit Card
ORD3327,2026-07-26,C0805,Ravi Chauhan,Monitor,Electronics,1.0,18000.0,14000,5,Delhi,Delhi,North,Karan,UPI
ORD4767,2026-02-11,C0190,Kavita Tiwari,Desk,Furniture,1.0,9000.0,6200,15,Mumbai,Maharashtra,West,Ravi,Cash
ORD4441,2026-03-13,C0315,Karan Gupta,Office Chair,Furniture,1.0,12000.0,8500,0,Chennai,Tamil Nadu,South,Karan,Credit Card
ORD4852,2026-01-16,C0098,Manish Gupta,Pen Set,Stationery,5.0,250.0,140,20,Bhubaneswar,Odisha,East,Neha,Cash
ORD5133,2026-03-25,C0001,Priya Gupta,Monitor,Electronics,2.0,18000.0,14000,20,Ahmedabad,Gujarat,West,Sneha,UPI
ORD5618,2026-08-07,C0566,,Printer,Electronics,4.0,16000.0,12500,5,Bengaluru,Karnataka,South,Neha,Net Banking
ORD3144,2026-06-08,C0054,Sneha Agarwal,Laptop,Electronics,5.0,55000.0,45000,10,Pune,Maharashtra,West,Karan,Net Banking
ORD2572,2026-01-26,C0634,Sneha Joshi,Office Chair,Furniture,5.0,12000.0,8500,20,Lucknow,Uttar Pradesh,North,Amit,Credit Card
ORD5080,2026-08-15,C0334,Pooja Singh,Desk,Furniture,6.0,9000.0,6200,20,Kolkata,West Bengal, North ,Karan,Net Banking
ORD2123,2026-08-09,C0751,Karan Saxena,Pen Set,Stationery,5.0,250.0,140,10,Ahmedabad,Gujarat,West,Sneha,Cash
ORD3787,2026-05-11,C0853,Karan Kumar,Pen Set,Stationery,7.0,250.0,140,5,Jaipur,Rajasthan,North,Karan,Debit Card
ORD3968,2026-02-03,C0709,Pooja Patel,Monitor,Electronics,2.0,18000.0,14000,20,Jaipur,Rajasthan,North,Amit,
ORD3505,2026-06-08,C0653,Aditya Mehta,Keyboard,Electronics,4.0,1800.0,1100,15,Lucknow,Uttar Pradesh,North,Priya,Cash
ORD4466,2026-07-24,C0709,Pooja Patel,Laptop,Electronics,3.0,55000.0,45000,20,Pune,Maharashtra,West,Ravi,Cash
ORD1676,2026-05-12,C0167,Rohan Patel,Office Chair,Furniture,5.0,12000.0,8500,15,Bhubaneswar,Odisha,East,Sneha,Debit Card
ORD3809,2026-05-12,C0857,Varun Chauhan,Pen Set,Stationery,4.0,250.0,140,0,Kolkata,West Bengal,East,Karan,Credit Card
ORD4349,2026-04-25,C0874,Anjali Sharma,Desk,Furniture,1.0,9000.0,6200,15,Bhubaneswar,Odisha,East,Karan,Debit Card
ORD1729,2026-06-02,C0399,Varun Singh,Headphones,Electronics,4.0,3500.0,2200,10,Kolkata,West Bengal,East,Sneha,Net Banking
ORD1413,2026-06-11,C0748,Varun Mehta,Keyboard,Electronics,6.0,1800.0,1100,10,Delhi,Delhi,North,Priya,Credit Card
ORD4147,2026-03-21,C0701,Karan Joshi,Pen Set,Stationery,7.0,250.0,140,15,Delhi,Delhi,North,Amit,Debit Card
ORD2517,2026-08-24,C0658,Manish Joshi,Monitor,Electronics,6.0,18000.0,14000,5,Mumbai,Maharashtra,West,Neha,Credit Card
ORD1826,2026-04-23,C0142,Priya Tiwari,Smartphone,Electronics,2.0,28000.0,22000,20,Chennai,Tamil Nadu,South,Ravi,Cash
ORD4268,2026-03-24,C0010,Shreya Yadav,Laptop,Electronics,7.0,55000.0,45000,5,Ahmedabad,Gujarat,West,Ravi,Debit Card
ORD4975,2026-08-07,C0299,Rahul Saxena,Headphones,Electronics,5.0,3500.0,2200,10,Gorakhpur,Uttar Pradesh,North,Neha,Credit Card
ORD1617,2026-05-28,C0722,Arjun Verma,Notebook,Stationery,7.0,120.0,65,5,Bengaluru,Karnataka,South,Karan,UPI
ORD1115,2026-01-31,C0862,Sneha Gupta,Desk,Furniture,1.0,9000.0,6200,20,Bhubaneswar,Odisha,East,Ravi,Cash
ORD1418,2026-03-17,C0094,Nisha Sharma,Office Chair,Furniture,3.0,12000.0,8500,20,Gorakhpur,Uttar Pradesh,North,Amit,Debit Card
ORD4070,2026-03-02,C0354,Aditya Mehta,Smartphone,Electronics,4.0,28000.0,22000,0,Hyderabad,Telangana,South,Priya,Credit Card
ORD2626,2026-05-26,C0387,Manish Joshi,Desk,Furniture,5.0,9000.0,6200,5,Kolkata,West Bengal,East,Amit,Net Banking
ORD5981,2026-05-20,C0173,Priya Patel,laptop,Electronics,1.0,1800.0,1100,0,Hyderabad,Telangana,South,Neha,UPI
ORD5186,2026-01-25,C0281,Rahul Saxena,Printer,Electronics,1.0,16000.0,12500,10,Kolkata,West Bengal,East,Sneha,UPI
ORD3897,2026-02-27,C0911,Anjali Kumar,Desk,Furniture,7.0,9000.0,6200,5,Chennai,Tamil Nadu,South,Sneha,Credit Card
ORD5699,2026-03-23,C0766,Karan Agarwal,Headphones,Electronics,6.0,3500.0,2200,15,Bhubaneswar,Odisha,East,Sneha,Debit Card
ORD3083,2026-04-07,C0135,Priya Yadav,Smartphone,Electronics,1.0,28000.0,22000,5,Ahmedabad,Gujarat,West,Ravi,Debit Card
ORD1754,2026-05-05,C0872,Sneha Mishra,Smartphone,Electronics,6.0,28000.0,22000,5,Gorakhpur,Uttar Pradesh,North,Priya,Debit Card
ORD3547,2026-06-12,C0063,Vikas Mishra,Keyboard,Electronics,3.0,1800.0,1100,20,Gorakhpur,Uttar Pradesh,North,Sneha,Debit Card
ORD4970,2026-02-17,C0439,Nisha Chauhan,Printer,Electronics,4.0,16000.0,12500,20,Delhi,Delhi,North,Neha,Cash
ORD4374,2026-03-17,C0639,Rahul Joshi,Laptop,Electronics,6.0,55000.0,45000,10,Mumbai,Maharashtra,West,Ravi,Debit Card
ORD5108,2026-07-10,C0833,Sneha Patel,Keyboard,Electronics,2.0,1800.0,1100,20,Lucknow,Uttar Pradesh,North,Sneha,UPI
ORD3445,2026-06-26,C0714,Simran Kumar,Office Chair,Furniture,5.0,12000.0,8500,5,Delhi,Delhi,North,Priya,Net Banking
ORD5381,2026-04-27,C0629,Simran Tiwari, Laptop,Furniture,7.0,9000.0,6200,20,Gorakhpur,Uttar Pradesh,North,Karan,Credit Card
ORD2067,2026-06-25,C0697,Rahul Yadav,Office Chair,Furniture,1.0,12000.0,8500,5,Gorakhpur,Uttar Pradesh,North,Amit,UPI
ORD4914,2026-01-25,C0074,Kavita Sharma,Pen Set,Stationery,5.0,250.0,140,10,Mumbai,Maharashtra,West,Sneha,Credit Card
ORD4499,2026-02-25,C0322,Aditya Tiwari,Notebook,Stationery,7.0,120.0,65,10,Mumbai,Maharashtra,West,Priya,Net Banking
ORD3739,2026-01-03,C0737,Kavita Yadav,Laptop,Electronics,7.0,55000.0,45000,15,Lucknow,Uttar Pradesh,North,Ravi,Net Banking
ORD5001,2026-04-13,C0562,Pooja Kumar,Printer,Electronics,5.0,16000.0,12500,20,Kolkata,West Bengal,East,Ravi,Credit Card
ORD2569,2026-07-02,C0402,Nisha Joshi,Monitor,Electronics,5.0,18000.0,14000,15,Pune,Maharashtra,West,Priya,Credit Card
ORD3428,2026-05-25,C0234,Meera Sharma,Monitor,Electronics,5.0,18000.0,14000,10,Pune,Maharashtra,West,Sneha,Cash
ORD4747,2026-01-18,C0676,Ravi Agarwal,Notebook, Electronics ,3.0,120.0,65,15,,Maharashtra,West,Priya,UPI
ORD5667,2026-04-03,C0131,Rahul Saxena,Office Chair,Furniture,1.0,12000.0,8500,5,Hyderabad,Telangana,South,Amit,UPI
ORD2688,2026-05-04,C0149,Vikas Agarwal,Laptop,Electronics,2.0,55000.0,45000,20,Mumbai,Maharashtra,West,Sneha,Credit Card
ORD1852,2026-05-01,C0662,Manish Agarwal,Smartphone,Electronics,4.0,28000.0,22000,5,Kolkata,West Bengal,East,Priya,Net Banking
ORD4547,2026-05-17,C0460,Arjun Saxena,Headphones,Electronics,6.0,3500.0,2200,10,Chennai,Tamil Nadu,South,Karan,Net Banking
ORD1896,2026-02-08,C0558,Priya Mehta,Keyboard,Electronics,2.0,1800.0,1100,10,Jaipur,Rajasthan,North,Priya,UPI
ORD5593,2026-02-28,C0609,Kavita Patel,Keyboard,Electronics,2.0,1800.0,1100,10,Bengaluru,Karnataka,South,Amit,Credit Card
ORD1336,2026-02-19,C0391,Pooja Saxena,Office Chair,Furniture,7.0,12000.0,8500,15,Mumbai,Maharashtra,West,Sneha,Debit Card
ORD3840,2026-02-10,C0776,Amit Kumar,Pen Set,Stationery,1.0,250.0,140,15,Kolkata,West Bengal,East,Karan,Credit Card
ORD4088,2026-08-25,C0133,Kavita Yadav,Pen Set,Stationery,7.0,250.0,140,20,Lucknow,Uttar Pradesh,North,Amit,Credit Card
ORD5612,2026-02-23,C0549,Karan Mehta,Monitor,Electronics,4.0,18000.0,14000,15,Hyderabad,Telangana,South,Sneha,Debit Card
ORD2349,2026-03-14,C0636,Rohan Mehta,Laptop,Electronics,4.0,55000.0,45000,10,Lucknow,Uttar Pradesh,North,Neha,UPI
ORD2016,2026-02-01,C0721,Kavita Joshi,Notebook,Stationery,6.0,120.0,65,5,Chennai,Tamil Nadu,South,Neha,Net Banking
ORD3817,2026-07-13,C0535,Varun Kumar,Printer,Electronics,7.0,16000.0,12500,0,Bhubaneswar,Odisha,East,Neha,Credit Card
ORD2632,2026-03-27,C0400,Kavita Saxena,Pen Set,Stationery,6.0,250.0,140,20,Ahmedabad,Gujarat,West,Amit,Credit Card
ORD3490,2026-07-21,C0164,Anjali Singh,Laptop,Electronics,7.0,55000.0,45000,15,Bhubaneswar,Odisha,East,Amit,Debit Card
ORD4731,2026-04-04,C0773,Neha Patel,Printer,Electronics,4.0,16000.0,12500,0,Gorakhpur,Uttar Pradesh,North,Ravi,Debit Card
ORD4252,2026-05-24,C0606,Rohan Patel,Desk,Furniture,1.0,9000.0,6200,5,Hyderabad,Telangana,South,Priya,Cash
ORD5662,2026-07-20,C0097,Manish Tiwari,Headphones,Electronics,5.0,3500.0,2200,15,Gorakhpur,Uttar Pradesh,North,Amit,
ORD3071,2026-05-07,C0212,Karan Agarwal,Keyboard,Electronics,5.0,1800.0,1100,0,Delhi,Delhi,North,Karan,Credit Card
ORD5453,2026-04-10,C0589,Vikas Gupta,Keyboard,Electronics,5.0,1800.0,1100,0,Pune,Maharashtra,West,Amit,Credit Card
ORD5913,2026-02-24,C0086,Rohan Joshi,Headphones,Electronics,1.0,3500.0,2200,0,Kolkata,West Bengal,East,Amit,Credit Card
ORD2636,2026-02-09,C0852,Varun Gupta,Headphones,Electronics,4.0,3500.0,2200,10,Bhubaneswar,Odisha,East,Ravi,UPI
ORD3480,2026-06-22,C0364,Priya Tiwari,Desk,Furniture,4.0,9000.0,6200,0,Mumbai,Maharashtra,West,Amit,Cash
ORD3266,2026-07-23,C0541,Meera Tiwari,Laptop,Electronics,7.0,55000.0,45000,10,Pune,Maharashtra,West,Amit,Debit Card
ORD3960,2026-05-11,C0903,Kavita Singh,Office Chair,Furniture,7.0,12000.0,8500,20,Gorakhpur,Uttar Pradesh,North,Neha,Credit Card
ORD5761,2026-03-23,C0362,Priya Kumar,Smartphone,Electronics,4.0,28000.0,22000,5,Bhubaneswar,Odisha,East,Sneha,Cash
ORD4060,2026-07-08,C0441,Manish Patel,Smartphone,Electronics,1.0,28000.0,22000,15,Mumbai,Maharashtra,West,Neha,Debit Card
ORD3142,2026-03-20,C0958,Priya Chauhan,Monitor,Electronics,3.0,18000.0,14000,15,Kolkata,West Bengal,East,Sneha,Net Banking
ORD4119,2026-02-17,C0502,Kavita Tiwari,Printer,Electronics,4.0,16000.0,12500,20,Pune,Maharashtra,West,Neha,Credit Card
ORD5754,2026-03-11,C0039,Vikas Kumar,Smartphone,Electronics,1.0,"₹55,000",22000,20,Pune,Maharashtra,West,Sneha,UPI
ORD5046,2026-06-28,C0118,Meera Yadav,Monitor,Electronics,7.0,18000.0,14000,0,Bengaluru,Karnataka,South,Karan,Net Banking
ORD4357,2026-05-15,C0570,Meera Kumar,Smartphone,Electronics,3.0,28000.0,22000,10,Bengaluru,Karnataka,South,Amit,UPI
ORD3745,2026-06-06,C0671,Meera Saxena,Desk,Furniture,1.0,9000.0,6200,15,,Uttar Pradesh,North,Sneha,Credit Card
ORD4507,2026-02-13,C0213,Rahul Sharma,Keyboard,Electronics,2.0,"₹55,000",1100,0,Bhubaneswar,Odisha,East,Neha,Net Banking
ORD2680,2026-07-14,C0699,Varun Sharma,Headphones,Electronics,6.0,3500.0,2200,10,Hyderabad,Telangana,South,Priya,Net Banking
ORD5250,2026-07-30,C0289,Meera Chauhan,Pen Set,Stationery,2.0,250.0,140,5,Chennai,Tamil Nadu,South,Ravi,Cash
ORD4148,2026-05-05,C0078,Anjali Mishra,Laptop,Electronics,7.0,55000.0,45000,10,Lucknow,Uttar Pradesh,North,Ravi,Cash
ORD3295,2026-04-06,C0144,Ravi Gupta,Laptop,Electronics,6.0,55000.0,45000,10,Kolkata,West Bengal,East,Priya,UPI
ORD1581,2026-08-22,C0554,Amit Kumar,Notebook,Stationery,5.0,120.0,65,10,Mumbai,Maharashtra,West,Ravi,Debit Card
ORD2471,2026-06-29,C0302,Anjali Singh,Headphones,Electronics,7.0,3500.0,2200,15,Hyderabad,Telangana,South,Neha,Debit Card
ORD5071,2026-08-09,C0244,Anjali Mishra,Office Chair,Furniture,5.0,12000.0,8500,0,Lucknow,Uttar Pradesh,North,Priya,Credit Card
ORD4344,2026-07-19,C0006,Shreya Agarwal,Laptop,Electronics,1.0,55000.0,45000,20,Delhi,Delhi,North,Sneha,Debit Card
ORD5584,2026-06-17,C0087,Pooja Saxena,Pen Set,Stationery,3.0,250.0,140,10,Kolkata,West Bengal,East,Sneha,Credit Card
ORD4673,2026-08-15,C0356,Shreya Yadav,Smartphone,Electronics,1.0,28000.0,22000,0,Jaipur,Rajasthan,North,Ravi,UPI
ORD1560,2026-08-17,C0348,Nisha Singh,Smartphone,Electronics,3.0,28000.0,22000,5,Bengaluru,Karnataka,South,Ravi,Debit Card
ORD3850,2026-01-12,C0014,Aditya Singh,Smartphone,Electronics,7.0,28000.0,22000,15,Bengaluru,Karnataka,South,Ravi,Credit Card
ORD1513,2026-08-28,C0700,Meera Mishra,Laptop,Electronics,7.0,55000.0,45000,0,Chennai,Tamil Nadu,South,Ravi,Net Banking
ORD2082,2026-03-14,C0887,Varun Singh,Printer,Electronics,6.0,16000.0,12500,20,Ahmedabad,Gujarat,West,Karan,Credit Card
ORD2665,2026-06-20,C0021,Kavita Gupta,Printer,Electronics,1.0,16000.0,12500,5,Bhubaneswar,Odisha,East,Neha,Credit Card
ORD2013,2026-07-15,C0087,Pooja Saxena,Printer,Electronics,2.0,16000.0,12500,15,Chennai,Tamil Nadu,South,Amit,Cash
ORD2932,2026-03-12,C0901,Simran Kumar,Headphones,Electronics,5.0,3500.0,2200,5,Bhubaneswar,Odisha,East,Karan,Debit Card
ORD2151,2026-07-06,C0982,Shreya Mishra,Keyboard,Electronics,2.0,1800.0,1100,10,Kolkata,West Bengal,East,Neha,Net Banking
ORD3839,2026-05-18,C0885,Pooja Tiwari,Headphones,Electronics,5.0,3500.0,2200,20,Gorakhpur,Uttar Pradesh,North,Amit,Cash
ORD1117,2026-04-03,C0225,Nisha Mishra,Keyboard,Electronics,7.0,1800.0,1100,10,Delhi,Delhi,North,Sneha,Cash
ORD1741,2026-04-20,C0192,Pooja Agarwal,Desk, Electronics ,5.0,9000.0,6200,5,Chennai,Tamil Nadu,South,Karan,Debit Card
ORD5836,2026-07-04,C0360,Shreya Gupta,Desk,Furniture,4.0,9000.0,6200,20,Bengaluru,Karnataka,South,Ravi,UPI
ORD4676,2026-08-04,C0176,Varun Sharma,Desk,Furniture,4.0,9000.0,6200,5,Bengaluru,Karnataka,South,Amit,UPI
ORD1831,2026-04-04,C0335,Rahul Singh,Keyboard,Electronics,1.0,1800.0,1100,5,Bengaluru,Karnataka,South,Amit,UPI
ORD1120,2026-08-19,C0500,Sneha Agarwal,Keyboard,Electronics,6.0,1800.0,1100,20,Hyderabad,Telangana,South,Amit,Debit Card
ORD5809,2026-07-31,C0348,Nisha Singh,Keyboard,Electronics,4.0,1800.0,1100,20,Chennai,Tamil Nadu,South,Neha,Net Banking
ORD5768,2026-01-01,C0627,Aditya Kumar,Pen Set,Stationery,1.0,250.0,140,10,Bhubaneswar,Odisha,East,Priya,Credit Card
ORD1636,2026-08-03,C0676,Ravi Agarwal,Smartphone,Electronics,6.0,28000.0,22000,0,Kolkata,West Bengal,East,Neha,Net Banking
ORD5466,2026-03-17,C0455,Rahul Yadav,Laptop,Electronics,1.0,55000.0,45000,0,Kolkata,West Bengal,East,Ravi,Credit Card
ORD5365,2026-01-14,C0611,Neha Verma,Pen Set,Stationery,1.0,250.0,140,15,Bhubaneswar,Odisha,East,Priya,Debit Card
ORD5143,2026-02-04,C0314,Shreya Singh,Printer,Electronics,5.0,16000.0,12500,0,Lucknow,Uttar Pradesh,North,Priya,Debit Card
ORD1992,2026-03-13,C0842,Ravi Singh,Pen Set,Stationery,3.0,250.0,140,20,Hyderabad,Telangana,South,Neha,UPI
ORD1877,2026-04-22,C0977,Shreya Agarwal,Printer,Electronics,4.0,16000.0,12500,5,Jaipur,Rajasthan,North,Sneha,UPI
ORD1005,2026-04-07,C0231,Neha Kumar,Printer,Electronics,2.0,16000.0,12500,5,Pune,Maharashtra,West,Sneha,Cash
ORD4052,2026-04-25,C0785,Neha Verma,Headphones,Electronics,2.0,3500.0,2200,15,Pune,Maharashtra,West,Ravi,Net Banking
ORD4125,2026-05-11,C0631,Nisha Joshi,Notebook,Stationery,3.0,120.0,65,5,Bhubaneswar,Odisha,East,Neha,Debit Card
ORD3661,2026-01-29,C0784,Meera Gupta,Office Chair,Furniture,5.0,12000.0,8500,20,Pune,Maharashtra,West,Karan,UPI
ORD3492,2026-01-01,C0791,Amit Chauhan,Headphones,Electronics,5.0,3500.0,2200,20,Kolkata,West Bengal,East,Sneha,Net Banking
ORD4855,2026-06-09,C0896,Ravi Sharma,Notebook,Stationery,1.0,120.0,65,10,Kolkata,West Bengal,East,Ravi,Net Banking
ORD2716,2026-02-27,C0978,Meera Patel,Headphones,Electronics,7.0,3500.0,2200,5,Delhi,Delhi,North,Amit,Cash
ORD2149,2026-06-16,C0356,Shreya Yadav,Office Chair,Furniture,3.0,12000.0,8500,5,Pune,Maharashtra,West,Amit,Net Banking
ORD4262,2026-03-03,C0041,Shreya Mishra,Office Chair,Furniture,3.0,12000.0,8500,15,Jaipur,Rajasthan,North,Priya,UPI
ORD1575,2026-08-02,C0325,Rohan Mishra,Keyboard,Electronics,2.0,1800.0,1100,15,Pune,Maharashtra,West,Ravi,Net Banking
ORD4770,2026-02-19,C0541,Meera Tiwari,Printer,Electronics,4.0,16000.0,12500,0,Kolkata,West Bengal,East,Priya,Credit Card
ORD4737,2026-01-25,C0361,Rahul Verma,Printer,Electronics,3.0,16000.0,12500,10,Bhubaneswar,Odisha,East,Ravi,Net Banking
ORD5147,2026-05-13,C0139,Manish Yadav,Keyboard,Electronics,1.0,1800.0,1100,15,Delhi,Delhi,North,Priya,Credit Card
ORD1854,2026-06-07,C0220,Ravi Sharma,Keyboard,Electronics,4.0,1800.0,1100,5,Gorakhpur,Uttar Pradesh,North,Karan,Credit Card
ORD2983,2026-04-09,C0458,Pooja Joshi,Smartphone,Electronics,2.0,28000.0,22000,20,Ahmedabad,Gujarat,West,Sneha,Debit Card
ORD3775,2026-01-16,C0943,Neha Sharma,Laptop,Electronics,1.0,55000.0,45000,15,Chennai,Tamil Nadu,South,Karan,Credit Card
ORD2167,2026-02-04,C0591,Vikas Verma,Monitor,Electronics,6.0,18000.0,14000,5,Lucknow,Uttar Pradesh,North,Amit,UPI
ORD1972,2026-02-07,C0878,Nisha Kumar,Monitor,Electronics,6.0,18000.0,14000,15,Jaipur,Rajasthan,North,Karan,Debit Card
ORD3702,2026-04-09,C0556,Anjali Singh,Desk,Furniture,1.0,9000.0,6200,15,Jaipur,Rajasthan,North,Ravi,Cash
ORD5496,2026-07-05,C0982,Shreya Mishra,Notebook,Stationery,7.0,120.0,65,15,Mumbai,Maharashtra,West,Priya,Debit Card
ORD4848,2026-07-30,C0729,Varun Agarwal,Pen Set,Stationery,5.0,250.0,140,0,Hyderabad,Telangana,South,Amit,Cash
ORD3369,2026-06-14,C0391,Pooja Saxena,Laptop,Electronics,7.0,55000.0,45000,0,Chennai,Tamil Nadu,South,Sneha,Net Banking
ORD5116,2026-08-22,C0726,Meera Kumar,Headphones,Electronics,2.0,3500.0,2200,15,Gorakhpur,Uttar Pradesh,North,Sneha,Cash
ORD5132,2026-05-03,C0076,Nisha Yadav,Keyboard,Electronics,2.0,1800.0,1100,5,Delhi,Delhi,North,Sneha,Net Banking
ORD3951,2026-05-19,C0265,Aditya Yadav,Smartphone,Electronics,3.0,28000.0,22000,10,Lucknow,Uttar Pradesh,North,Ravi,Net Banking
ORD1525,2026-04-26,C0835,Aditya Gupta,Desk,Furniture,7.0,9000.0,6200,5,Jaipur,Rajasthan,North,Amit,Credit Card
ORD3456,2026-08-04,C0440,Amit Yadav,Office Chair,Furniture,6.0,12000.0,8500,20,Chennai,Tamil Nadu,South,Ravi,UPI
ORD2842,2026-04-01,C0387,Manish Joshi,Office Chair,Furniture,7.0,12000.0,8500,15,Mumbai,Maharashtra,West,Sneha,Debit Card
ORD1538,2026-02-16,C0744,Varun Mishra,Office Chair,Furniture,5.0,12000.0,8500,10,Mumbai,Maharashtra,West,Neha,Net Banking
ORD3807,2026-05-11,C0894,Shreya Tiwari,Notebook,Stationery,1.0,120.0,65,5,Ahmedabad,Gujarat,West,Amit,Net Banking
ORD5342,2026-06-24,C0494,Karan Sharma,Notebook,Stationery,1.0,120.0,65,20,Pune,Maharashtra,West,Neha,Cash
ORD4176,2026-01-23,C0043,Manish Mishra,Office Chair,Furniture,7.0,12000.0,8500,0,Gorakhpur,Uttar Pradesh,North,Neha,Net Banking
ORD1785,2026-05-02,C0064,Nisha Sharma,Keyboard,Electronics,2.0,1800.0,1100,10,Bhubaneswar,Odisha,East,Sneha,Net Banking
ORD5058,2026-03-02,C0126,Varun Tiwari,Laptop,Electronics,6.0,55000.0,45000,10,Bengaluru,Karnataka,South,Karan,Cash
ORD2410,2026-03-31,C0913,Anjali Patel,Notebook,Stationery,1.0,120.0,65,5,Bengaluru,Karnataka,South,Priya,Cash
ORD3538,2026-07-23,C0576,Varun Chauhan,Laptop,Electronics,7.0,55000.0,45000,0,Delhi,Delhi,North,Priya,Net Banking
ORD1155,2026-06-29,C0509,Manish Patel,Monitor,Electronics,7.0,18000.0,14000,10,Gorakhpur,Uttar Pradesh,North,Karan,Debit Card
ORD4010,2026-02-15,C0947,Karan Joshi,Headphones,Electronics,7.0,3500.0,2200,0,Lucknow,Uttar Pradesh,North,Neha,Cash
ORD2687,2026-03-03,C0993,Ravi Chauhan,Laptop,Electronics,2.0,55000.0,45000,5,Chennai,Tamil Nadu,South,Sneha,Debit Card
ORD3902,2026-01-06,C0756,Priya Mishra,Laptop,Electronics,3.0,55000.0,45000,0,Ahmedabad,Gujarat,West,Ravi,Cash
ORD5980,2026-02-04,C0736,Priya Tiwari,Pen Set,Stationery,1.0,250.0,140,20,Kolkata,West Bengal,East,Amit,Debit Card
ORD5722,2026-05-25,C0830,Manish Yadav,Monitor,Electronics,7.0,18000.0,14000,0,Ahmedabad,Gujarat,West,Priya,Debit Card
ORD4864,2026-01-05,C0099,Nisha Saxena,Smartphone,Electronics,2.0,28000.0,22000,20,Ahmedabad,Gujarat,West,Sneha,Debit Card
ORD3734,2026-03-10,C0132,Meera Mehta,Office Chair,Furniture,4.0,12000.0,8500,5,Bhubaneswar,Odisha,East,Amit,UPI
ORD2896,2026-04-09,C0906,Arjun Joshi,Headphones,Electronics,7.0,3500.0,2200,5,Jaipur,Rajasthan,North,Priya,Net Banking
ORD1570,2026-01-14,C0186,Priya Gupta,Pen Set,Stationery,7.0,250.0,140,15,Kolkata,West Bengal,East,Neha,UPI
ORD2817,2026-07-03,C0392,Manish Yadav,Office Chair,Furniture,1.0,12000.0,8500,15,Lucknow,Uttar Pradesh,North,Sneha,Debit Card
ORD3066,2026-01-12,C0190,Kavita Tiwari,Headphones,Electronics,5.0,3500.0,2200,10,Delhi,Delhi,North,Neha,Net Banking
ORD1128,2026-08-15,C0761,Sneha Verma,Office Chair,Furniture,6.0,12000.0,8500,0,Delhi,Delhi,North,Sneha,UPI
ORD4395,2026-03-13,C0984,Anjali Agarwal,Printer,Electronics,4.0,16000.0,12500,15,Ahmedabad,Gujarat,West,Sneha,UPI
ORD4328,2026-04-10,C0063,Vikas Mishra,Desk,Furniture,5.0,9000.0,6200,10,Kolkata,West Bengal,East,Sneha,Credit Card
ORD4530,2026-08-04,C0692,Simran Joshi,Notebook,Stationery,1.0,120.0,65,10,Delhi,Delhi,North,Amit,UPI
ORD3976,2026-03-28,C0182,Simran Mishra,Office Chair,Furniture,7.0,12000.0,8500,20,Bengaluru,Karnataka,South,Amit,Net Banking
ORD1981,2026-02-28,C0240,Neha Mehta,Monitor,Electronics,6.0,18000.0,14000,5,Mumbai,Maharashtra,West,Priya,Credit Card
ORD3301,2026-06-19,C0252,Arjun Joshi,Office Chair,Furniture,3.0,12000.0,8500,10,Chennai,Tamil Nadu,South,Ravi,UPI
ORD1191,2026-01-01,C0052,Priya Joshi,Keyboard,Electronics,7.0,1800.0,1100,0,Gorakhpur,Uttar Pradesh,north,Neha,Cash
ORD2140,2026-08-25,C0106,Simran Verma,Monitor,Electronics,1.0,18000.0,14000,20,Bengaluru,Karnataka,South,Sneha,Debit Card
ORD1700,2026-06-06,C0148,Pooja Singh,Printer,Electronics,5.0,16000.0,12500,0,Delhi,Delhi,North,Amit,Debit Card
ORD5810,2026-03-22,C0579,Sneha Patel,Laptop,Electronics,3.0,55000.0,45000,10,Bhubaneswar,Odisha,East,Ravi,Net Banking
ORD1607,2026-02-24,C0848,Neha Tiwari,Headphones,Electronics,4.0,3500.0,2200,15,Chennai,Tamil Nadu,South,Ravi,Net Banking
ORD5277,2026-01-04,C0549,Karan Mehta,Monitor,Electronics,4.0,18000.0,14000,5,Jaipur,Rajasthan,North,Neha,Cash
ORD1302,2026-07-31,C0607,Manish Tiwari,Keyboard,Electronics,3.0,1800.0,1100,0,Hyderabad,Telangana,South,Amit,UPI
ORD4421,2026-01-08,C0311,Vikas Agarwal,Headphones,Electronics,5.0,3500.0,2200,10,Gorakhpur,Uttar Pradesh,North,Karan,UPI
ORD5850,2026-05-22,C0267,Priya Sharma,Smartphone,Electronics,1.0,28000.0,22000,0,Jaipur,Rajasthan,North,Priya,Credit Card
ORD2061,2026-01-17,C0193,,Pen Set,Stationery,3.0,250.0,140,0,Ahmedabad,Gujarat,West,Ravi,Net Banking
ORD3566,2026-04-29,C0798,Shreya Mishra,Laptop,Electronics,7.0,55000.0,45000,5,Jaipur,Rajasthan,North,Karan,UPI
ORD3907,2026-07-20,C0394,Shreya Saxena,Laptop,Electronics,7.0,55000.0,45000,15,Bengaluru,Karnataka,South,Priya,Credit Card
ORD2070,2026-02-02,C0200,Manish Singh,Desk,Furniture,5.0,9000.0,6200,5,Lucknow,Uttar Pradesh,North,Karan,UPI
ORD3525,2026-07-18,C0540,Meera Verma,Laptop,Electronics,3.0,55000.0,45000,20,Kolkata,West Bengal,East,Priya,Credit Card
ORD3206,2026-01-07,C0295,Kavita Gupta,Printer,Electronics,6.0,16000.0,12500,10,Bhubaneswar,Odisha,East,Amit,Cash
ORD2244,2026-08-23,C0297,Anjali Mishra,Headphones,Electronics,6.0,3500.0,2200,15,Pune,Maharashtra,West,Karan,UPI
ORD1017,2026-06-18,C0162,Varun Gupta,Pen Set,Stationery,4.0,250.0,140,10,Lucknow,Uttar Pradesh,North,Neha,Debit Card
ORD4121,2026-02-10,C0609,Kavita Patel,Office Chair,Furniture,5.0,12000.0,8500,0,Gorakhpur,Uttar Pradesh,North,Neha,Net Banking
ORD5643,2026-01-24,C0001,Priya Gupta,Laptop,Electronics,2.0,55000.0,45000,15,Hyderabad,Telangana,South,Karan,Cash
ORD5755,2026-06-05,C0144,Ravi Gupta,Pen Set,Stationery,7.0,250.0,140,0,Gorakhpur,Uttar Pradesh,North,Priya,UPI
ORD1816,2026-08-03,C0264,Karan Joshi,Desk,Furniture,3.0,9000.0,6200,5,Delhi,Delhi,North,Ravi,UPI
ORD4068,2026-01-13,C0527,Ravi Verma,Pen Set,Stationery,7.0,250.0,140,20,Hyderabad,Telangana,South,Karan,Net Banking
ORD5814,2026-07-18,C0284,Pooja Singh,Desk,Furniture,3.0,9000.0,6200,15,Ahmedabad,Gujarat,West,Karan,UPI
ORD1960,2026-08-07,C0137,Nisha Yadav,Headphones,Electronics,1.0,3500.0,2200,15,Bengaluru,Karnataka,South,Priya,UPI
ORD1226,2026-03-11,C0350,Priya Agarwal,Desk,Furniture,4.0,9000.0,6200,0,Gorakhpur,Uttar Pradesh,North,Sneha,Credit Card
ORD4355,2026-01-25,C0916,Meera Patel,Monitor,Electronics,4.0,18000.0,14000,15,Kolkata,West Bengal,East,Neha,Credit Card
ORD3486,2026-07-26,C0790,Pooja Sharma,Office Chair,Furniture,5.0,12000.0,8500,0,Kolkata,West Bengal,East,Amit,UPI
ORD1563,2026-07-21,C0605,Vikas Yadav,Monitor,Electronics,3.0,18000.0,14000,5,Gorakhpur,Uttar Pradesh,North,Ravi,Credit Card
ORD4437,2026-01-27,C0900,Ravi Agarwal,Office Chair,Furniture,4.0,12000.0,8500,10,Bengaluru,Karnataka,South,Karan,Debit Card
ORD2694,2026-04-27,C0109,Ravi Verma,Desk,Furniture,2.0,9000.0,6200,10,Bhubaneswar,Odisha,East,Ravi,Net Banking
ORD2046,2026-07-02,C0216,,Laptop,Electronics,4.0,55000.0,45000,20,Bengaluru,Karnataka,South,Sneha,UPI
ORD4447,2026-01-12,C0395,Varun Mehta,Keyboard,Electronics,6.0,1800.0,1100,10,Bhubaneswar,Odisha,East,Ravi,UPI
ORD5566,2026-05-12,C0539,Manish Gupta,Smartphone,Electronics,3.0,28000.0,22000,15,Chennai,Tamil Nadu,South,Sneha,Cash
ORD1955,2026-02-08,C0139,Manish Yadav,Office Chair,Furniture,3.0,12000.0,8500,10,Pune,Maharashtra,West,Neha,Net Banking
ORD5280,2026-01-14,C0863,Manish Joshi,Notebook,Stationery,7.0,120.0,65,15,Chennai,Tamil Nadu,South,Neha,Cash
ORD3736,2026-05-19,C0818,Manish Yadav,Desk,Furniture,1.0,9000.0,6200,10,Bengaluru,Karnataka,South,Ravi,Credit Card
ORD5934,2026-07-10,C0900,Ravi Agarwal,Keyboard,Electronics,6.0,1800.0,1100,5,Bengaluru,Karnataka,South,Amit,Debit Card
ORD5736,2026-08-20,C0597,Kavita Singh,Laptop,Electronics,3.0,55000.0,45000,10,Hyderabad,Telangana,South,Ravi,Net Banking
ORD5853,2026-02-11,C0315,Karan Gupta,Pen Set,Stationery,6.0,250.0,140,15,Pune,Maharashtra,West,Karan,Debit Card
ORD2219,2026-05-21,C0098,Manish Gupta,Laptop,Electronics,3.0,55000.0,45000,10,Kolkata,West Bengal,East,Sneha,Net Banking
ORD2528,2026-08-04,C0755,Meera Chauhan,Printer,Electronics,6.0,16000.0,12500,15,Bengaluru,Karnataka,South,Sneha,Net Banking
ORD4988,2026-07-07,C0664,Priya Sharma,Notebook,Stationery,3.0,120.0,65,0,Jaipur,Rajasthan,North,Ravi,Credit Card
ORD2301,2026-05-07,C0714,Simran Kumar,Office Chair,Furniture,2.0,12000.0,8500,15,Jaipur,Rajasthan,North,Karan,Debit Card
ORD5922,2026-01-01,C0834,Aditya Verma,Pen Set,Stationery,6.0,250.0,140,10,Lucknow,Uttar Pradesh,North,Amit,Debit Card
ORD1161,2026-01-27,C0976,Arjun Sharma,Laptop,Electronics,7.0,55000.0,45000,15,Kolkata,West Bengal,East,Sneha,Credit Card
ORD5068,2026-05-22,C0328,Rahul Saxena,Monitor,Electronics,5.0,18000.0,14000,15,Lucknow,Uttar Pradesh,North,Karan,Net Banking
ORD1957,2026-01-07,C0068,Amit Singh,Monitor,Electronics,6.0,18000.0,14000,20,Gorakhpur,Uttar Pradesh,North,Sneha,UPI
ORD4792,2026-05-08,C0687,Kavita Gupta,Laptop,Electronics,5.0,55000.0,45000,15,Bhubaneswar,Odisha,East,Priya,UPI
ORD4235,2026-03-25,C0131,Rahul Saxena,Keyboard,Electronics,4.0,1800.0,1100,15,Mumbai,Maharashtra,West,Karan,Debit Card
ORD3870,2026-08-25,C0458,Pooja Joshi,Printer,Electronics,3.0,16000.0,12500,15,Gorakhpur,Uttar Pradesh,North,Neha,Debit Card
ORD4778,2026-02-11,C0638,Meera Yadav,Headphones,Electronics,1.0,3500.0,2200,15,Gorakhpur,Uttar Pradesh,North,Ravi,Debit Card
ORD5434,2026-06-08,C0236,Simran Gupta,Office Chair,Furniture,3.0,12000.0,8500,20,,Odisha,East,Neha,UPI
ORD3962,2026-08-11,C0506,Sneha Tiwari,Laptop,Electronics,5.0,55000.0,45000,15,Delhi,Delhi,North,Amit,Debit Card
ORD3201,2026-04-18,C0464,Meera Patel,Headphones,Electronics,6.0,3500.0,2200,0,Bengaluru,Karnataka,South,Ravi,Cash
ORD1099,2026-08-27,C0260,Sneha Verma,Monitor,Electronics,1.0,18000.0,14000,5,Bengaluru,Karnataka,South,Amit,Debit Card
ORD3558,2026-04-28,C0479,Anjali Verma,Pen Set,Stationery,6.0,250.0,140,5,Jaipur,Rajasthan,North,Neha,Debit Card
ORD4184,2026-04-10,C0029,Karan Sharma,Notebook,Stationery,4.0,120.0,65,5,Chennai,Tamil Nadu,South,Amit,Net Banking
ORD1254,2026-08-26,C0610,Simran Yadav,Pen Set,Stationery,7.0,250.0,140,5,Bhubaneswar,Odisha,East,Ravi,Cash
ORD4924,2026-03-03,C0827,Varun Gupta,Desk,Furniture,7.0,9000.0,6200,0,Ahmedabad,Gujarat,West,Karan,Credit Card
ORD5200,2026-04-12,C0907,Aditya Mehta,Laptop,Electronics,5.0,55000.0,45000,5,Bengaluru,Karnataka,South,Ravi,UPI
ORD2446,2026-06-10,C0767,Rohan Chauhan,Pen Set,Stationery,5.0,250.0,140,10,Jaipur,Rajasthan,North,Ravi,Credit Card
ORD2649,2026-06-18,C0946,Amit Sharma, LAPTOP ,Electronics,6.0,1800.0,1100,0,Ahmedabad,Gujarat,West,Amit,Cash
ORD5683,2026-05-28,C0506,Sneha Tiwari,Headphones,Electronics,2.0,3500.0,2200,0,Gorakhpur,Uttar Pradesh,North,Ravi,Credit Card
ORD5724,2026-08-13,C0253,Aditya Sharma,Headphones,Electronics,4.0,3500.0,2200,0,Bengaluru,Karnataka,South,Sneha,UPI
ORD4992,2026-07-05,C0676,Ravi Agarwal,Desk,Furniture,3.0,9000.0,6200,15,Kolkata,West Bengal,East,Amit,Debit Card
ORD2697,2026-06-28,C0932,Varun Agarwal,Laptop,Electronics,1.0,55000.0,45000,20,Pune,Maharashtra,West,Priya,Credit Card
ORD4192,2026-05-08,C0100,Rahul Kumar,Office Chair,Furniture,4.0,12000.0,8500,10,Jaipur,Rajasthan,North,Amit,Credit Card
ORD5500,2026-06-28,C0601,Shreya Gupta,Printer,Electronics,6.0,16000.0,12500,20,Kolkata,West Bengal,East,Ravi,Credit Card
ORD2155,2026-01-30,C0817,Vikas Mishra,Notebook,Stationery,3.0,120.0,65,20,Bhubaneswar,Odisha,East,Amit,Debit Card
ORD3256,2026-03-11,C0994,Priya Verma,Desk,Furniture,6.0,9000.0,6200,20,Mumbai,Maharashtra,West,Ravi,Cash
ORD2683,2026-01-13,C0779,Shreya Kumar,Laptop,Electronics,5.0,55000.0,45000,5,Jaipur,Rajasthan,North,Priya,UPI
ORD4171,2026-04-20,C0643,Rahul Gupta,Desk,Furniture,5.0,9000.0,6200,20,Jaipur,Rajasthan,North,Amit,Net Banking
ORD3057,2026-07-02,C0769,Kavita Chauhan,Notebook,Stationery,3.0,120.0,65,10,Lucknow,Uttar Pradesh,North,Amit,UPI
ORD5091,2026-05-23,C0064,Nisha Sharma,Laptop,Electronics,4.0,55000.0,45000,20,Jaipur,Rajasthan,North,Neha,Net Banking
ORD4109,2026-08-03,C0550,Anjali Yadav,Headphones,Electronics,7.0,3500.0,2200,5,Kolkata,West Bengal,East,Neha,Credit Card
ORD5549,2026-05-31,C0163,Karan Sharma,Pen Set,Stationery,2.0,250.0,140,10,Gorakhpur,Uttar Pradesh,North,Sneha,Net Banking
ORD4724,2026-05-24,C0611,Neha Verma,Keyboard,Electronics,6.0,1800.0,1100,10,Delhi,Delhi,North,Neha,Debit Card
ORD3050,2026-01-29,C0620,Anjali Verma,Office Chair,Furniture,6.0,12000.0,8500,20,Bengaluru,Karnataka,South,Ravi,UPI
ORD4644,2026-04-18,C0373,Rohan Saxena,Headphones,Electronics,5.0,3500.0,2200,15,Bhubaneswar,Odisha,East,Ravi,Credit Card
ORD5958,2026-04-04,C0175,Pooja Chauhan,Headphones,Electronics,5.0,3500.0,2200,20,Gorakhpur,Uttar Pradesh,North,Sneha,Net Banking
ORD1624,2026-04-12,C0811,Varun Joshi,Notebook,Stationery,4.0,120.0,65,15,Mumbai,Maharashtra,West,Neha,Cash
ORD1263,2026-03-01,C0693,,laptop,Electronics,5.0,16000.0,12500,20,Lucknow,Uttar Pradesh,North,Amit,Net Banking
ORD4370,2026-03-18,C0962,Pooja Joshi,Keyboard,Electronics,7.0,1800.0,1100,0,Lucknow,Uttar Pradesh,North,Priya,UPI
ORD5062,2026-05-17,C0833,Sneha Patel,Monitor,Electronics,5.0,18000.0,14000,15,Lucknow,Uttar Pradesh,North,Priya,UPI
ORD2803,2026-03-20,C0605,Vikas Yadav,Printer,Electronics,1.0,16000.0,12500,0,Gorakhpur,Uttar Pradesh,North,Sneha,Cash
ORD5737,2026-03-13,C0799,Kavita Sharma,Desk,Furniture,2.0,9000.0,6200,10,Jaipur,Rajasthan,North,Ravi,Debit Card
ORD1130,2026-08-07,C0301,Arjun Yadav,Smartphone,Electronics,7.0,28000.0,22000,0,Bengaluru,Karnataka,South,Amit,UPI
ORD3386,2026-01-09,C0398,Simran Sharma,Notebook,Stationery,2.0,120.0,65,15,Ahmedabad,Gujarat,West,Neha,Net Banking
ORD2960,2026-05-13,C0243,Arjun Mishra,Keyboard,Electronics,7.0,1800.0,1100,20,Delhi,Delhi,North,Priya,Cash
ORD3977,2026-08-24,C0407,Ravi Joshi,Headphones,Electronics,4.0,3500.0,2200,20,Ahmedabad,Gujarat,West,Karan,Cash
ORD1489,2026-03-11,C0446,Sneha Chauhan,Office Chair,Furniture,3.0,12000.0,8500,20,Chennai,Tamil Nadu,South,Priya,Cash
ORD2844,2026-04-22,C0948,Aditya Mishra,Laptop,Electronics,5.0,55000.0,45000,5,Hyderabad,Telangana,South,Ravi,UPI
ORD2735,2026-08-12,C0485,Priya Singh,Pen Set,Stationery,4.0,250.0,140,15,Bhubaneswar,Odisha,East,Sneha,Cash
ORD3912,2026-08-05,C0604,Rahul Kumar,Printer,Electronics,5.0,16000.0,12500,20,Delhi,Delhi,North,Sneha,UPI
ORD4220,2026-05-13,C0472,Kavita Singh,Monitor,Electronics,6.0,18000.0,14000,15,Mumbai,Maharashtra,West,Priya,UPI
ORD1147,2026-04-06,C0539,Manish Gupta,Monitor,Electronics,7.0,18000.0,14000,15,Hyderabad,Telangana,South,Neha,UPI
ORD2987,2026-07-21,C0817,Vikas Mishra,Laptop,Electronics,1.0,55000.0,45000,15,Delhi,Delhi,North,Neha,Cash
ORD2370,2026-08-18,C0550,Anjali Yadav,Office Chair,Furniture,2.0,12000.0,8500,20,Kolkata,West Bengal,East,Karan,Credit Card
ORD3812,2026-08-18,C0709,Pooja Patel,Notebook,Stationery,2.0,120.0,65,10,Pune,Maharashtra,West,Ravi,UPI
ORD1660,2026-01-09,C0529,Amit Mehta,Pen Set,Stationery,7.0,250.0,140,15,Jaipur,Rajasthan,North,Neha,Credit Card
ORD2795,2026-03-07,C0240,Neha Mehta,Desk,Furniture,1.0,9000.0,6200,10,Bhubaneswar,Odisha,East,Priya,Debit Card
ORD3512,2026-06-19,C0169,Kavita Agarwal,Smartphone,Electronics,6.0,28000.0,22000,20,Jaipur,Rajasthan,North,Sneha,UPI
ORD4398,2026-07-12,C0553,Simran Verma,Headphones,Electronics,2.0,3500.0,2200,0,Kolkata,West Bengal,East,Karan,Cash
ORD5283,2026-06-18,C0198,Amit Joshi,Monitor,Electronics,7.0,18000.0,14000,15,Gorakhpur,Uttar Pradesh,North,Amit,Cash
ORD2148,2026-07-10,C0554,Amit Kumar,Pen Set,Stationery,7.0,250.0,140,5,Delhi,Delhi,North,Neha,Credit Card
ORD4273,2026-04-12,C0748,Varun Mehta,Keyboard,Electronics,3.0,1800.0,1100,15,Pune,Maharashtra,West,Priya,Cash
ORD1609,2026-06-17,C0144,Ravi Gupta,Notebook,Stationery,7.0,120.0,65,0,Gorakhpur,Uttar Pradesh,North,Priya,Debit Card
ORD4583,2026-01-06,C0791,Amit Chauhan,Printer,Electronics,3.0,16000.0,12500,20,Gorakhpur,Uttar Pradesh,North,Karan,Debit Card
ORD2931,2026-04-22,C0007,Karan Yadav,Desk,Furniture,7.0,9000.0,6200,0,Pune,Maharashtra,West,Ravi,Cash
ORD1198,2026-03-26,C0251,Manish Mishra,Monitor,Electronics,7.0,18000.0,14000,20,Hyderabad,Telangana,NORTH,Neha,UPI
ORD3932,2026-03-28,C0319,Neha Mehta,Printer,Electronics,3.0,16000.0,12500,15,Gorakhpur,Uttar Pradesh,North,Ravi,Cash
ORD3328,2026-02-22,C0819,Neha Kumar,Keyboard,Electronics,5.0,1800.0,1100,15,Kolkata,West Bengal,East,Karan,Cash
ORD5390,2026-01-29,C0964,Vikas Mehta,Laptop,Electronics,1.0,55000.0,45000,20,Gorakhpur,Uttar Pradesh,North,Ravi,Debit Card
ORD1767,2026-06-24,C0224,Sneha Agarwal,Printer,Electronics,2.0,16000.0,12500,20,Jaipur,Rajasthan,North,Neha,Debit Card
ORD5497,2026-08-13,C0575,Rohan Joshi,Pen Set,Stationery,7.0,250.0,140,10,Bhubaneswar,Odisha,East,Amit,Net Banking
ORD5219,2026-03-01,C0099,Nisha Saxena,Monitor,Electronics,4.0,18000.0,14000,5,Mumbai,Maharashtra,West,Amit,Debit Card
ORD4256,2026-06-17,C0888,Arjun Saxena,Keyboard,Electronics,2.0,1800.0,1100,15,Delhi,Delhi,North,Priya,Cash
ORD1203,2026-05-29,C0954,Anjali Singh,Keyboard,Electronics,5.0,1800.0,1100,5,Bengaluru,Karnataka,South,Sneha,Credit Card
ORD4511,2026-04-22,C0994,Priya Verma,Headphones,Electronics,4.0,3500.0,2200,15,Mumbai,Maharashtra,West,Ravi,Net Banking
ORD2734,2026-06-14,C0515,Manish Singh,Monitor,Electronics,3.0,18000.0,14000,20,Lucknow,Uttar Pradesh,North,Priya,Credit Card
ORD3778,2026-03-20,C0622,Karan Verma,Keyboard,Electronics,4.0,1800.0,1100,5,Kolkata,West Bengal,East,Karan,Net Banking
ORD2708,2026-03-13,C0647,Anjali Verma,Monitor,Electronics,7.0,18000.0,14000,150,Bengaluru,Karnataka,South,Neha,Net Banking
ORD4475,2026-03-15,C0144,Ravi Gupta,Headphones,Electronics,1.0,3500.0,2200,0,Mumbai,Maharashtra,West,Ravi,Net Banking
ORD1855,2026-03-12,C0926,Pooja Patel,Laptop,Electronics,2.0,55000.0,45000,0,Delhi,Delhi,North,Neha,Credit Card
ORD5738,2026-02-12,C0101,Ravi Yadav,Pen Set,Stationery,5.0,250.0,140,20,Gorakhpur,Uttar Pradesh,NORTH,Sneha,Credit Card
ORD5098,2026-06-12,C0595,Amit Mishra,Monitor,Electronics,1.0,18000.0,14000,5,Pune,Maharashtra,West,Amit,Debit Card
ORD3161,2026-03-10,C0518,Varun Mehta,Desk,Furniture,2.0,9000.0,6200,10,Kolkata,West Bengal,East,Neha,Net Banking
ORD1699,2026-07-01,C0811,Varun Joshi,Printer,Electronics,5.0,16000.0,12500,5,Bengaluru,Karnataka,South,Priya,UPI
ORD5978,2026-03-06,C0863,Manish Joshi,Laptop,Electronics,4.0,55000.0,45000,15,Pune,Maharashtra,West,Ravi,Cash
ORD4000,2026-06-22,C0927,Nisha Sharma,Printer,Electronics,4.0,16000.0,12500,15,Hyderabad,Telangana,South,Priya,Cash
ORD4697,2026-06-17,C0652,Kavita Sharma,Monitor,Electronics,4.0,18000.0,14000,20,Delhi,Delhi,North,Sneha,Net Banking
ORD2637,2026-06-22,C0592,Rohan Mehta,Keyboard,Electronics,5.0,1800.0,1100,20,Jaipur,Rajasthan,North,Karan,UPI
ORD4458,2026-06-18,C0872,Sneha Mishra,Notebook,Stationery,5.0,120.0,65,5,Lucknow,Uttar Pradesh,North,Priya,UPI
ORD4582,2026-01-07,C0367,Aditya Yadav,Pen Set,Stationery,7.0,250.0,140,10,Delhi,Delhi,North,Neha,Net Banking
ORD2292,2026-07-24,C0933,Meera Mishra,Desk,Furniture,2.0,9000.0,6200,10,Hyderabad,Telangana,South,Sneha,UPI
ORD5660,2026-07-23,C0059,Rahul Kumar,Monitor,Electronics,1.0,18000.0,14000,0,Kolkata,West Bengal,East,Priya,UPI
ORD2854,2026-07-07,C0077,Rahul Joshi,Desk,Furniture,6.0,9000.0,6200,15,Delhi,Delhi,North,Priya,Credit Card
ORD4764,2026-03-21,C0715,Manish Patel,Laptop,Electronics,4.0,55000.0,45000,0,Jaipur,Rajasthan, North ,Amit,Net Banking
ORD4305,2026-03-19,C0816,Ravi Singh,Notebook,Stationery,6.0,120.0,65,0,Jaipur,Rajasthan,North,Neha,Debit Card
ORD5943,2026-03-31,C0501,Priya Mehta,Printer,Electronics,6.0,16000.0,12500,20,Delhi,Delhi,North,Sneha,Credit Card
ORD4744,2026-06-02,C0234,Meera Sharma,Office Chair,Furniture,1.0,12000.0,8500,20,Bengaluru,Karnataka,South,Ravi,Net Banking
ORD4446,2026-08-24,C0974,Amit Gupta,Headphones,Electronics,4.0,3500.0,2200,15,Bhubaneswar,Odisha,East,Priya,Credit Card
ORD2999,2026-02-27,C0071,Amit Agarwal,Printer,Electronics,1.0,16000.0,12500,10,Kolkata,West Bengal,East,Neha,Credit Card
ORD1664,2026-05-03,C0684,Arjun Sharma,Keyboard,Electronics,,1800.0,1100,0,Hyderabad,Telangana,South,Neha,Net Banking
ORD5780,2026-01-04,C0659,Pooja Singh,Notebook,Stationery,4.0,120.0,65,15,Delhi,Delhi,North,Karan,UPI
ORD4749,2026-01-10,C0884,Priya Yadav,Printer,Electronics,2.0,16000.0,12500,20,Chennai,Tamil Nadu,South,Sneha,Cash
ORD5414,2026-07-03,C0143,Nisha Mishra,Printer,Electronics,6.0,16000.0,12500,0,Jaipur,Rajasthan,North,Priya,Credit Card
ORD5745,2026-04-09,C0249,Priya Singh,Desk,Furniture,5.0,9000.0,6200,15,Mumbai,Maharashtra,West,Amit,Credit Card
ORD1710,2026-02-28,C0129,Ravi Kumar,Printer,Electronics,5.0,16000.0,12500,5,Gorakhpur,Uttar Pradesh,North,Amit,Debit Card
ORD2283,2026-02-15,C0055,Kavita Kumar,Notebook,Stationery,7.0,120.0,65,20,Bhubaneswar,Odisha,East,Priya,Debit Card
ORD3676,2026-07-30,C0946,,Monitor,Electronics,5.0,18000.0,14000,0,Bengaluru,Karnataka,South,Priya,Debit Card
ORD5030,2026-03-25,C0167,Rohan Patel,Headphones,Electronics,4.0,3500.0,2200,5,Hyderabad,Telangana,South,Neha,Net Banking
ORD2307,2026-02-04,C0920,Neha Saxena,Monitor,Electronics,7.0,18000.0,14000,15,Ahmedabad,Gujarat,West,Priya,Credit Card
ORD3238,2026-07-25,C0037,Anjali Chauhan,Desk,Furniture,1.0,9000.0,6200,10,Jaipur,Rajasthan,North,Amit,Debit Card
ORD4303,2026-06-08,C0221,Simran Saxena,Headphones,Electronics,4.0,3500.0,2200,20,Bhubaneswar,Odisha,East,Sneha,Credit Card
ORD3039,2026-05-05,C0723,Karan Sharma,Headphones,Electronics,2.0,3500.0,2200,20,Jaipur,Rajasthan,North,Priya,Debit Card
ORD2530,2026-04-22,C0340,Arjun Gupta,Monitor,Electronics,2.0,18000.0,14000,10,Ahmedabad,Gujarat,West,Priya,Cash
ORD2664,2026-03-15,C0440,Amit Yadav,Pen Set,Stationery,4.0,250.0,140,20,Bengaluru,Karnataka,South,Ravi,Cash
ORD5965,2026-08-05,C0820,Manish Joshi,Printer,Electronics,5.0,16000.0,12500,10,Kolkata,West Bengal,East,Karan,Credit Card
ORD5984,2026-02-22,C0089,Rohan Agarwal,Laptop,Electronics,7.0,55000.0,45000,5,Pune,Maharashtra,West,Amit,Net Banking
ORD4628,2026-01-28,C0742,Aditya Chauhan,Office Chair,Furniture,6.0,12000.0,8500,0,Chennai,Tamil Nadu,South,Ravi,Net Banking
ORD5892,2026-01-18,C0634,Sneha Joshi,Pen Set,Stationery,6.0,250.0,140,5,Mumbai,Maharashtra,West,Karan,UPI
ORD3694,2026-06-11,C0010,Shreya Yadav,Office Chair,Furniture,7.0,12000.0,8500,5,Bengaluru,Karnataka,South,Karan,Credit Card
ORD4061,2026-01-08,C0700,Meera Mishra,Smartphone,Electronics,1.0,28000.0,22000,5,Mumbai,Maharashtra,West,Priya,Net Banking
ORD2598,2026-03-10,C0426,Shreya Verma,Smartphone,Electronics,5.0,28000.0,22000,0,Mumbai,Maharashtra,West,Karan,Debit Card
ORD3730,2026-08-04,C0786,Sneha Sharma, LAPTOP ,Stationery,6.0,250.0,140,20,Hyderabad,Telangana,South,Sneha,Net Banking
ORD3626,2026-06-08,C0251,Manish Mishra,Printer,Electronics,2.0,16000.0,12500,5,Bengaluru,Karnataka,South,Karan,Credit Card
ORD4158,2026-06-25,C0149,Vikas Agarwal,Office Chair,Furniture,3.0,12000.0,8500,10,Bengaluru,Karnataka,South,Karan,Credit Card
ORD4315,2026-03-14,C0917,Shreya Patel,Printer,Electronics,6.0,16000.0,12500,10,Bhubaneswar,Odisha,East,Amit,Cash
ORD2723,2026-08-13,C0312,Shreya Tiwari,Office Chair,Furniture,7.0,12000.0,8500,10,Lucknow,Uttar Pradesh,North,Sneha,Cash
ORD2060,2026-08-28,C0192,Pooja Agarwal,Laptop,Electronics,3.0,55000.0,45000,15,Gorakhpur,Uttar Pradesh,North,Ravi,Cash
ORD5637,2026-06-20,C0790,Pooja Sharma,Smartphone,Electronics,4.0,28000.0,22000,15,,Telangana,South,Karan,Credit Card
ORD4243,2026-04-02,C0389,Shreya Patel,Notebook,Stationery,2.0,120.0,65,15,Ahmedabad,Gujarat,West,Amit,Net Banking
ORD2679,2026-06-08,C0462,Shreya Kumar,Laptop,Electronics,2.0,55000.0,45000,0,Hyderabad,Telangana,South,Priya,Debit Card
ORD2758,2026-01-24,C0039,Vikas Kumar,Keyboard,Electronics,1.0,1800.0,1100,15,Delhi,Delhi,North,Karan,Debit Card
ORD5192,2026-02-19,C0554,Amit Kumar,Keyboard,Electronics,1.0,1800.0,1100,0,Bengaluru,Karnataka,South,Karan,Debit Card
ORD1564,2026-02-16,C0692,Simran Joshi,Headphones,Electronics,1.0,3500.0,2200,20,Lucknow,Uttar Pradesh,North,Neha,UPI
ORD3791,2026-04-15,C0243,Arjun Mishra,Office Chair,Furniture,5.0,12000.0,8500,0,Gorakhpur,Uttar Pradesh,North,Sneha,UPI
ORD1864,2026-06-20,C0501,Priya Mehta,Headphones,Electronics,2.0,3500.0,2200,10,Gorakhpur,Uttar Pradesh,North,Amit,UPI
ORD2485,2026-02-10,C0765,Arjun Patel,Keyboard,Electronics,1.0,1800.0,1100,5,Bhubaneswar,Odisha,East,Neha,Net Banking
ORD1207,2026-04-24,C0061,Rahul Gupta,Notebook,Stationery,2.0,120.0,65,0,Jaipur,Rajasthan,North,Amit,Cash
ORD5489,2026-02-16,C0241,Karan Chauhan,Laptop,Electronics,2.0,55000.0,45000,5,Jaipur,Rajasthan,North,Amit,Debit Card
ORD1871,2026-05-26,C0270,Pooja Verma,Keyboard,Electronics,1.0,1800.0,1100,10,Lucknow,Uttar Pradesh,North,Ravi,UPI
ORD5494,2026-04-29,C0912,Arjun Gupta,Keyboard,Electronics,1.0,1800.0,1100,15,Bengaluru,Karnataka,South,Neha,Debit Card
ORD1503,2026-05-19,C0745,Anjali Yadav,Smartphone,Electronics,4.0,28000.0,22000,20,Jaipur,Rajasthan,North,Amit,Net Banking
ORD2029,2026-04-30,C0476,Arjun Gupta,Notebook,Stationery,6.0,120.0,65,0,Bengaluru,Karnataka,South,Amit,Net Banking
ORD4841,2026-06-05,C0137,Nisha Yadav,Laptop,Electronics,2.0,55000.0,45000,10,Pune,Maharashtra,West,Karan,Cash
ORD3691,2026-08-09,C0790,Pooja Sharma,Office Chair,Furniture,2.0,12000.0,8500,0,Ahmedabad,Gujarat,West,Ravi,Credit Card
ORD2571,2026-01-28,C0298,Rahul Gupta,Laptop,Electronics,1.0,55000.0,45000,5,Bengaluru,Karnataka,South,Ravi,UPI
ORD3774,2026-06-26,C0089,Rohan Agarwal,Smartphone,Electronics,6.0,28000.0,22000,10,Hyderabad,Telangana,South,Amit,Debit Card
ORD3732,2026-01-28,C0324,Anjali Tiwari,Printer,Electronics,6.0,16000.0,12500,10,Jaipur,Rajasthan,North,Amit,Debit Card
ORD1805,2026-01-05,C0519,Meera Agarwal,Pen Set,Stationery,1.0,250.0,140,10,Chennai,Tamil Nadu,South,Karan,Credit Card
ORD4646,2026-08-09,C0480,Amit Tiwari,Monitor,Electronics,4.0,18000.0,14000,10,Gorakhpur,Uttar Pradesh,North,Sneha,UPI
ORD3455,2026-08-19,C0776,Amit Kumar,Monitor,Electronics,2.0,18000.0,14000,20,Pune,Maharashtra,West,Ravi,UPI
ORD5599,2026-03-03,C0830,Manish Yadav,Desk,Furniture,7.0,9000.0,6200,0,Ahmedabad,Gujarat,West,Karan,Debit Card
ORD4105,2026-04-15,C0980,Rohan Gupta,Pen Set,Stationery,5.0,250.0,140,5,Delhi,Delhi,North,Sneha,Net Banking
ORD5876,2026-03-19,C0911,Anjali Kumar,Desk,Furniture,7.0,9000.0,6200,20,Ahmedabad,Gujarat,West,Neha,UPI
ORD1201,2026-04-04,C0101,Ravi Yadav,Notebook,Stationery,7.0,120.0,65,0,Jaipur,Rajasthan,North,Ravi,Debit Card
ORD4100,2026-07-07,C0087,Pooja Saxena,Printer,Electronics,3.0,16000.0,12500,20,Bhubaneswar,Odisha,East,Karan,Debit Card
ORD3279,2026-03-29,C0906,Arjun Joshi,Office Chair,Furniture,5.0,12000.0,8500,10,Jaipur,Rajasthan,North,Priya,Net Banking
ORD4562,2026-03-26,C0264,Karan Joshi,Office Chair,Furniture,2.0,12000.0,8500,20,Pune,Maharashtra,West,Sneha,Cash
ORD5475,2026-07-22,C0236,Simran Gupta,Desk,Furniture,5.0,9000.0,6200,20,Mumbai,Maharashtra,West,Neha,Net Banking
ORD5515,2026-05-25,C0618,Manish Patel,Keyboard,Electronics,3.0,1800.0,1100,20,Chennai,Tamil Nadu,South,Neha,Net Banking
ORD1392,2026-03-22,C0518,Varun Mehta,Printer,Electronics,2.0,16000.0,12500,15,Jaipur,Rajasthan,North,Karan,UPI
ORD2496,2026-04-05,C0668,Neha Agarwal,Pen Set,Stationery,6.0,250.0,140,20,Kolkata,West Bengal,East,Priya,Cash
ORD3696,2026-04-17,C0921,Sneha Saxena, Laptop,Stationery,5.0,250.0,140,0,Hyderabad,Telangana,South,Ravi,Credit Card
ORD3028,2026-05-04,C0649,Anjali Joshi,Smartphone,Electronics,2.0,28000.0,22000,5,Jaipur,Rajasthan,North,Priya,Cash
ORD3569,2026-02-04,C0868,Pooja Kumar,Desk,Furniture,4.0,9000.0,6200,0,Delhi,Delhi,North,Ravi,Credit Card
ORD1065,2026-05-27,C0885,Pooja Tiwari,Keyboard,Electronics,7.0,1800.0,1100,5,Pune,Maharashtra,West,Sneha,Net Banking
ORD4885,2026-05-23,C0711,Vikas Joshi,Office Chair,Furniture,7.0,12000.0,8500,15,Bengaluru,Karnataka,South,Amit,Net Banking
ORD3063,2026-02-03,C0787,Vikas Yadav,Office Chair,Furniture,6.0,12000.0,8500,5,Delhi,Delhi,North,Priya,Cash
ORD1493,2026-06-08,C0296,Shreya Agarwal,Office Chair,Furniture,1.0,12000.0,8500,0,Chennai,Tamil Nadu,South,Neha,Cash
ORD1380,2026-04-12,C0076,Nisha Yadav,Printer,Electronics,6.0,16000.0,12500,15,Pune,Maharashtra,West,Amit,Net Banking
ORD5860,2026-04-23,C0896,Ravi Sharma,Desk,Furniture,6.0,9000.0,6200,20,Hyderabad,Telangana,South,Priya,Net Banking
ORD4994,2026-04-16,C0759,Karan Joshi,Monitor,Electronics,5.0,18000.0,14000,5,Pune,Maharashtra,West,Ravi,
ORD5888,2026-06-17,C0251,Manish Mishra,Pen Set,Stationery,4.0,250.0,140,10,Hyderabad,Telangana,South,Amit,Cash
ORD2077,2026-06-02,C0087,Pooja Saxena,Desk,Furniture,2.0,9000.0,6200,5,Bengaluru,Karnataka,South,Sneha,Net Banking
ORD1879,2026-03-05,C0437,Karan Sharma,Desk,Furniture,5.0,9000.0,6200,10,Hyderabad,Telangana,South,Sneha,Cash
ORD1338,2026-05-14,C0300,Anjali Saxena,Notebook,Stationery,5.0,120.0,65,15,Lucknow,Uttar Pradesh,North,Sneha,Debit Card
ORD2017,2026-05-11,C0308,Simran Kumar,Pen Set,Stationery,2.0,250.0,140,5,Hyderabad,Telangana,South,Neha,Net Banking
ORD2276,2026-06-18,C0933,Meera Mishra,Pen Set,Stationery,5.0,250.0,140,15,Gorakhpur,Uttar Pradesh,North,Priya,Cash
ORD4799,2026-02-27,C0190,Kavita Tiwari,Printer,Electronics,3.0,16000.0,12500,15,Delhi,Delhi,North,Ravi,UPI
ORD5552,2026-05-29,C0119,Amit Yadav,Office Chair,Furniture,3.0,12000.0,8500,5,Jaipur,Rajasthan,North,Amit,Debit Card
ORD4343,2026-08-01,C0980,Rohan Gupta,Headphones,Electronics,4.0,3500.0,2200,10,Mumbai,Maharashtra,West,Ravi,Cash
ORD5912,2026-01-17,C0736,,Pen Set,Stationery,5.0,250.0,140,20,Lucknow,Uttar Pradesh,North,Neha,Credit Card
ORD1996,2026-08-27,C0801,Priya Tiwari,Smartphone,Electronics,6.0,28000.0,22000,5,Gorakhpur,Uttar Pradesh,North,Sneha,Cash
ORD2982,2026-08-24,C0310,Amit Mehta,Notebook,Stationery,1.0,120.0,65,20,Ahmedabad,Gujarat,West,Neha,Cash
ORD5298,2026-07-03,C0030,Aditya Saxena,Printer,Electronics,7.0,16000.0,12500,5,Jaipur,Rajasthan,North,Ravi,UPI
ORD1162,2026-03-03,C0437,Karan Sharma, Laptop,Electronics,5.0,16000.0,12500,0,Bengaluru,Karnataka,South,Ravi,UPI
ORD5799,2026-07-18,C0241,Karan Chauhan,Headphones,Electronics,2.0,3500.0,2200,10,Mumbai,Maharashtra,West,Amit,Net Banking
ORD2501,2026-04-12,C0758,Neha Kumar,Laptop,Electronics,7.0,55000.0,45000,10,Chennai,Tamil Nadu,South,Priya,Net Banking
ORD4844,2026-01-10,C0375,Simran Agarwal,Headphones,Electronics,1.0,3500.0,2200,20,Bengaluru,Karnataka,South,Karan,
ORD3614,2026-07-05,C0031,Ravi Mishra,Keyboard,Electronics,7.0,1800.0,1100,20,Bhubaneswar,Odisha,East,Amit,Cash
ORD4462,2026-05-09,C0040,Karan Yadav,Pen Set,Stationery,5.0,250.0,140,0,Hyderabad,Telangana,South,Sneha,UPI
ORD2022,2026-08-15,C0123,Kavita Patel,Printer,Electronics,5.0,16000.0,12500,5,Ahmedabad,Gujarat,West,Neha,Debit Card
ORD4074,2026-01-06,C0612,Simran Chauhan,Office Chair,Furniture,2.0,12000.0,8500,15,Jaipur,Rajasthan,North,Ravi,Cash
ORD4944,2026-01-01,C0319,Neha Mehta,Notebook,Stationery,5.0,120.0,65,15,Pune,Maharashtra,West,Ravi,UPI
ORD2586,2026-05-14,C0926,Pooja Patel,Smartphone,Electronics,5.0,28000.0,22000,10,Delhi,Delhi,North,Priya,Net Banking
ORD2956,2026-05-01,C0108,Amit Gupta,Desk,Furniture,7.0,9000.0,6200,10,Bengaluru,Karnataka,South,Priya,Credit Card
ORD4153,2026-05-24,C0166,Kavita Chauhan,Smartphone,Electronics,6.0,28000.0,22000,10,Lucknow,Uttar Pradesh,North,Amit,Net Banking
ORD1035,2026-01-04,C0953,Rohan Chauhan,Printer,Electronics,4.0,16000.0,12500,15,Lucknow,Uttar Pradesh,North,Karan,Debit Card
ORD5015,2026-01-31,C0487,Aditya Mishra,Smartphone,Electronics,6.0,28000.0,22000,15,Lucknow,Uttar Pradesh,North,Karan,Debit Card
ORD1776,2026-03-18,C0054,Sneha Agarwal,Smartphone,Electronics,4.0,28000.0,22000,15,Gorakhpur,Uttar Pradesh,North,Sneha,Net Banking
ORD3557,2026-08-16,C0151,Priya Mishra,Printer,Electronics,6.0,16000.0,12500,10,Lucknow,Uttar Pradesh,North,Ravi,Credit Card
ORD2479,2026-07-04,C0326,Rahul Mishra,Laptop,Electronics,3.0,55000.0,45000,15,Bengaluru,Karnataka,South,Sneha,
ORD2364,2026-04-01,C0439,Nisha Chauhan,Smartphone,Electronics,7.0,28000.0,22000,5,Delhi,Delhi,North,Neha,Cash
ORD3613,2026-04-12,C0949,Varun Tiwari,Desk,Furniture,5.0,9000.0,6200,5,Ahmedabad,Gujarat,West,Amit,UPI
ORD3825,2026-01-18,C0167,Rohan Patel,Monitor,Electronics,1.0,18000.0,14000,15,Pune,Maharashtra,West,Neha,Debit Card
ORD3042,2026-03-21,C0169,Kavita Agarwal,Desk,Furniture,6.0,9000.0,6200,10,Mumbai,Maharashtra, North ,Neha,Debit Card
ORD1242,2026-06-05,C0313,Neha Joshi,Laptop,Electronics,2.0,55000.0,45000,15,Ahmedabad,Gujarat,West,Priya,Cash
ORD3062,2026-07-21,C0322,Aditya Tiwari,Office Chair,Furniture,4.0,12000.0,8500,20,Hyderabad,Telangana,South,Amit,Debit Card
ORD3364,2026-03-21,C0617,Simran Yadav,Keyboard,Electronics,1.0,1800.0,1100,15,Bhubaneswar,Odisha,East,Ravi,Debit Card
ORD1601,2026-06-08,C0649,Anjali Joshi,Office Chair,Furniture,1.0,12000.0,8500,0,Delhi,Delhi,North,Karan,Debit Card
ORD3436,2026-03-21,C0669,Kavita Sharma,Monitor,Electronics,4.0,18000.0,14000,5,Lucknow,Uttar Pradesh,North,Sneha,UPI
ORD3889,2026-03-29,C0403,Anjali Singh,Smartphone,Electronics,7.0,28000.0,22000,20,Mumbai,Maharashtra,West,Karan,UPI
ORD1647,2026-04-14,C0122,Shreya Kumar,Desk,Furniture,5.0,9000.0,6200,10,Gorakhpur,Uttar Pradesh,North,Amit,Debit Card
ORD4891,2026-02-28,C0454,Kavita Mishra,Monitor,Electronics,6.0,18000.0,14000,5,Pune,Maharashtra,West,Amit,UPI
ORD4557,2026-06-06,C0919,Rohan Saxena,Headphones,Electronics,4.0,3500.0,2200,20,Delhi,Delhi,North,Ravi,UPI
ORD4203,2026-07-14,C0972,Amit Agarwal,Keyboard,Electronics,1.0,1800.0,1100,10,Pune,Maharashtra,West,Sneha,Debit Card
ORD2529,2026-01-01,C0455,Rahul Yadav,Pen Set,Stationery,5.0,250.0,140,10,Mumbai,Maharashtra,West,Ravi,UPI
ORD2268,2026-02-20,C0677,Ravi Patel,Notebook,Stationery,1.0,120.0,65,10,Pune,Maharashtra,West,Karan,Net Banking
ORD2900,2026-04-22,C0792,Vikas Singh,Headphones,Electronics,4.0,3500.0,2200,20,Jaipur,Rajasthan,North,Ravi,UPI
ORD5659,2026-02-22,C0129,Ravi Kumar,Laptop,Electronics,2.0,55000.0,45000,20,Kolkata,West Bengal,East,Amit,Debit Card
ORD4006,2026-05-22,C0805,Ravi Chauhan,Keyboard,Electronics,4.0,1800.0,1100,0,Mumbai,Maharashtra,West,Neha,Cash
ORD3735,2026-04-22,C0167,Rohan Patel,Pen Set,Stationery,2.0,250.0,140,20,Pune,Maharashtra,West,Karan,Credit Card
ORD1190,2026-06-03,C0253,Aditya Sharma,Monitor,ELECTRONICS,5.0,18000.0,14000,5,Hyderabad,Telangana,South,Amit,Net Banking
ORD2807,2026-05-14,C0133,Kavita Yadav,Pen Set,Stationery,7.0,250.0,140,15,Bhubaneswar,Odisha,East,Ravi,Cash
ORD1976,2026-04-19,C0984,Anjali Agarwal,Keyboard,Electronics,2.0,1800.0,1100,10,Pune,Maharashtra,West,Karan,Debit Card
ORD3748,2026-01-02,C0671,Meera Saxena,Smartphone,Electronics,5.0,28000.0,22000,10,Gorakhpur,Uttar Pradesh,North,Neha,UPI
ORD3048,2026-08-21,C0362,Priya Kumar,Pen Set,Stationery,1.0,250.0,140,20,Gorakhpur,Uttar Pradesh,North,Sneha,Debit Card
ORD3559,2026-07-09,C0886,Rohan Mishra,Laptop,Electronics,3.0,55000.0,45000,5,Chennai,Tamil Nadu,South,Neha,Debit Card
ORD2083,2026-07-01,C0557,Shreya Agarwal,Printer,Electronics,4.0,16000.0,12500,10,Ahmedabad,Gujarat,West,Sneha,Debit Card
ORD1475,2026-01-08,C0609,Kavita Patel,Pen Set,Stationery,1.0,250.0,140,0,Lucknow,Uttar Pradesh,North,Priya,Cash
ORD3905,2026-05-27,C0976,Arjun Sharma,Pen Set,Stationery,5.0,250.0,140,10,Pune,Maharashtra,West,Priya,Credit Card
ORD5844,2026-05-27,C0659,Pooja Singh,Monitor,Electronics,3.0,18000.0,14000,20,Bengaluru,Karnataka,South,Priya,Credit Card
ORD5118,2026-01-16,C0722,Arjun Verma,Smartphone,Electronics,6.0,28000.0,22000,0,Ahmedabad,Gujarat,West,Neha,Cash
ORD4386,2026-02-14,C0290,Shreya Verma,Printer,Electronics,3.0,16000.0,12500,15,Kolkata,West Bengal,East,Priya,Credit Card
ORD5556,2026-08-25,C0026,Kavita Verma,Desk,Furniture,7.0,9000.0,6200,20,Mumbai,Maharashtra,West,Karan,Net Banking
ORD2185,2026-05-18,C0363,Ravi Singh,Laptop,Electronics,3.0,55000.0,45000,10,Bhubaneswar,Odisha,East,Ravi,Debit Card
ORD3434,2026-05-17,C0208,Sneha Verma,Headphones,Electronics,2.0,3500.0,2200,10,Lucknow,Uttar Pradesh,North,Neha,UPI
ORD3392,2026-02-10,C0699,Varun Sharma,Laptop,Electronics,6.0,55000.0,45000,0,Ahmedabad,Gujarat,West,Amit,UPI
ORD1770,2026-03-15,C0964,Vikas Mehta,Keyboard,Electronics,2.0,1800.0,1100,15,Chennai,Tamil Nadu,South,Sneha,Net Banking
ORD2686,2026-04-02,C0539,Manish Gupta,Keyboard,Electronics,1.0,1800.0,1100,5,Gorakhpur,Uttar Pradesh,North,Amit,Debit Card
ORD1131,2026-07-30,C0686,Pooja Gupta,Monitor,Electronics,2.0,18000.0,14000,0,Hyderabad,Telangana,South,Ravi,Cash
ORD3920,2026-06-01,C0808,Rohan Kumar,Printer,ELECTRONICS,3.0,16000.0,12500,0,Pune,Maharashtra,West,Priya,Debit Card
ORD4172,2026-07-12,C0991,Kavita Sharma,Smartphone,Electronics,2.0,28000.0,22000,0,Kolkata,West Bengal,East,Ravi,Cash
ORD4445,2026-06-26,C0015,Rahul Yadav,Printer,Electronics,6.0,16000.0,12500,5,Lucknow,Uttar Pradesh,North,Karan,Cash
ORD5427,2026-04-19,C0098,Manish Gupta,Printer,Electronics,4.0,16000.0,12500,10,Bhubaneswar,Odisha,East,Sneha,Credit Card
ORD1467,2026-06-12,C0150,Meera Yadav,Monitor,Electronics,5.0,18000.0,14000,15,Gorakhpur,Uttar Pradesh,North,Priya,Net Banking
ORD4093,2026-05-30,C0971,Rahul Joshi,Notebook,Stationery,5.0,120.0,65,15,Gorakhpur,Uttar Pradesh,North,Sneha,UPI
ORD4773,2026-06-05,C0128,Aditya Verma,Printer,Electronics,2.0,16000.0,12500,20,Ahmedabad,Gujarat,West,Priya,Net Banking
ORD1861,2026-08-21,C0748,Varun Mehta,Printer,Electronics,3.0,16000.0,12500,20,Hyderabad,Telangana,South,Neha,Debit Card
